﻿Event Index,UTC Timestamp,UTC Date,Local Timestamp,Local Timezone,Local Date,Experiment ID,Experiment Version,Tree Node Key,Repeat Key,Schedule ID,Participant Public ID,Participant Private ID,Participant Starting Group,Participant Status,Participant Completion Code,Participant External Session ID,Participant Device Type,Participant Device,Participant OS,Participant Browser,Participant Monitor Size,Participant Viewport Size,Checkpoint,Task Name,Task Version,randomiser-vvbk,Randomise questionnaire elements?,Question Key,Response
1,1614082350500,23/02/2021 12:12:30,1614082350366,0,23/02/2021 12:12:30,27662,6,questionnaire-aqfs,,10287607,5e1dcb521a938a1356cc585e,3130096,,complete,,6034ee87b928d5d053bf4358,computer,Desktop or Laptop,Mac OS 10.15.6,Safari 14.0.2,1440x900,1440x820,,Hybrid 2 bruno sequence instructions,9,3,No,BEGIN QUESTIONNAIRE,
2,1614082403742,23/02/2021 12:13:23,1614082403660,0,23/02/2021 12:13:23,27662,6,questionnaire-aqfs,,10287607,5e1dcb521a938a1356cc585e,3130096,,complete,,6034ee87b928d5d053bf4358,computer,Desktop or Laptop,Mac OS 10.15.6,Safari 14.0.2,1440x900,1440x820,,Hybrid 2 bruno sequence instructions,9,3,No,END QUESTIONNAIRE,53294
1,1614082353734,23/02/2021 12:12:33,1614082354272,0,23/02/2021 12:12:34,27662,6,questionnaire-aqfs,,10287610,59436f11d8d2690001d0a5b6,3130092,,complete,,6034ee614e9dcba01bf04b7b,computer,Desktop or Laptop,Windows 10,Chrome 88.0.4324.182,1920x1080,1920x969,,Hybrid 2 bruno sequence instructions,9,9,No,BEGIN QUESTIONNAIRE,
2,1614082375596,23/02/2021 12:12:55,1614082376187,0,23/02/2021 12:12:56,27662,6,questionnaire-aqfs,,10287610,59436f11d8d2690001d0a5b6,3130092,,complete,,6034ee614e9dcba01bf04b7b,computer,Desktop or Laptop,Windows 10,Chrome 88.0.4324.182,1920x1080,1903x969,,Hybrid 2 bruno sequence instructions,9,9,No,END QUESTIONNAIRE,21916
1,1614082369116,23/02/2021 12:12:49,1614082368992,0,23/02/2021 12:12:48,27662,6,questionnaire-aqfs,,10287634,5b93a7f81ac7e70001f4adcf,3130070,,complete,,6034edb6048d0c94b3f2f746,computer,Desktop or Laptop,Mac OS 10.14.6,Chrome 88.0.4324.182,1440x900,1440x821,,Hybrid 2 bruno sequence instructions,9,2,No,BEGIN QUESTIONNAIRE,
2,1614082406087,23/02/2021 12:13:26,1614082405994,0,23/02/2021 12:13:25,27662,6,questionnaire-aqfs,,10287634,5b93a7f81ac7e70001f4adcf,3130070,,complete,,6034edb6048d0c94b3f2f746,computer,Desktop or Laptop,Mac OS 10.14.6,Chrome 88.0.4324.182,1440x900,1440x821,,Hybrid 2 bruno sequence instructions,9,2,No,END QUESTIONNAIRE,37003
1,1614082373899,23/02/2021 12:12:53,1614082373848,0,23/02/2021 12:12:53,27662,6,questionnaire-aqfs,,10287637,603432478798ac24b031ff1a,3130074,,complete,,6034ede241aae54f43343699,computer,Desktop or Laptop,Chromium OS 13597.84.0,Chrome 88.0.4324.153,1366x768,1366x617,,Hybrid 2 bruno sequence instructions,9,1,No,BEGIN QUESTIONNAIRE,
2,1614082404461,23/02/2021 12:13:24,1614082404438,0,23/02/2021 12:13:24,27662,6,questionnaire-aqfs,,10287637,603432478798ac24b031ff1a,3130074,,complete,,6034ede241aae54f43343699,computer,Desktop or Laptop,Chromium OS 13597.84.0,Chrome 88.0.4324.153,1366x768,1366x617,,Hybrid 2 bruno sequence instructions,9,1,No,END QUESTIONNAIRE,30590
1,1614082408023,23/02/2021 12:13:28,1614082407937,0,23/02/2021 12:13:27,27662,6,questionnaire-aqfs,,10287673,602172368b05e6143e5f27b7,3130126,,complete,,6034ef2d9723d59d44356af8,computer,Desktop or Laptop,Windows 10,Chrome 88.0.4324.182,1536x864,1536x754,,Hybrid 2 bruno sequence instructions,9,8,No,BEGIN QUESTIONNAIRE,
2,1614082420877,23/02/2021 12:13:40,1614082420826,0,23/02/2021 12:13:40,27662,6,questionnaire-aqfs,,10287673,602172368b05e6143e5f27b7,3130126,,complete,,6034ef2d9723d59d44356af8,computer,Desktop or Laptop,Windows 10,Chrome 88.0.4324.182,1536x864,1519x754,,Hybrid 2 bruno sequence instructions,9,8,No,END QUESTIONNAIRE,12889
1,1614082460650,23/02/2021 12:14:20,1614082459354,0,23/02/2021 12:14:19,27662,6,questionnaire-aqfs,,10287716,5ecd6f1b2fc9cb0cc4953e94,3130099,,complete,,6034ee9045a1c1dd5ba6ec88,computer,Desktop or Laptop,Windows 10,Chrome 88.0.4324.182,1536x864,1536x722,,Hybrid 2 bruno sequence instructions,9,1,No,BEGIN QUESTIONNAIRE,
2,1614082468760,23/02/2021 12:14:28,1614082467480,0,23/02/2021 12:14:27,27662,6,questionnaire-aqfs,,10287716,5ecd6f1b2fc9cb0cc4953e94,3130099,,complete,,6034ee9045a1c1dd5ba6ec88,computer,Desktop or Laptop,Windows 10,Chrome 88.0.4324.182,1536x864,1519x722,,Hybrid 2 bruno sequence instructions,9,1,No,END QUESTIONNAIRE,8126
1,1614082513032,23/02/2021 12:15:13,1614082512922,0,23/02/2021 12:15:12,27662,6,questionnaire-aqfs,,10287754,5ea09792b92a6d072f0aa4a7,3130072,,complete,,6034edd66a2ca9dafb7990d6,computer,Desktop or Laptop,Windows 10,Chrome 88.0.4324.182,1920x1080,1920x937,,Hybrid 2 bruno sequence instructions,9,7,No,BEGIN QUESTIONNAIRE,
2,1614082603985,23/02/2021 12:16:43,1614082603917,0,23/02/2021 12:16:43,27662,6,questionnaire-aqfs,,10287754,5ea09792b92a6d072f0aa4a7,3130072,,complete,,6034edd66a2ca9dafb7990d6,computer,Desktop or Laptop,Windows 10,Chrome 88.0.4324.182,1920x1080,1903x937,,Hybrid 2 bruno sequence instructions,9,7,No,END QUESTIONNAIRE,90995
1,1614082592858,23/02/2021 12:16:32,1614082592774,0,23/02/2021 12:16:32,27662,6,questionnaire-aqfs,,10287810,5fb5d9567d4bab1d74b3cb52,3130129,,complete,,6034ef327467a45139cf3e2b,computer,Desktop or Laptop,Mac OS 10.14.6,Chrome 88.0.4324.150,1280x800,1280x666,,Hybrid 2 bruno sequence instructions,9,8,No,BEGIN QUESTIONNAIRE,
2,1614082693668,23/02/2021 12:18:13,1614082693602,0,23/02/2021 12:18:13,27662,6,questionnaire-aqfs,,10287810,5fb5d9567d4bab1d74b3cb52,3130129,,complete,,6034ef327467a45139cf3e2b,computer,Desktop or Laptop,Mac OS 10.14.6,Chrome 88.0.4324.150,1280x800,1280x666,,Hybrid 2 bruno sequence instructions,9,8,No,END QUESTIONNAIRE,100828
1,1614082719391,23/02/2021 12:18:39,1614082719338,0,23/02/2021 12:18:39,27662,6,questionnaire-aqfs,,10287878,5983681d55a18000013388f9,3130166,,complete,,6034efeaed5bbcd318d185e3,computer,Desktop or Laptop,Mac OS 10.15.6,Safari 14.0.3,1440x900,1110x719,,Hybrid 2 bruno sequence instructions,9,3,No,BEGIN QUESTIONNAIRE,
2,1614082752009,23/02/2021 12:19:12,1614082751943,0,23/02/2021 12:19:11,27662,6,questionnaire-aqfs,,10287878,5983681d55a18000013388f9,3130166,,complete,,6034efeaed5bbcd318d185e3,computer,Desktop or Laptop,Mac OS 10.15.6,Safari 14.0.3,1440x900,1110x719,,Hybrid 2 bruno sequence instructions,9,3,No,END QUESTIONNAIRE,32605
1,1614082755411,23/02/2021 12:19:15,1614082755311,0,23/02/2021 12:19:15,27662,6,questionnaire-aqfs,,10287905,5bc3a0bd44b393000103d6ff,3130178,,complete,,6034f034dd02943c69c2b805,computer,Desktop or Laptop,Mac OS 10.13.6,Safari 13.1.2,1440x900,1440x837,,Hybrid 2 bruno sequence instructions,9,3,No,BEGIN QUESTIONNAIRE,
2,1614082766953,23/02/2021 12:19:26,1614082766899,0,23/02/2021 12:19:26,27662,6,questionnaire-aqfs,,10287905,5bc3a0bd44b393000103d6ff,3130178,,complete,,6034f034dd02943c69c2b805,computer,Desktop or Laptop,Mac OS 10.13.6,Safari 13.1.2,1440x900,1425x837,,Hybrid 2 bruno sequence instructions,9,3,No,END QUESTIONNAIRE,11588
1,1614082774253,23/02/2021 12:19:34,1614082779145,0,23/02/2021 12:19:39,27662,6,questionnaire-aqfs,,10287918,60284f4bf85f46707feee17a,3130208,,complete,,6034f08a85e3ac80d4cd3b74,computer,Desktop or Laptop,Windows 10,Firefox 85.0,1920x1080,1920x966,,Hybrid 2 bruno sequence instructions,9,7,No,BEGIN QUESTIONNAIRE,
2,1614082781959,23/02/2021 12:19:41,1614082786881,0,23/02/2021 12:19:46,27662,6,questionnaire-aqfs,,10287918,60284f4bf85f46707feee17a,3130208,,complete,,6034f08a85e3ac80d4cd3b74,computer,Desktop or Laptop,Windows 10,Firefox 85.0,1920x1080,1903x966,,Hybrid 2 bruno sequence instructions,9,7,No,END QUESTIONNAIRE,7736
1,1614082781272,23/02/2021 12:19:41,1614082779723,0,23/02/2021 12:19:39,27662,6,questionnaire-aqfs,,10287924,5d442ba693066e00185a44d6,3130190,,complete,,6034f05d05c8d9f173c588b6,computer,Desktop or Laptop,Windows 10,Chrome 88.0.4324.182,1920x1080,1920x937,,Hybrid 2 bruno sequence instructions,9,6,No,BEGIN QUESTIONNAIRE,
2,1614082839105,23/02/2021 12:20:39,1614082837781,0,23/02/2021 12:20:37,27662,6,questionnaire-aqfs,,10287924,5d442ba693066e00185a44d6,3130190,,complete,,6034f05d05c8d9f173c588b6,computer,Desktop or Laptop,Windows 10,Chrome 88.0.4324.182,1920x1080,1903x937,,Hybrid 2 bruno sequence instructions,9,6,No,END QUESTIONNAIRE,58058
1,1614082813929,23/02/2021 12:20:13,1614082813442,0,23/02/2021 12:20:13,27662,6,questionnaire-aqfs,,10287938,602b99f24403b32f6a74c355,3130135,,complete,,6034ef0a0ead82ffbb212c19,computer,Desktop or Laptop,Windows 10,Chrome 88.0.4324.182,1920x1080,1920x937,,Hybrid 2 bruno sequence instructions,9,7,No,BEGIN QUESTIONNAIRE,
2,1614082933367,23/02/2021 12:22:13,1614082932883,0,23/02/2021 12:22:12,27662,6,questionnaire-aqfs,,10287938,602b99f24403b32f6a74c355,3130135,,complete,,6034ef0a0ead82ffbb212c19,computer,Desktop or Laptop,Windows 10,Chrome 88.0.4324.182,1920x1080,1903x937,,Hybrid 2 bruno sequence instructions,9,7,No,END QUESTIONNAIRE,119441
1,1614082821670,23/02/2021 12:20:21,1614082822137,0,23/02/2021 12:20:22,27662,6,questionnaire-aqfs,,10287943,5adde94be2ceee00010fcb4d,3130233,,complete,,6034f0ea7b000ecfa26ba312,computer,Desktop or Laptop,Windows 10,Chrome 88.0.4324.182,1920x1080,1920x937,,Hybrid 2 bruno sequence instructions,9,7,No,BEGIN QUESTIONNAIRE,
2,1614082880093,23/02/2021 12:21:20,1614082880613,0,23/02/2021 12:21:20,27662,6,questionnaire-aqfs,,10287943,5adde94be2ceee00010fcb4d,3130233,,complete,,6034f0ea7b000ecfa26ba312,computer,Desktop or Laptop,Windows 10,Chrome 88.0.4324.182,1920x1080,1903x937,,Hybrid 2 bruno sequence instructions,9,7,No,END QUESTIONNAIRE,58476
1,1614082857256,23/02/2021 12:20:57,1614082857299,0,23/02/2021 12:20:57,27662,6,questionnaire-aqfs,,10287965,5f4576f6d372e717986fbade,3130203,,complete,,6034f080a76e1dc5ae92075c,computer,Desktop or Laptop,Windows 10,Chrome 88.0.4324.182,1366x768,1366x625,,Hybrid 2 bruno sequence instructions,9,8,No,BEGIN QUESTIONNAIRE,
2,1614082867270,23/02/2021 12:21:07,1614082867357,0,23/02/2021 12:21:07,27662,6,questionnaire-aqfs,,10287965,5f4576f6d372e717986fbade,3130203,,complete,,6034f080a76e1dc5ae92075c,computer,Desktop or Laptop,Windows 10,Chrome 88.0.4324.182,1366x768,1349x625,,Hybrid 2 bruno sequence instructions,9,8,No,END QUESTIONNAIRE,10059
1,1614082874177,23/02/2021 12:21:14,1614082874247,0,23/02/2021 12:21:14,27662,6,questionnaire-aqfs,,10287978,5efc2caad0cd4d1e58f09e3e,3130213,,complete,,6034f091addbcb9594c7eb3d,computer,Desktop or Laptop,Mac OS 10.10.5,Chrome 87.0.4280.88,1440x900,1440x788,,Hybrid 2 bruno sequence instructions,9,6,No,BEGIN QUESTIONNAIRE,
2,1614082943127,23/02/2021 12:22:23,1614082943206,0,23/02/2021 12:22:23,27662,6,questionnaire-aqfs,,10287978,5efc2caad0cd4d1e58f09e3e,3130213,,complete,,6034f091addbcb9594c7eb3d,computer,Desktop or Laptop,Mac OS 10.10.5,Chrome 87.0.4280.88,1440x900,1440x788,,Hybrid 2 bruno sequence instructions,9,6,No,END QUESTIONNAIRE,68959
1,1614082880733,23/02/2021 12:21:20,1614082814956,0,23/02/2021 12:20:14,27662,6,questionnaire-aqfs,,10287979,58d283fcbfaa440001d1f097,3130154,,complete,,6034efb870ec734bdf770e2f,computer,Desktop or Laptop,Windows 7,Firefox 85.0,1280x1024,1272x865,,Hybrid 2 bruno sequence instructions,9,2,No,BEGIN QUESTIONNAIRE,
2,1614082905818,23/02/2021 12:21:45,1614082840082,0,23/02/2021 12:20:40,27662,6,questionnaire-aqfs,,10287979,58d283fcbfaa440001d1f097,3130154,,complete,,6034efb870ec734bdf770e2f,computer,Desktop or Laptop,Windows 7,Firefox 85.0,1280x1024,1255x865,,Hybrid 2 bruno sequence instructions,9,2,No,END QUESTIONNAIRE,25126
1,1614082889220,23/02/2021 12:21:29,1614082889147,0,23/02/2021 12:21:29,27662,6,questionnaire-aqfs,,10287986,5b7da2499fcd3c000118f680,3130241,,complete,,6034f1075c8d479bc298177a,computer,Desktop or Laptop,Mac OS 10.15.6,Safari 14.0.2,1440x900,1324x727,,Hybrid 2 bruno sequence instructions,9,3,No,BEGIN QUESTIONNAIRE,
2,1614082910765,23/02/2021 12:21:50,1614082910717,0,23/02/2021 12:21:50,27662,6,questionnaire-aqfs,,10287986,5b7da2499fcd3c000118f680,3130241,,complete,,6034f1075c8d479bc298177a,computer,Desktop or Laptop,Mac OS 10.15.6,Safari 14.0.2,1440x900,1324x727,,Hybrid 2 bruno sequence instructions,9,3,No,END QUESTIONNAIRE,21570
1,1614082921919,23/02/2021 12:22:01,1614082911962,0,23/02/2021 12:21:51,27662,6,questionnaire-aqfs,,10288011,5ebd791a7cba9305f147ed96,3130226,,complete,,6034f0df9d03027bd0a21c3c,computer,Desktop or Laptop,Windows 10,Chrome 88.0.4324.182,1536x864,1536x722,,Hybrid 2 bruno sequence instructions,9,2,No,BEGIN QUESTIONNAIRE,
2,1614082998564,23/02/2021 12:23:18,1614082988645,0,23/02/2021 12:23:08,27662,6,questionnaire-aqfs,,10288011,5ebd791a7cba9305f147ed96,3130226,,complete,,6034f0df9d03027bd0a21c3c,computer,Desktop or Laptop,Windows 10,Chrome 88.0.4324.182,1536x864,1519x722,,Hybrid 2 bruno sequence instructions,9,2,No,END QUESTIONNAIRE,76683
1,1614082923613,23/02/2021 12:22:03,1614082923461,0,23/02/2021 12:22:03,27662,6,questionnaire-aqfs,,10288013,5e682f7b30914f0ed798df97,3130206,,complete,,6034f063b9a6f9c9b44dcc26,computer,Desktop or Laptop,Mac OS 10.13.6,Safari 13.1.1,1280x800,1280x649,,Hybrid 2 bruno sequence instructions,9,9,No,BEGIN QUESTIONNAIRE,
2,1614082969803,23/02/2021 12:22:49,1614082969706,0,23/02/2021 12:22:49,27662,6,questionnaire-aqfs,,10288013,5e682f7b30914f0ed798df97,3130206,,complete,,6034f063b9a6f9c9b44dcc26,computer,Desktop or Laptop,Mac OS 10.13.6,Safari 13.1.1,1280x800,1280x649,,Hybrid 2 bruno sequence instructions,9,9,No,END QUESTIONNAIRE,46246
1,1614082927378,23/02/2021 12:22:07,1614082927284,0,23/02/2021 12:22:07,27662,6,questionnaire-aqfs,,10288015,5eee0dc4b02df0070d4e7683,3130238,,complete,,6034f0b39dd7b80521d53b49,computer,Desktop or Laptop,Windows 10,Chrome 88.0.4324.182,1500x1000,1500x890,,Hybrid 2 bruno sequence instructions,9,4,No,BEGIN QUESTIONNAIRE,
2,1614082949257,23/02/2021 12:22:29,1614082949199,0,23/02/2021 12:22:29,27662,6,questionnaire-aqfs,,10288015,5eee0dc4b02df0070d4e7683,3130238,,complete,,6034f0b39dd7b80521d53b49,computer,Desktop or Laptop,Windows 10,Chrome 88.0.4324.182,1500x1000,1483x890,,Hybrid 2 bruno sequence instructions,9,4,No,END QUESTIONNAIRE,21915
1,1614082965490,23/02/2021 12:22:45,1614082965096,0,23/02/2021 12:22:45,27662,6,questionnaire-aqfs,,10288034,5ff0a3ff116bbf440e520989,3130240,,complete,,6034f1044201acde455dd005,computer,Desktop or Laptop,Mac OS 11.2.0,Chrome 88.0.4324.182,1440x900,1440x789,,Hybrid 2 bruno sequence instructions,9,4,No,BEGIN QUESTIONNAIRE,
2,1614083041855,23/02/2021 12:24:01,1614083041482,0,23/02/2021 12:24:01,27662,6,questionnaire-aqfs,,10288034,5ff0a3ff116bbf440e520989,3130240,,complete,,6034f1044201acde455dd005,computer,Desktop or Laptop,Mac OS 11.2.0,Chrome 88.0.4324.182,1440x900,1440x789,,Hybrid 2 bruno sequence instructions,9,4,No,END QUESTIONNAIRE,76386
1,1614082970386,23/02/2021 12:22:50,1614082971724,0,23/02/2021 12:22:51,27662,6,questionnaire-aqfs,,10288036,5e33190a5a41122e93c40989,3130144,,complete,,6034ef8bf4d0d987790b30f5,computer,Desktop or Laptop,Windows 10,Chrome 88.0.4324.182,1536x864,1536x722,,Hybrid 2 bruno sequence instructions,9,9,No,BEGIN QUESTIONNAIRE,
2,1614083046507,23/02/2021 12:24:06,1614083047871,0,23/02/2021 12:24:07,27662,6,questionnaire-aqfs,,10288036,5e33190a5a41122e93c40989,3130144,,complete,,6034ef8bf4d0d987790b30f5,computer,Desktop or Laptop,Windows 10,Chrome 88.0.4324.182,1536x864,1519x722,,Hybrid 2 bruno sequence instructions,9,9,No,END QUESTIONNAIRE,76148
1,1614082972772,23/02/2021 12:22:52,1614082972931,0,23/02/2021 12:22:52,27662,6,questionnaire-aqfs,,10288038,5f0c74994f616109c2ad55b4,3130277,,complete,,6034f12bcb429254e07a2e88,computer,Desktop or Laptop,Windows 10,Firefox 85.0,1920x1080,1920x938,,Hybrid 2 bruno sequence instructions,9,3,No,BEGIN QUESTIONNAIRE,
2,1614083030520,23/02/2021 12:23:50,1614083030720,0,23/02/2021 12:23:50,27662,6,questionnaire-aqfs,,10288038,5f0c74994f616109c2ad55b4,3130277,,complete,,6034f12bcb429254e07a2e88,computer,Desktop or Laptop,Windows 10,Firefox 85.0,1920x1080,1903x938,,Hybrid 2 bruno sequence instructions,9,3,No,END QUESTIONNAIRE,57789
1,1614083040206,23/02/2021 12:24:00,1614083172658,0,23/02/2021 12:26:12,27662,6,questionnaire-aqfs,,10288069,5f271b38fe6a6c02cc8978d9,3130235,,complete,,6034f0f4e29d69b34ddc165d,computer,Desktop or Laptop,Windows 10,Chrome 88.0.4324.182,1280x720,1280x616,,Hybrid 2 bruno sequence instructions,9,4,No,BEGIN QUESTIONNAIRE,
2,1614083046060,23/02/2021 12:24:06,1614083178570,0,23/02/2021 12:26:18,27662,6,questionnaire-aqfs,,10288069,5f271b38fe6a6c02cc8978d9,3130235,,complete,,6034f0f4e29d69b34ddc165d,computer,Desktop or Laptop,Windows 10,Chrome 88.0.4324.182,1280x720,1263x616,,Hybrid 2 bruno sequence instructions,9,4,No,END QUESTIONNAIRE,5912
1,1614083069890,23/02/2021 12:24:29,1614083071312,0,23/02/2021 12:24:31,27662,6,questionnaire-aqfs,,10288087,602e55534bcf0296e84203fd,3130188,,complete,,6034f037cf20b8b3cdb7de94,computer,Desktop or Laptop,Mac OS 10.11.6,Chrome 83.0.4103.97,1280x800,1280x721,,Hybrid 2 bruno sequence instructions,9,9,No,BEGIN QUESTIONNAIRE,
2,1614083139670,23/02/2021 12:25:39,1614083141100,0,23/02/2021 12:25:41,27662,6,questionnaire-aqfs,,10288087,602e55534bcf0296e84203fd,3130188,,complete,,6034f037cf20b8b3cdb7de94,computer,Desktop or Laptop,Mac OS 10.11.6,Chrome 83.0.4103.97,1280x800,1280x721,,Hybrid 2 bruno sequence instructions,9,9,No,END QUESTIONNAIRE,69788
1,1614083088430,23/02/2021 12:24:48,1614083079559,0,23/02/2021 12:24:39,27662,6,questionnaire-aqfs,,10288091,5eb5a9558c81f60d7bf66c83,3130131,,complete,,6034ef40875cc09c094504dd,computer,Desktop or Laptop,Windows 10,Edge 88.0.705.74,1366x768,1242x597,,Hybrid 2 bruno sequence instructions,9,6,No,BEGIN QUESTIONNAIRE,
2,1614083197146,23/02/2021 12:26:37,1614083188660,0,23/02/2021 12:26:28,27662,6,questionnaire-aqfs,,10288091,5eb5a9558c81f60d7bf66c83,3130131,,complete,,6034ef40875cc09c094504dd,computer,Desktop or Laptop,Windows 10,Edge 88.0.705.74,1366x768,1226x597,,Hybrid 2 bruno sequence instructions,9,6,No,END QUESTIONNAIRE,109101
1,1614083160144,23/02/2021 12:26:00,1614083162094,0,23/02/2021 12:26:02,27662,6,questionnaire-aqfs,,10288127,5f0856dbffe90703c92542eb,3130252,,complete,,6034f13517e75e98cc4fa7ae,computer,Desktop or Laptop,Windows 10,Chrome 88.0.4324.182,1440x960,1440x818,,Hybrid 2 bruno sequence instructions,9,1,No,BEGIN QUESTIONNAIRE,
2,1614083204367,23/02/2021 12:26:44,1614083206365,0,23/02/2021 12:26:46,27662,6,questionnaire-aqfs,,10288127,5f0856dbffe90703c92542eb,3130252,,complete,,6034f13517e75e98cc4fa7ae,computer,Desktop or Laptop,Windows 10,Chrome 88.0.4324.182,1440x960,1423x818,,Hybrid 2 bruno sequence instructions,9,1,No,END QUESTIONNAIRE,44271
1,1614083178153,23/02/2021 12:26:18,1614083178624,0,23/02/2021 12:26:18,27662,6,questionnaire-aqfs,,10288135,5f23cda9d12b451b7da3e09d,3130251,,complete,,6034f141d56e61c659102c89,computer,Desktop or Laptop,Chromium OS 13597.66.0,Chrome 88.0.4324.109,1366x768,1366x649,,Hybrid 2 bruno sequence instructions,9,10,No,BEGIN QUESTIONNAIRE,
2,1614083211339,23/02/2021 12:26:51,1614083211975,0,23/02/2021 12:26:51,27662,6,questionnaire-aqfs,,10288135,5f23cda9d12b451b7da3e09d,3130251,,complete,,6034f141d56e61c659102c89,computer,Desktop or Laptop,Chromium OS 13597.66.0,Chrome 88.0.4324.109,1366x768,1366x649,,Hybrid 2 bruno sequence instructions,9,10,No,END QUESTIONNAIRE,33352
1,1614083184866,23/02/2021 12:26:24,1614083184555,0,23/02/2021 12:26:24,27662,6,questionnaire-aqfs,,10288137,5e3f1c2a09a114176f7808ad,3130214,,complete,,6034f090b00dfedf69e18106,computer,Desktop or Laptop,Windows 10,Firefox 85.0,1366x768,1366x654,,Hybrid 2 bruno sequence instructions,9,9,No,BEGIN QUESTIONNAIRE,
2,1614083231819,23/02/2021 12:27:11,1614083231540,0,23/02/2021 12:27:11,27662,6,questionnaire-aqfs,,10288137,5e3f1c2a09a114176f7808ad,3130214,,complete,,6034f090b00dfedf69e18106,computer,Desktop or Laptop,Windows 10,Firefox 85.0,1366x768,1349x654,,Hybrid 2 bruno sequence instructions,9,9,No,END QUESTIONNAIRE,46985
1,1614083220723,23/02/2021 12:27:00,1614083223614,0,23/02/2021 12:27:03,27662,6,questionnaire-aqfs,,10288156,5b0c6579d282ff00015b8c7f,3130196,,complete,,6034f065875cc09c094504e6,computer,Desktop or Laptop,Windows 10,Firefox 85.0,1536x864,1536x750,,Hybrid 2 bruno sequence instructions,9,7,No,BEGIN QUESTIONNAIRE,
2,1614083284075,23/02/2021 12:28:04,1614083286986,0,23/02/2021 12:28:06,27662,6,questionnaire-aqfs,,10288156,5b0c6579d282ff00015b8c7f,3130196,,complete,,6034f065875cc09c094504e6,computer,Desktop or Laptop,Windows 10,Firefox 85.0,1536x864,1519x750,,Hybrid 2 bruno sequence instructions,9,7,No,END QUESTIONNAIRE,63372
1,1614083278916,23/02/2021 12:27:58,1614083279553,0,23/02/2021 12:27:59,27662,6,questionnaire-aqfs,,10288179,602faa786e51bacb8584e23b,3130231,,complete,,6034f0e9e599549d49ec39a9,computer,Desktop or Laptop,Windows 10,Chrome 88.0.4324.182,1500x1000,1500x868,,Hybrid 2 bruno sequence instructions,9,4,No,BEGIN QUESTIONNAIRE,
2,1614083347214,23/02/2021 12:29:07,1614083347898,0,23/02/2021 12:29:07,27662,6,questionnaire-aqfs,,10288179,602faa786e51bacb8584e23b,3130231,,complete,,6034f0e9e599549d49ec39a9,computer,Desktop or Laptop,Windows 10,Chrome 88.0.4324.182,1500x1000,1483x868,,Hybrid 2 bruno sequence instructions,9,4,No,END QUESTIONNAIRE,68345
1,1614083315560,23/02/2021 12:28:35,1614083315454,0,23/02/2021 12:28:35,27662,6,questionnaire-aqfs,,10288194,57311f25070de6000e42c711,3130295,,complete,,6034f216b00dfedf69e1811a,computer,Desktop or Laptop,Mac OS 10.13.6,Chrome 88.0.4324.182,1280x800,1280x629,,Hybrid 2 bruno sequence instructions,9,6,No,BEGIN QUESTIONNAIRE,
2,1614083342983,23/02/2021 12:29:02,1614083342905,0,23/02/2021 12:29:02,27662,6,questionnaire-aqfs,,10288194,57311f25070de6000e42c711,3130295,,complete,,6034f216b00dfedf69e1811a,computer,Desktop or Laptop,Mac OS 10.13.6,Chrome 88.0.4324.182,1280x800,1265x629,,Hybrid 2 bruno sequence instructions,9,6,No,END QUESTIONNAIRE,27451
1,1614083396195,23/02/2021 12:29:56,1614083396066,0,23/02/2021 12:29:56,27662,6,questionnaire-aqfs,,10288234,5f0f2119bc44f507bdbce820,3130169,,complete,,6034ef5f9a19a86e724751a0,computer,Desktop or Laptop,Mac OS 10.13.6,Chrome 88.0.4324.150,2560x1440,2282x1146,,Hybrid 2 bruno sequence instructions,9,5,No,BEGIN QUESTIONNAIRE,
2,1614083508136,23/02/2021 12:31:48,1614083508057,0,23/02/2021 12:31:48,27662,6,questionnaire-aqfs,,10288234,5f0f2119bc44f507bdbce820,3130169,,complete,,6034ef5f9a19a86e724751a0,computer,Desktop or Laptop,Mac OS 10.13.6,Chrome 88.0.4324.150,2560x1440,2282x1146,,Hybrid 2 bruno sequence instructions,9,5,No,END QUESTIONNAIRE,111991
1,1614083491723,23/02/2021 12:31:31,1614083491516,0,23/02/2021 12:31:31,27662,6,questionnaire-aqfs,,10288286,5f0c534291111659bbd90545,3130289,,complete,,6034f1c6b00dfedf69e18118,computer,Desktop or Laptop,Windows 10,Chrome 88.0.4324.182,1500x1000,1500x858,,Hybrid 2 bruno sequence instructions,9,4,No,BEGIN QUESTIONNAIRE,
2,1614083517971,23/02/2021 12:31:57,1614083517820,0,23/02/2021 12:31:57,27662,6,questionnaire-aqfs,,10288286,5f0c534291111659bbd90545,3130289,,complete,,6034f1c6b00dfedf69e18118,computer,Desktop or Laptop,Windows 10,Chrome 88.0.4324.182,1500x1000,1483x858,,Hybrid 2 bruno sequence instructions,9,4,No,END QUESTIONNAIRE,26305
1,1614083549577,23/02/2021 12:32:29,1614083550284,0,23/02/2021 12:32:30,27662,6,questionnaire-aqfs,,10288318,5f887bd3be113000097fe17f,3130292,,complete,,6034f14a5d0662510fc7bb29,computer,Desktop or Laptop,Windows 10,Chrome 88.0.4324.182,1366x768,1366x568,,Hybrid 2 bruno sequence instructions,9,2,No,BEGIN QUESTIONNAIRE,
2,1614083559675,23/02/2021 12:32:39,1614083560325,0,23/02/2021 12:32:40,27662,6,questionnaire-aqfs,,10288318,5f887bd3be113000097fe17f,3130292,,complete,,6034f14a5d0662510fc7bb29,computer,Desktop or Laptop,Windows 10,Chrome 88.0.4324.182,1366x768,1349x568,,Hybrid 2 bruno sequence instructions,9,2,No,END QUESTIONNAIRE,10041
1,1614083606962,23/02/2021 12:33:26,1614083606092,0,23/02/2021 12:33:26,27662,6,questionnaire-aqfs,,10288332,5dc75c757d73505457af3314,3130278,,complete,,6034f16eb4c00c555e5bc9b1,computer,Desktop or Laptop,Windows 10,Chrome 88.0.4324.182,1920x1080,1920x937,,Hybrid 2 bruno sequence instructions,9,2,No,BEGIN QUESTIONNAIRE,
2,1614083655822,23/02/2021 12:34:15,1614083655045,0,23/02/2021 12:34:15,27662,6,questionnaire-aqfs,,10288332,5dc75c757d73505457af3314,3130278,,complete,,6034f16eb4c00c555e5bc9b1,computer,Desktop or Laptop,Windows 10,Chrome 88.0.4324.182,1920x1080,1903x937,,Hybrid 2 bruno sequence instructions,9,2,No,END QUESTIONNAIRE,48953
1,1614083652637,23/02/2021 12:34:12,1614083648384,0,23/02/2021 12:34:08,27662,6,questionnaire-aqfs,,10288356,5f639c790587d90a90b8d3d8,3130308,,complete,,6034f26fc93bff2f2e56757d,computer,Desktop or Laptop,Mac OS 10.15.6,Safari 14.0.3,834x1112,1112x731,,Hybrid 2 bruno sequence instructions,9,5,No,BEGIN QUESTIONNAIRE,
2,1614083721145,23/02/2021 12:35:21,1614083716803,0,23/02/2021 12:35:16,27662,6,questionnaire-aqfs,,10288356,5f639c790587d90a90b8d3d8,3130308,,complete,,6034f26fc93bff2f2e56757d,computer,Desktop or Laptop,Mac OS 10.15.6,Safari 14.0.3,834x1112,1112x731,,Hybrid 2 bruno sequence instructions,9,5,No,END QUESTIONNAIRE,68419
1,1614083788703,23/02/2021 12:36:28,1614083788620,0,23/02/2021 12:36:28,27662,6,questionnaire-aqfs,,10288405,5f668a416b792f26ef5ea974,3130263,,complete,,6034f16a6469c93fd79d13d7,computer,Desktop or Laptop,Mac OS 10.15.7,Safari 14.0.2,1680x1050,1256x899,,Hybrid 2 bruno sequence instructions,9,10,No,BEGIN QUESTIONNAIRE,
2,1614083836518,23/02/2021 12:37:16,1614083836479,0,23/02/2021 12:37:16,27662,6,questionnaire-aqfs,,10288405,5f668a416b792f26ef5ea974,3130263,,complete,,6034f16a6469c93fd79d13d7,computer,Desktop or Laptop,Mac OS 10.15.7,Safari 14.0.2,1680x1050,1256x899,,Hybrid 2 bruno sequence instructions,9,10,No,END QUESTIONNAIRE,47859
1,1614083891427,23/02/2021 12:38:11,1614083891339,0,23/02/2021 12:38:11,27662,6,questionnaire-aqfs,,10288446,5c9a8410f91d4b000106141b,3130245,,complete,,6034f127f200cf0c9c3a19a4,computer,Desktop or Laptop,Windows 10,Chrome 87.0.4280.66,1920x1080,1920x937,,Hybrid 2 bruno sequence instructions,9,5,No,BEGIN QUESTIONNAIRE,
2,1614083983556,23/02/2021 12:39:43,1614083983307,0,23/02/2021 12:39:43,27662,6,questionnaire-aqfs,,10288446,5c9a8410f91d4b000106141b,3130245,,complete,,6034f127f200cf0c9c3a19a4,computer,Desktop or Laptop,Windows 10,Chrome 87.0.4280.66,1920x1080,1903x937,,Hybrid 2 bruno sequence instructions,9,5,No,END QUESTIONNAIRE,91968
1,1614083989484,23/02/2021 12:39:49,1614083989375,0,23/02/2021 12:39:49,27662,6,questionnaire-aqfs,,10288478,5e42a6f012145b000abd2b14,3130318,,complete,,6034f0c4487b4aabb4b7c8df,computer,Desktop or Laptop,Windows 10,Chrome 88.0.4324.190,1366x768,1366x657,,Hybrid 2 bruno sequence instructions,9,5,No,BEGIN QUESTIONNAIRE,
2,1614084062318,23/02/2021 12:41:02,1614084062200,0,23/02/2021 12:41:02,27662,6,questionnaire-aqfs,,10288478,5e42a6f012145b000abd2b14,3130318,,complete,,6034f0c4487b4aabb4b7c8df,computer,Desktop or Laptop,Windows 10,Chrome 88.0.4324.190,1366x768,1349x657,,Hybrid 2 bruno sequence instructions,9,5,No,END QUESTIONNAIRE,72825
1,1614084194274,23/02/2021 12:43:14,1614084193699,0,23/02/2021 12:43:13,27662,6,questionnaire-aqfs,,10288570,5ff2ec49cb7697815e8c23a3,3130280,,complete,,6034f11b5f3b2ba31443c03d,computer,Desktop or Laptop,Chromium OS 13597.84.0,Chrome 88.0.4324.153,1366x768,1366x617,,Hybrid 2 bruno sequence instructions,9,10,No,BEGIN QUESTIONNAIRE,
2,1614084208972,23/02/2021 12:43:28,1614084208401,0,23/02/2021 12:43:28,27662,6,questionnaire-aqfs,,10288570,5ff2ec49cb7697815e8c23a3,3130280,,complete,,6034f11b5f3b2ba31443c03d,computer,Desktop or Laptop,Chromium OS 13597.84.0,Chrome 88.0.4324.153,1366x768,1366x617,,Hybrid 2 bruno sequence instructions,9,10,No,END QUESTIONNAIRE,14702
1,1614084249293,23/02/2021 12:44:09,1614084249306,0,23/02/2021 12:44:09,27662,6,questionnaire-aqfs,,10288597,5705083cde5095000a18915a,3130247,,complete,,6034f12d763d5ff40d93e57f,computer,Desktop or Laptop,Windows 10,Chrome 88.0.4324.182,1366x768,1325x585,,Hybrid 2 bruno sequence instructions,9,10,No,BEGIN QUESTIONNAIRE,
2,1614084313589,23/02/2021 12:45:13,1614084313496,0,23/02/2021 12:45:13,27662,6,questionnaire-aqfs,,10288597,5705083cde5095000a18915a,3130247,,complete,,6034f12d763d5ff40d93e57f,computer,Desktop or Laptop,Windows 10,Chrome 88.0.4324.182,1366x768,1308x585,,Hybrid 2 bruno sequence instructions,9,10,No,END QUESTIONNAIRE,64191
1,1614084254061,23/02/2021 12:44:14,1614084261544,0,23/02/2021 12:44:21,27662,6,questionnaire-aqfs,,10288600,5ea0364e2ea3be04b508efff,3130258,,complete,,6034f1534578f19b39e82b5a,computer,Desktop or Laptop,Windows 10,Chrome 88.0.4324.182,1280x1024,1280x872,,Hybrid 2 bruno sequence instructions,9,1,No,BEGIN QUESTIONNAIRE,
2,1614084266336,23/02/2021 12:44:26,1614084273773,0,23/02/2021 12:44:33,27662,6,questionnaire-aqfs,,10288600,5ea0364e2ea3be04b508efff,3130258,,complete,,6034f1534578f19b39e82b5a,computer,Desktop or Laptop,Windows 10,Chrome 88.0.4324.182,1280x1024,1263x872,,Hybrid 2 bruno sequence instructions,9,1,No,END QUESTIONNAIRE,12229
1,1614086056303,23/02/2021 13:14:16,1614086054891,0,23/02/2021 13:14:14,27662,6,questionnaire-aqfs,,10289737,5e99b08a24927e000a418025,3130253,,complete,,6034f11c81561e28e49bf3d3,computer,Desktop or Laptop,Windows 10,Edge 88.0.705.74,1366x768,1301x626,,Hybrid 2 bruno sequence instructions,9,8,No,BEGIN QUESTIONNAIRE,
2,1614086092312,23/02/2021 13:14:52,1614086090919,0,23/02/2021 13:14:50,27662,6,questionnaire-aqfs,,10289737,5e99b08a24927e000a418025,3130253,,complete,,6034f11c81561e28e49bf3d3,computer,Desktop or Laptop,Windows 10,Edge 88.0.705.74,1366x768,1285x626,,Hybrid 2 bruno sequence instructions,9,8,No,END QUESTIONNAIRE,36029
1,1614086188264,23/02/2021 13:16:28,1614086188139,0,23/02/2021 13:16:28,27662,6,questionnaire-aqfs,,10289814,5d9cb2c48f46e40017fefb2b,3130113,,complete,,6034eeef9514b526233890a1,computer,Desktop or Laptop,Mac OS 11.1.0,Chrome 88.0.4324.182,1280x800,1280x577,,Hybrid 2 bruno sequence instructions,9,8,No,BEGIN QUESTIONNAIRE,
2,1614086204251,23/02/2021 13:16:44,1614086204147,0,23/02/2021 13:16:44,27662,6,questionnaire-aqfs,,10289814,5d9cb2c48f46e40017fefb2b,3130113,,complete,,6034eeef9514b526233890a1,computer,Desktop or Laptop,Mac OS 11.1.0,Chrome 88.0.4324.182,1280x800,1280x577,,Hybrid 2 bruno sequence instructions,9,8,No,END QUESTIONNAIRE,16008
1,1614086613271,23/02/2021 13:23:33,1614086613113,0,23/02/2021 13:23:33,27662,6,questionnaire-aqfs,,10290007,5ff1a7e49f4b9e600bf73298,3130647,,complete,,6034f978788cb2d1a6cc5710,computer,Desktop or Laptop,Windows 10,Chrome 88.0.4324.182,1536x864,1536x754,,Hybrid 2 bruno sequence instructions,9,5,No,BEGIN QUESTIONNAIRE,
2,1614086718414,23/02/2021 13:25:18,1614086718252,0,23/02/2021 13:25:18,27662,6,questionnaire-aqfs,,10290007,5ff1a7e49f4b9e600bf73298,3130647,,complete,,6034f978788cb2d1a6cc5710,computer,Desktop or Laptop,Windows 10,Chrome 88.0.4324.182,1536x864,1519x754,,Hybrid 2 bruno sequence instructions,9,5,No,END QUESTIONNAIRE,105140
1,1614087122282,23/02/2021 13:32:02,1614087124519,0,23/02/2021 13:32:04,27662,6,questionnaire-aqfs,,10290266,5aa836d6f053610001728189,3130894,,complete,,6034ffe7955de33e9d68e74c,computer,Desktop or Laptop,Windows 10,Chrome 88.0.4324.182,1536x864,1536x722,,Hybrid 2 bruno sequence instructions,9,10,No,BEGIN QUESTIONNAIRE,
2,1614087182823,23/02/2021 13:33:02,1614087185143,0,23/02/2021 13:33:05,27662,6,questionnaire-aqfs,,10290266,5aa836d6f053610001728189,3130894,,complete,,6034ffe7955de33e9d68e74c,computer,Desktop or Laptop,Windows 10,Chrome 88.0.4324.182,1536x864,1519x722,,Hybrid 2 bruno sequence instructions,9,10,No,END QUESTIONNAIRE,60625
1,1614087704785,23/02/2021 13:41:44,1614087704568,0,23/02/2021 13:41:44,27662,6,questionnaire-aqfs,,10290555,5f0874db34894f07bd04f436,3131019,,complete,,603503626b44a79b2d35d547,computer,Desktop or Laptop,Windows 10,Chrome 88.0.4324.182,1368x912,1368x841,,Hybrid 2 bruno sequence instructions,9,8,No,BEGIN QUESTIONNAIRE,
2,1614087847563,23/02/2021 13:44:07,1614087847383,0,23/02/2021 13:44:07,27662,6,questionnaire-aqfs,,10290555,5f0874db34894f07bd04f436,3131019,,complete,,603503626b44a79b2d35d547,computer,Desktop or Laptop,Windows 10,Chrome 88.0.4324.182,1368x912,1351x841,,Hybrid 2 bruno sequence instructions,9,8,No,END QUESTIONNAIRE,142816
1,1614087769750,23/02/2021 13:42:49,1614087769668,0,23/02/2021 13:42:49,27662,6,questionnaire-aqfs,,10290587,5f589273fa1e3100097f07f6,3131016,,complete,,60350360f6d9c16f165ab78f,computer,Desktop or Laptop,Mac OS 10.14.6,Chrome 88.0.4324.182,2048x1152,2048x966,,Hybrid 2 bruno sequence instructions,9,1,No,BEGIN QUESTIONNAIRE,
2,1614087836732,23/02/2021 13:43:56,1614087836671,0,23/02/2021 13:43:56,27662,6,questionnaire-aqfs,,10290587,5f589273fa1e3100097f07f6,3131016,,complete,,60350360f6d9c16f165ab78f,computer,Desktop or Laptop,Mac OS 10.14.6,Chrome 88.0.4324.182,2048x1152,2048x966,,Hybrid 2 bruno sequence instructions,9,1,No,END QUESTIONNAIRE,67004
1,1614089129419,23/02/2021 14:05:29,1614089129269,0,23/02/2021 14:05:29,27662,6,questionnaire-aqfs,,10291330,5f00a56d5568d404b306860d,3130264,,complete,,6034f1799d03027bd0a21c40,computer,Desktop or Laptop,Windows 10,Edge 88.0.705.68,1098x618,1098x467,,Hybrid 2 bruno sequence instructions,9,8,No,BEGIN QUESTIONNAIRE,
2,1614089137350,23/02/2021 14:05:37,1614089137227,0,23/02/2021 14:05:37,27662,6,questionnaire-aqfs,,10291330,5f00a56d5568d404b306860d,3130264,,complete,,6034f1799d03027bd0a21c40,computer,Desktop or Laptop,Windows 10,Edge 88.0.705.68,1098x618,1082x467,,Hybrid 2 bruno sequence instructions,9,8,No,END QUESTIONNAIRE,7958
END OF FILE
