﻿Event Index,UTC Timestamp,UTC Date,Local Timestamp,Local Timezone,Local Date,Experiment ID,Experiment Version,Tree Node Key,Repeat Key,Schedule ID,Participant Public ID,Participant Private ID,Participant Starting Group,Participant Status,Participant Completion Code,Participant External Session ID,Participant Device Type,Participant Device,Participant OS,Participant Browser,Participant Monitor Size,Participant Viewport Size,Checkpoint,Task Name,Task Version,randomiser-vvbk,Randomise questionnaire elements?,Question Key,Response
1,1614081518307,23/02/2021 11:58:38,1614081518255,0,23/02/2021 11:58:38,27662,6,questionnaire-73jg,,10286942,5b93a7f81ac7e70001f4adcf,3130070,,complete,,6034edb6048d0c94b3f2f746,computer,Desktop or Laptop,Mac OS 10.14.6,Chrome 88.0.4324.182,1440x900,1440x821,,Hybrid 2 rating instructions,3,2,No,BEGIN QUESTIONNAIRE,
2,1614081538679,23/02/2021 11:58:58,1614081538663,0,23/02/2021 11:58:58,27662,6,questionnaire-73jg,,10286942,5b93a7f81ac7e70001f4adcf,3130070,,complete,,6034edb6048d0c94b3f2f746,computer,Desktop or Laptop,Mac OS 10.14.6,Chrome 88.0.4324.182,1440x900,1440x821,,Hybrid 2 rating instructions,3,2,No,END QUESTIONNAIRE,20408
1,1614081567582,23/02/2021 11:59:27,1614081567480,0,23/02/2021 11:59:27,27662,6,questionnaire-73jg,,10286975,5ea09792b92a6d072f0aa4a7,3130072,,complete,,6034edd66a2ca9dafb7990d6,computer,Desktop or Laptop,Windows 10,Chrome 88.0.4324.182,1920x1080,1920x937,,Hybrid 2 rating instructions,3,7,No,BEGIN QUESTIONNAIRE,
2,1614081589042,23/02/2021 11:59:49,1614081588977,0,23/02/2021 11:59:48,27662,6,questionnaire-73jg,,10286975,5ea09792b92a6d072f0aa4a7,3130072,,complete,,6034edd66a2ca9dafb7990d6,computer,Desktop or Laptop,Windows 10,Chrome 88.0.4324.182,1920x1080,1920x937,,Hybrid 2 rating instructions,3,7,No,END QUESTIONNAIRE,21497
1,1614081619611,23/02/2021 12:00:19,1614081619548,0,23/02/2021 12:00:19,27662,6,questionnaire-73jg,,10287004,603432478798ac24b031ff1a,3130074,,complete,,6034ede241aae54f43343699,computer,Desktop or Laptop,Chromium OS 13597.84.0,Chrome 88.0.4324.153,1366x768,1366x617,,Hybrid 2 rating instructions,3,1,No,BEGIN QUESTIONNAIRE,
2,1614081631592,23/02/2021 12:00:31,1614081631405,0,23/02/2021 12:00:31,27662,6,questionnaire-73jg,,10287004,603432478798ac24b031ff1a,3130074,,complete,,6034ede241aae54f43343699,computer,Desktop or Laptop,Chromium OS 13597.84.0,Chrome 88.0.4324.153,1366x768,1366x617,,Hybrid 2 rating instructions,3,1,No,END QUESTIONNAIRE,11857
1,1614081704741,23/02/2021 12:01:44,1614081705304,0,23/02/2021 12:01:45,27662,6,questionnaire-73jg,,10287057,59436f11d8d2690001d0a5b6,3130092,,complete,,6034ee614e9dcba01bf04b7b,computer,Desktop or Laptop,Windows 10,Chrome 88.0.4324.182,1920x1080,1920x969,,Hybrid 2 rating instructions,3,9,No,BEGIN QUESTIONNAIRE,
2,1614081716708,23/02/2021 12:01:56,1614081717320,0,23/02/2021 12:01:57,27662,6,questionnaire-73jg,,10287057,59436f11d8d2690001d0a5b6,3130092,,complete,,6034ee614e9dcba01bf04b7b,computer,Desktop or Laptop,Windows 10,Chrome 88.0.4324.182,1920x1080,1920x969,,Hybrid 2 rating instructions,3,9,No,END QUESTIONNAIRE,12016
1,1614081705685,23/02/2021 12:01:45,1614081705565,0,23/02/2021 12:01:45,27662,6,questionnaire-73jg,,10287059,5e1dcb521a938a1356cc585e,3130096,,complete,,6034ee87b928d5d053bf4358,computer,Desktop or Laptop,Mac OS 10.15.6,Safari 14.0.2,1440x900,1440x820,,Hybrid 2 rating instructions,3,3,No,BEGIN QUESTIONNAIRE,
2,1614081720773,23/02/2021 12:02:00,1614081720685,0,23/02/2021 12:02:00,27662,6,questionnaire-73jg,,10287059,5e1dcb521a938a1356cc585e,3130096,,complete,,6034ee87b928d5d053bf4358,computer,Desktop or Laptop,Mac OS 10.15.6,Safari 14.0.2,1440x900,1440x820,,Hybrid 2 rating instructions,3,3,No,END QUESTIONNAIRE,15121
1,1614081727592,23/02/2021 12:02:07,1614081726263,0,23/02/2021 12:02:06,27662,6,questionnaire-73jg,,10287073,5ecd6f1b2fc9cb0cc4953e94,3130099,,complete,,6034ee9045a1c1dd5ba6ec88,computer,Desktop or Laptop,Windows 10,Chrome 88.0.4324.182,1536x864,1536x722,,Hybrid 2 rating instructions,3,1,No,BEGIN QUESTIONNAIRE,
2,1614081734011,23/02/2021 12:02:14,1614081732729,0,23/02/2021 12:02:12,27662,6,questionnaire-73jg,,10287073,5ecd6f1b2fc9cb0cc4953e94,3130099,,complete,,6034ee9045a1c1dd5ba6ec88,computer,Desktop or Laptop,Windows 10,Chrome 88.0.4324.182,1536x864,1536x722,,Hybrid 2 rating instructions,3,1,No,END QUESTIONNAIRE,6466
1,1614081843865,23/02/2021 12:04:03,1614081843745,0,23/02/2021 12:04:03,27662,6,questionnaire-73jg,,10287155,5d9cb2c48f46e40017fefb2b,3130113,,complete,,6034eeef9514b526233890a1,computer,Desktop or Laptop,Mac OS 11.1.0,Chrome 88.0.4324.182,1280x800,1280x577,,Hybrid 2 rating instructions,3,8,No,BEGIN QUESTIONNAIRE,
2,1614081862471,23/02/2021 12:04:22,1614081862400,0,23/02/2021 12:04:22,27662,6,questionnaire-73jg,,10287155,5d9cb2c48f46e40017fefb2b,3130113,,complete,,6034eeef9514b526233890a1,computer,Desktop or Laptop,Mac OS 11.1.0,Chrome 88.0.4324.182,1280x800,1280x577,,Hybrid 2 rating instructions,3,8,No,END QUESTIONNAIRE,18656
1,1614081896468,23/02/2021 12:04:56,1614081896382,0,23/02/2021 12:04:56,27662,6,questionnaire-73jg,,10287201,602172368b05e6143e5f27b7,3130126,,complete,,6034ef2d9723d59d44356af8,computer,Desktop or Laptop,Windows 10,Chrome 88.0.4324.182,1536x864,1536x754,,Hybrid 2 rating instructions,3,8,No,BEGIN QUESTIONNAIRE,
2,1614081897787,23/02/2021 12:04:57,1614081897751,0,23/02/2021 12:04:57,27662,6,questionnaire-73jg,,10287201,602172368b05e6143e5f27b7,3130126,,complete,,6034ef2d9723d59d44356af8,computer,Desktop or Laptop,Windows 10,Chrome 88.0.4324.182,1536x864,1536x754,,Hybrid 2 rating instructions,3,8,No,END QUESTIONNAIRE,1369
1,1614081940882,23/02/2021 12:05:40,1614081932383,0,23/02/2021 12:05:32,27662,6,questionnaire-73jg,,10287230,5eb5a9558c81f60d7bf66c83,3130131,,complete,,6034ef40875cc09c094504dd,computer,Desktop or Laptop,Windows 10,Edge 88.0.705.74,1366x768,1242x597,,Hybrid 2 rating instructions,3,6,No,BEGIN QUESTIONNAIRE,
2,1614082155632,23/02/2021 12:09:15,1614082146996,0,23/02/2021 12:09:06,27662,6,questionnaire-73jg,,10287230,5eb5a9558c81f60d7bf66c83,3130131,,complete,,6034ef40875cc09c094504dd,computer,Desktop or Laptop,Windows 10,Edge 88.0.705.74,1366x768,1242x597,,Hybrid 2 rating instructions,3,6,No,END QUESTIONNAIRE,214613
1,1614082003271,23/02/2021 12:06:43,1614082003054,0,23/02/2021 12:06:43,27662,6,questionnaire-73jg,,10287283,5fb5d9567d4bab1d74b3cb52,3130129,,complete,,6034ef327467a45139cf3e2b,computer,Desktop or Laptop,Mac OS 10.14.6,Chrome 88.0.4324.150,1280x800,1280x666,,Hybrid 2 rating instructions,3,8,No,BEGIN QUESTIONNAIRE,
2,1614082004360,23/02/2021 12:06:44,1614082004293,0,23/02/2021 12:06:44,27662,6,questionnaire-73jg,,10287283,5fb5d9567d4bab1d74b3cb52,3130129,,complete,,6034ef327467a45139cf3e2b,computer,Desktop or Laptop,Mac OS 10.14.6,Chrome 88.0.4324.150,1280x800,1280x666,,Hybrid 2 rating instructions,3,8,No,END QUESTIONNAIRE,1239
1,1614082022936,23/02/2021 12:07:02,1614082022464,0,23/02/2021 12:07:02,27662,6,questionnaire-73jg,,10287300,602b99f24403b32f6a74c355,3130135,,complete,,6034ef0a0ead82ffbb212c19,computer,Desktop or Laptop,Windows 10,Chrome 88.0.4324.182,1920x1080,1920x937,,Hybrid 2 rating instructions,3,7,No,BEGIN QUESTIONNAIRE,
2,1614082056979,23/02/2021 12:07:36,1614082056562,0,23/02/2021 12:07:36,27662,6,questionnaire-73jg,,10287300,602b99f24403b32f6a74c355,3130135,,complete,,6034ef0a0ead82ffbb212c19,computer,Desktop or Laptop,Windows 10,Chrome 88.0.4324.182,1920x1080,1920x937,,Hybrid 2 rating instructions,3,7,No,END QUESTIONNAIRE,34098
1,1614082070636,23/02/2021 12:07:50,1614082004811,0,23/02/2021 12:06:44,27662,6,questionnaire-73jg,,10287345,58d283fcbfaa440001d1f097,3130154,,complete,,6034efb870ec734bdf770e2f,computer,Desktop or Laptop,Windows 7,Firefox 85.0,1280x1024,1272x865,,Hybrid 2 rating instructions,3,2,No,BEGIN QUESTIONNAIRE,
2,1614082082324,23/02/2021 12:08:02,1614082016600,0,23/02/2021 12:06:56,27662,6,questionnaire-73jg,,10287345,58d283fcbfaa440001d1f097,3130154,,complete,,6034efb870ec734bdf770e2f,computer,Desktop or Laptop,Windows 7,Firefox 85.0,1280x1024,1272x865,,Hybrid 2 rating instructions,3,2,No,END QUESTIONNAIRE,11789
1,1614082079513,23/02/2021 12:07:59,1614082079414,0,23/02/2021 12:07:59,27662,6,questionnaire-73jg,,10287352,5983681d55a18000013388f9,3130166,,complete,,6034efeaed5bbcd318d185e3,computer,Desktop or Laptop,Mac OS 10.15.6,Safari 14.0.3,1440x900,1110x719,,Hybrid 2 rating instructions,3,3,No,BEGIN QUESTIONNAIRE,
2,1614082133959,23/02/2021 12:08:53,1614082133895,0,23/02/2021 12:08:53,27662,6,questionnaire-73jg,,10287352,5983681d55a18000013388f9,3130166,,complete,,6034efeaed5bbcd318d185e3,computer,Desktop or Laptop,Mac OS 10.15.6,Safari 14.0.3,1440x900,1110x719,,Hybrid 2 rating instructions,3,3,No,END QUESTIONNAIRE,54481
1,1614082091467,23/02/2021 12:08:11,1614082092799,0,23/02/2021 12:08:12,27662,6,questionnaire-73jg,,10287360,5e33190a5a41122e93c40989,3130144,,complete,,6034ef8bf4d0d987790b30f5,computer,Desktop or Laptop,Windows 10,Chrome 88.0.4324.182,1536x864,1536x722,,Hybrid 2 rating instructions,3,9,No,BEGIN QUESTIONNAIRE,
2,1614082115192,23/02/2021 12:08:35,1614082116522,0,23/02/2021 12:08:36,27662,6,questionnaire-73jg,,10287360,5e33190a5a41122e93c40989,3130144,,complete,,6034ef8bf4d0d987790b30f5,computer,Desktop or Laptop,Windows 10,Chrome 88.0.4324.182,1536x864,1536x722,,Hybrid 2 rating instructions,3,9,No,END QUESTIONNAIRE,23723
1,1614082135012,23/02/2021 12:08:55,1614082150521,0,23/02/2021 12:09:10,27662,6,questionnaire-73jg,,10287397,5f0f2119bc44f507bdbce820,3130169,,complete,,6034ef5f9a19a86e724751a0,computer,Desktop or Laptop,Mac OS 10.13.6,Chrome 88.0.4324.150,2560x1440,2282x1146,,Hybrid 2 rating instructions,3,5,No,BEGIN QUESTIONNAIRE,
2,1614082727124,23/02/2021 12:18:47,1614082726747,0,23/02/2021 12:18:46,27662,6,questionnaire-73jg,,10287397,5f0f2119bc44f507bdbce820,3130169,,complete,,6034ef5f9a19a86e724751a0,computer,Desktop or Laptop,Mac OS 10.13.6,Chrome 88.0.4324.150,2560x1440,2282x1146,,Hybrid 2 rating instructions,3,5,No,END QUESTIONNAIRE,576226
1,1614082180493,23/02/2021 12:09:40,1614082180395,0,23/02/2021 12:09:40,27662,6,questionnaire-73jg,,10287444,5bc3a0bd44b393000103d6ff,3130178,,complete,,6034f034dd02943c69c2b805,computer,Desktop or Laptop,Mac OS 10.13.6,Safari 13.1.2,1440x900,1440x837,,Hybrid 2 rating instructions,3,3,No,BEGIN QUESTIONNAIRE,
2,1614082191700,23/02/2021 12:09:51,1614082191649,0,23/02/2021 12:09:51,27662,6,questionnaire-73jg,,10287444,5bc3a0bd44b393000103d6ff,3130178,,complete,,6034f034dd02943c69c2b805,computer,Desktop or Laptop,Mac OS 10.13.6,Safari 13.1.2,1440x900,1440x837,,Hybrid 2 rating instructions,3,3,No,END QUESTIONNAIRE,11254
1,1614082229612,23/02/2021 12:10:29,1614082229508,0,23/02/2021 12:10:29,27662,6,questionnaire-73jg,,10287491,5e682f7b30914f0ed798df97,3130206,,complete,,6034f063b9a6f9c9b44dcc26,computer,Desktop or Laptop,Mac OS 10.13.6,Safari 13.1.1,1280x800,1280x649,,Hybrid 2 rating instructions,3,9,No,BEGIN QUESTIONNAIRE,
2,1614082257089,23/02/2021 12:10:57,1614082257000,0,23/02/2021 12:10:57,27662,6,questionnaire-73jg,,10287491,5e682f7b30914f0ed798df97,3130206,,complete,,6034f063b9a6f9c9b44dcc26,computer,Desktop or Laptop,Mac OS 10.13.6,Safari 13.1.1,1280x800,1280x649,,Hybrid 2 rating instructions,3,9,No,END QUESTIONNAIRE,27492
1,1614082237030,23/02/2021 12:10:37,1614082241893,0,23/02/2021 12:10:41,27662,6,questionnaire-73jg,,10287499,60284f4bf85f46707feee17a,3130208,,complete,,6034f08a85e3ac80d4cd3b74,computer,Desktop or Laptop,Windows 10,Firefox 85.0,1920x1080,1920x966,,Hybrid 2 rating instructions,3,7,No,BEGIN QUESTIONNAIRE,
2,1614082237639,23/02/2021 12:10:37,1614082242551,0,23/02/2021 12:10:42,27662,6,questionnaire-73jg,,10287499,60284f4bf85f46707feee17a,3130208,,complete,,6034f08a85e3ac80d4cd3b74,computer,Desktop or Laptop,Windows 10,Firefox 85.0,1920x1080,1920x966,,Hybrid 2 rating instructions,3,7,No,END QUESTIONNAIRE,659
1,1614082243233,23/02/2021 12:10:43,1614082243285,0,23/02/2021 12:10:43,27662,6,questionnaire-73jg,,10287505,5f4576f6d372e717986fbade,3130203,,complete,,6034f080a76e1dc5ae92075c,computer,Desktop or Laptop,Windows 10,Chrome 88.0.4324.182,1366x768,1366x625,,Hybrid 2 rating instructions,3,8,No,BEGIN QUESTIONNAIRE,
2,1614082245451,23/02/2021 12:10:45,1614082245568,0,23/02/2021 12:10:45,27662,6,questionnaire-73jg,,10287505,5f4576f6d372e717986fbade,3130203,,complete,,6034f080a76e1dc5ae92075c,computer,Desktop or Laptop,Windows 10,Chrome 88.0.4324.182,1366x768,1366x625,,Hybrid 2 rating instructions,3,8,No,END QUESTIONNAIRE,2283
1,1614082257982,23/02/2021 12:10:57,1614082256576,0,23/02/2021 12:10:56,27662,6,questionnaire-73jg,,10287525,5d442ba693066e00185a44d6,3130190,,complete,,6034f05d05c8d9f173c588b6,computer,Desktop or Laptop,Windows 10,Chrome 88.0.4324.182,1920x1080,1920x937,,Hybrid 2 rating instructions,3,6,No,BEGIN QUESTIONNAIRE,
2,1614082277493,23/02/2021 12:11:17,1614082276166,0,23/02/2021 12:11:16,27662,6,questionnaire-73jg,,10287525,5d442ba693066e00185a44d6,3130190,,complete,,6034f05d05c8d9f173c588b6,computer,Desktop or Laptop,Windows 10,Chrome 88.0.4324.182,1920x1080,1920x937,,Hybrid 2 rating instructions,3,6,No,END QUESTIONNAIRE,19590
1,1614082259845,23/02/2021 12:10:59,1614082262686,0,23/02/2021 12:11:02,27662,6,questionnaire-73jg,,10287527,5b0c6579d282ff00015b8c7f,3130196,,complete,,6034f065875cc09c094504e6,computer,Desktop or Laptop,Windows 10,Firefox 85.0,1536x864,1536x750,,Hybrid 2 rating instructions,3,7,No,BEGIN QUESTIONNAIRE,
2,1614082269601,23/02/2021 12:11:09,1614082272358,0,23/02/2021 12:11:12,27662,6,questionnaire-73jg,,10287527,5b0c6579d282ff00015b8c7f,3130196,,complete,,6034f065875cc09c094504e6,computer,Desktop or Laptop,Windows 10,Firefox 85.0,1536x864,1536x750,,Hybrid 2 rating instructions,3,7,No,END QUESTIONNAIRE,9672
1,1614082271462,23/02/2021 12:11:11,1614082271322,0,23/02/2021 12:11:11,27662,6,questionnaire-73jg,,10287535,5efc2caad0cd4d1e58f09e3e,3130213,,complete,,6034f091addbcb9594c7eb3d,computer,Desktop or Laptop,Mac OS 10.10.5,Chrome 87.0.4280.88,1440x900,1440x788,,Hybrid 2 rating instructions,3,6,No,BEGIN QUESTIONNAIRE,
2,1614082288685,23/02/2021 12:11:28,1614082288771,0,23/02/2021 12:11:28,27662,6,questionnaire-73jg,,10287535,5efc2caad0cd4d1e58f09e3e,3130213,,complete,,6034f091addbcb9594c7eb3d,computer,Desktop or Laptop,Mac OS 10.10.5,Chrome 87.0.4280.88,1440x900,1440x788,,Hybrid 2 rating instructions,3,6,No,END QUESTIONNAIRE,17449
1,1614082281402,23/02/2021 12:11:21,1614082282861,0,23/02/2021 12:11:22,27662,6,questionnaire-73jg,,10287549,602e55534bcf0296e84203fd,3130188,,complete,,6034f037cf20b8b3cdb7de94,computer,Desktop or Laptop,Mac OS 10.11.6,Chrome 83.0.4103.97,1280x800,1280x721,,Hybrid 2 rating instructions,3,9,No,BEGIN QUESTIONNAIRE,
2,1614082296306,23/02/2021 12:11:36,1614082297677,0,23/02/2021 12:11:37,27662,6,questionnaire-73jg,,10287549,602e55534bcf0296e84203fd,3130188,,complete,,6034f037cf20b8b3cdb7de94,computer,Desktop or Laptop,Mac OS 10.11.6,Chrome 83.0.4103.97,1280x800,1280x721,,Hybrid 2 rating instructions,3,9,No,END QUESTIONNAIRE,14816
1,1614082316884,23/02/2021 12:11:56,1614082316556,0,23/02/2021 12:11:56,27662,6,questionnaire-73jg,,10287581,5e3f1c2a09a114176f7808ad,3130214,,complete,,6034f090b00dfedf69e18106,computer,Desktop or Laptop,Windows 10,Firefox 85.0,1366x768,1366x654,,Hybrid 2 rating instructions,3,9,No,BEGIN QUESTIONNAIRE,
2,1614082325609,23/02/2021 12:12:05,1614082325326,0,23/02/2021 12:12:05,27662,6,questionnaire-73jg,,10287581,5e3f1c2a09a114176f7808ad,3130214,,complete,,6034f090b00dfedf69e18106,computer,Desktop or Laptop,Windows 10,Firefox 85.0,1366x768,1366x654,,Hybrid 2 rating instructions,3,9,No,END QUESTIONNAIRE,8770
1,1614082344871,23/02/2021 12:12:24,1614082344804,0,23/02/2021 12:12:24,27662,6,questionnaire-73jg,,10287600,5b7da2499fcd3c000118f680,3130241,,complete,,6034f1075c8d479bc298177a,computer,Desktop or Laptop,Mac OS 10.15.6,Safari 14.0.2,1440x900,1324x727,,Hybrid 2 rating instructions,3,3,No,BEGIN QUESTIONNAIRE,
2,1614082350827,23/02/2021 12:12:30,1614082350769,0,23/02/2021 12:12:30,27662,6,questionnaire-73jg,,10287600,5b7da2499fcd3c000118f680,3130241,,complete,,6034f1075c8d479bc298177a,computer,Desktop or Laptop,Mac OS 10.15.6,Safari 14.0.2,1440x900,1324x727,,Hybrid 2 rating instructions,3,3,No,END QUESTIONNAIRE,5965
1,1614082348838,23/02/2021 12:12:28,1614082349335,0,23/02/2021 12:12:29,27662,6,questionnaire-73jg,,10287606,5adde94be2ceee00010fcb4d,3130233,,complete,,6034f0ea7b000ecfa26ba312,computer,Desktop or Laptop,Windows 10,Chrome 88.0.4324.182,1920x1080,1920x937,,Hybrid 2 rating instructions,3,7,No,BEGIN QUESTIONNAIRE,
2,1614082359341,23/02/2021 12:12:39,1614082359798,0,23/02/2021 12:12:39,27662,6,questionnaire-73jg,,10287606,5adde94be2ceee00010fcb4d,3130233,,complete,,6034f0ea7b000ecfa26ba312,computer,Desktop or Laptop,Windows 10,Chrome 88.0.4324.182,1920x1080,1920x937,,Hybrid 2 rating instructions,3,7,No,END QUESTIONNAIRE,10463
1,1614082359769,23/02/2021 12:12:39,1614082359263,0,23/02/2021 12:12:39,27662,6,questionnaire-73jg,,10287615,5ff0a3ff116bbf440e520989,3130240,,complete,,6034f1044201acde455dd005,computer,Desktop or Laptop,Mac OS 11.2.0,Chrome 88.0.4324.182,1440x900,1440x789,,Hybrid 2 rating instructions,3,4,No,BEGIN QUESTIONNAIRE,
2,1614082375747,23/02/2021 12:12:55,1614082375376,0,23/02/2021 12:12:55,27662,6,questionnaire-73jg,,10287615,5ff0a3ff116bbf440e520989,3130240,,complete,,6034f1044201acde455dd005,computer,Desktop or Laptop,Mac OS 11.2.0,Chrome 88.0.4324.182,1440x900,1440x789,,Hybrid 2 rating instructions,3,4,No,END QUESTIONNAIRE,16113
1,1614082362972,23/02/2021 12:12:42,1614082495430,0,23/02/2021 12:14:55,27662,6,questionnaire-73jg,,10287622,5f271b38fe6a6c02cc8978d9,3130235,,complete,,6034f0f4e29d69b34ddc165d,computer,Desktop or Laptop,Windows 10,Chrome 88.0.4324.182,1280x720,1280x616,,Hybrid 2 rating instructions,3,4,No,BEGIN QUESTIONNAIRE,
2,1614082379455,23/02/2021 12:12:59,1614082511966,0,23/02/2021 12:15:11,27662,6,questionnaire-73jg,,10287622,5f271b38fe6a6c02cc8978d9,3130235,,complete,,6034f0f4e29d69b34ddc165d,computer,Desktop or Laptop,Windows 10,Chrome 88.0.4324.182,1280x720,1280x616,,Hybrid 2 rating instructions,3,4,No,END QUESTIONNAIRE,16536
1,1614082366475,23/02/2021 12:12:46,1614082367138,0,23/02/2021 12:12:47,27662,6,questionnaire-73jg,,10287629,602faa786e51bacb8584e23b,3130231,,complete,,6034f0e9e599549d49ec39a9,computer,Desktop or Laptop,Windows 10,Chrome 88.0.4324.182,1500x1000,1500x868,,Hybrid 2 rating instructions,3,4,No,BEGIN QUESTIONNAIRE,
2,1614082382212,23/02/2021 12:13:02,1614082382884,0,23/02/2021 12:13:02,27662,6,questionnaire-73jg,,10287629,602faa786e51bacb8584e23b,3130231,,complete,,6034f0e9e599549d49ec39a9,computer,Desktop or Laptop,Windows 10,Chrome 88.0.4324.182,1500x1000,1500x868,,Hybrid 2 rating instructions,3,4,No,END QUESTIONNAIRE,15746
1,1614082380797,23/02/2021 12:13:00,1614082380696,0,23/02/2021 12:13:00,27662,6,questionnaire-73jg,,10287645,5eee0dc4b02df0070d4e7683,3130238,,complete,,6034f0b39dd7b80521d53b49,computer,Desktop or Laptop,Windows 10,Chrome 88.0.4324.182,1500x1000,1500x890,,Hybrid 2 rating instructions,3,4,No,BEGIN QUESTIONNAIRE,
2,1614082396536,23/02/2021 12:13:16,1614082396362,0,23/02/2021 12:13:16,27662,6,questionnaire-73jg,,10287645,5eee0dc4b02df0070d4e7683,3130238,,complete,,6034f0b39dd7b80521d53b49,computer,Desktop or Laptop,Windows 10,Chrome 88.0.4324.182,1500x1000,1500x890,,Hybrid 2 rating instructions,3,4,No,END QUESTIONNAIRE,15666
1,1614082380563,23/02/2021 12:13:00,1614082370621,0,23/02/2021 12:12:50,27662,6,questionnaire-73jg,,10287647,5ebd791a7cba9305f147ed96,3130226,,complete,,6034f0df9d03027bd0a21c3c,computer,Desktop or Laptop,Windows 10,Chrome 88.0.4324.182,1536x864,1536x722,,Hybrid 2 rating instructions,3,2,No,BEGIN QUESTIONNAIRE,
2,1614082386227,23/02/2021 12:13:06,1614082376316,0,23/02/2021 12:12:56,27662,6,questionnaire-73jg,,10287647,5ebd791a7cba9305f147ed96,3130226,,complete,,6034f0df9d03027bd0a21c3c,computer,Desktop or Laptop,Windows 10,Chrome 88.0.4324.182,1536x864,1536x722,,Hybrid 2 rating instructions,3,2,No,END QUESTIONNAIRE,5696
1,1614082406039,23/02/2021 12:13:26,1614082406636,0,23/02/2021 12:13:26,27662,6,questionnaire-73jg,,10287671,5f23cda9d12b451b7da3e09d,3130251,,complete,,6034f141d56e61c659102c89,computer,Desktop or Laptop,Chromium OS 13597.66.0,Chrome 88.0.4324.109,1366x768,1366x649,,Hybrid 2 rating instructions,3,10,No,BEGIN QUESTIONNAIRE,
2,1614082410558,23/02/2021 12:13:30,1614082411152,0,23/02/2021 12:13:31,27662,6,questionnaire-73jg,,10287671,5f23cda9d12b451b7da3e09d,3130251,,complete,,6034f141d56e61c659102c89,computer,Desktop or Laptop,Chromium OS 13597.66.0,Chrome 88.0.4324.109,1366x768,1366x649,,Hybrid 2 rating instructions,3,10,No,END QUESTIONNAIRE,4516
1,1614082412844,23/02/2021 12:13:32,1614082414759,0,23/02/2021 12:13:34,27662,6,questionnaire-73jg,,10287681,5f0856dbffe90703c92542eb,3130252,,complete,,6034f13517e75e98cc4fa7ae,computer,Desktop or Laptop,Windows 10,Chrome 88.0.4324.182,1440x960,1440x818,,Hybrid 2 rating instructions,3,1,No,BEGIN QUESTIONNAIRE,
2,1614082421250,23/02/2021 12:13:41,1614082423231,0,23/02/2021 12:13:43,27662,6,questionnaire-73jg,,10287681,5f0856dbffe90703c92542eb,3130252,,complete,,6034f13517e75e98cc4fa7ae,computer,Desktop or Laptop,Windows 10,Chrome 88.0.4324.182,1440x960,1440x818,,Hybrid 2 rating instructions,3,1,No,END QUESTIONNAIRE,8472
1,1614082436734,23/02/2021 12:13:56,1614082442990,0,23/02/2021 12:14:02,27662,6,questionnaire-73jg,,10287697,5705083cde5095000a18915a,3130247,,complete,,6034f12d763d5ff40d93e57f,computer,Desktop or Laptop,Windows 10,Chrome 88.0.4324.182,1366x768,1325x585,,Hybrid 2 rating instructions,3,10,No,BEGIN QUESTIONNAIRE,
2,1614082457465,23/02/2021 12:14:17,1614082463648,0,23/02/2021 12:14:23,27662,6,questionnaire-73jg,,10287697,5705083cde5095000a18915a,3130247,,complete,,6034f12d763d5ff40d93e57f,computer,Desktop or Laptop,Windows 10,Chrome 88.0.4324.182,1366x768,1325x585,,Hybrid 2 rating instructions,3,10,No,END QUESTIONNAIRE,20658
1,1614082462993,23/02/2021 12:14:22,1614082461587,0,23/02/2021 12:14:21,27662,6,questionnaire-73jg,,10287719,5e99b08a24927e000a418025,3130253,,complete,,6034f11c81561e28e49bf3d3,computer,Desktop or Laptop,Windows 10,Edge 88.0.705.74,1366x768,1301x626,,Hybrid 2 rating instructions,3,8,No,BEGIN QUESTIONNAIRE,
2,1614082476905,23/02/2021 12:14:36,1614082475512,0,23/02/2021 12:14:35,27662,6,questionnaire-73jg,,10287719,5e99b08a24927e000a418025,3130253,,complete,,6034f11c81561e28e49bf3d3,computer,Desktop or Laptop,Windows 10,Edge 88.0.705.74,1366x768,1301x626,,Hybrid 2 rating instructions,3,8,No,END QUESTIONNAIRE,13926
1,1614082477239,23/02/2021 12:14:37,1614082477097,0,23/02/2021 12:14:37,27662,6,questionnaire-73jg,,10287730,5c9a8410f91d4b000106141b,3130245,,complete,,6034f127f200cf0c9c3a19a4,computer,Desktop or Laptop,Windows 10,Chrome 87.0.4280.66,1920x1080,1920x937,,Hybrid 2 rating instructions,3,5,No,BEGIN QUESTIONNAIRE,
2,1614082515241,23/02/2021 12:15:15,1614082515195,0,23/02/2021 12:15:15,27662,6,questionnaire-73jg,,10287730,5c9a8410f91d4b000106141b,3130245,,complete,,6034f127f200cf0c9c3a19a4,computer,Desktop or Laptop,Windows 10,Chrome 87.0.4280.66,1920x1080,1920x937,,Hybrid 2 rating instructions,3,5,No,END QUESTIONNAIRE,38098
1,1614082515734,23/02/2021 12:15:15,1614082515901,0,23/02/2021 12:15:15,27662,6,questionnaire-73jg,,10287757,5f0c74994f616109c2ad55b4,3130277,,complete,,6034f12bcb429254e07a2e88,computer,Desktop or Laptop,Windows 10,Firefox 85.0,1920x1080,1920x938,,Hybrid 2 rating instructions,3,3,No,BEGIN QUESTIONNAIRE,
2,1614082531601,23/02/2021 12:15:31,1614082531803,0,23/02/2021 12:15:31,27662,6,questionnaire-73jg,,10287757,5f0c74994f616109c2ad55b4,3130277,,complete,,6034f12bcb429254e07a2e88,computer,Desktop or Laptop,Windows 10,Firefox 85.0,1920x1080,1920x938,,Hybrid 2 rating instructions,3,3,No,END QUESTIONNAIRE,15902
1,1614082542636,23/02/2021 12:15:42,1614082550130,0,23/02/2021 12:15:50,27662,6,questionnaire-73jg,,10287777,5ea0364e2ea3be04b508efff,3130258,,complete,,6034f1534578f19b39e82b5a,computer,Desktop or Laptop,Windows 10,Chrome 88.0.4324.182,1280x1024,1280x872,,Hybrid 2 rating instructions,3,1,No,BEGIN QUESTIONNAIRE,
2,1614082562579,23/02/2021 12:16:02,1614082570007,0,23/02/2021 12:16:10,27662,6,questionnaire-73jg,,10287777,5ea0364e2ea3be04b508efff,3130258,,complete,,6034f1534578f19b39e82b5a,computer,Desktop or Laptop,Windows 10,Chrome 88.0.4324.182,1280x1024,1280x872,,Hybrid 2 rating instructions,3,1,No,END QUESTIONNAIRE,19877
1,1614082573748,23/02/2021 12:16:13,1614082573681,0,23/02/2021 12:16:13,27662,6,questionnaire-73jg,,10287793,5f668a416b792f26ef5ea974,3130263,,complete,,6034f16a6469c93fd79d13d7,computer,Desktop or Laptop,Mac OS 10.15.7,Safari 14.0.2,1680x1050,1256x899,,Hybrid 2 rating instructions,3,10,No,BEGIN QUESTIONNAIRE,
2,1614082576515,23/02/2021 12:16:16,1614082576479,0,23/02/2021 12:16:16,27662,6,questionnaire-73jg,,10287793,5f668a416b792f26ef5ea974,3130263,,complete,,6034f16a6469c93fd79d13d7,computer,Desktop or Laptop,Mac OS 10.15.7,Safari 14.0.2,1680x1050,1256x899,,Hybrid 2 rating instructions,3,10,No,END QUESTIONNAIRE,2797
1,1614082592484,23/02/2021 12:16:32,1614082591713,0,23/02/2021 12:16:31,27662,6,questionnaire-73jg,,10287811,5dc75c757d73505457af3314,3130278,,complete,,6034f16eb4c00c555e5bc9b1,computer,Desktop or Laptop,Windows 10,Chrome 88.0.4324.182,1920x1080,1920x937,,Hybrid 2 rating instructions,3,2,No,BEGIN QUESTIONNAIRE,
2,1614082610119,23/02/2021 12:16:50,1614082609372,0,23/02/2021 12:16:49,27662,6,questionnaire-73jg,,10287811,5dc75c757d73505457af3314,3130278,,complete,,6034f16eb4c00c555e5bc9b1,computer,Desktop or Laptop,Windows 10,Chrome 88.0.4324.182,1920x1080,1920x937,,Hybrid 2 rating instructions,3,2,No,END QUESTIONNAIRE,17659
1,1614082600809,23/02/2021 12:16:40,1614082600638,0,23/02/2021 12:16:40,27662,6,questionnaire-73jg,,10287815,5f0c534291111659bbd90545,3130289,,complete,,6034f1c6b00dfedf69e18118,computer,Desktop or Laptop,Windows 10,Chrome 88.0.4324.182,1500x1000,1500x858,,Hybrid 2 rating instructions,3,4,No,BEGIN QUESTIONNAIRE,
2,1614082633965,23/02/2021 12:17:13,1614082633806,0,23/02/2021 12:17:13,27662,6,questionnaire-73jg,,10287815,5f0c534291111659bbd90545,3130289,,complete,,6034f1c6b00dfedf69e18118,computer,Desktop or Laptop,Windows 10,Chrome 88.0.4324.182,1500x1000,1500x858,,Hybrid 2 rating instructions,3,4,No,END QUESTIONNAIRE,33168
1,1614082631105,23/02/2021 12:17:11,1614082631019,0,23/02/2021 12:17:11,27662,6,questionnaire-73jg,,10287835,57311f25070de6000e42c711,3130295,,complete,,6034f216b00dfedf69e1811a,computer,Desktop or Laptop,Mac OS 10.13.6,Chrome 88.0.4324.182,1280x800,1280x629,,Hybrid 2 rating instructions,3,6,No,BEGIN QUESTIONNAIRE,
2,1614082637044,23/02/2021 12:17:17,1614082637003,0,23/02/2021 12:17:17,27662,6,questionnaire-73jg,,10287835,57311f25070de6000e42c711,3130295,,complete,,6034f216b00dfedf69e1811a,computer,Desktop or Laptop,Mac OS 10.13.6,Chrome 88.0.4324.182,1280x800,1280x629,,Hybrid 2 rating instructions,3,6,No,END QUESTIONNAIRE,5984
1,1614082687689,23/02/2021 12:18:07,1614082686399,0,23/02/2021 12:18:06,27662,6,questionnaire-73jg,,10287861,5ff2ec49cb7697815e8c23a3,3130280,,complete,,6034f11b5f3b2ba31443c03d,computer,Desktop or Laptop,Chromium OS 13597.84.0,Chrome 88.0.4324.153,1366x768,1366x617,,Hybrid 2 rating instructions,3,10,No,BEGIN QUESTIONNAIRE,
2,1614082714056,23/02/2021 12:18:34,1614082712698,0,23/02/2021 12:18:32,27662,6,questionnaire-73jg,,10287861,5ff2ec49cb7697815e8c23a3,3130280,,complete,,6034f11b5f3b2ba31443c03d,computer,Desktop or Laptop,Chromium OS 13597.84.0,Chrome 88.0.4324.153,1366x768,1366x617,,Hybrid 2 rating instructions,3,10,No,END QUESTIONNAIRE,26299
1,1614082731730,23/02/2021 12:18:51,1614082732226,0,23/02/2021 12:18:52,27662,6,questionnaire-73jg,,10287885,5f887bd3be113000097fe17f,3130292,,complete,,6034f14a5d0662510fc7bb29,computer,Desktop or Laptop,Windows 10,Chrome 88.0.4324.182,1366x768,1366x568,,Hybrid 2 rating instructions,3,2,No,BEGIN QUESTIONNAIRE,
2,1614082733566,23/02/2021 12:18:53,1614082734285,0,23/02/2021 12:18:54,27662,6,questionnaire-73jg,,10287885,5f887bd3be113000097fe17f,3130292,,complete,,6034f14a5d0662510fc7bb29,computer,Desktop or Laptop,Windows 10,Chrome 88.0.4324.182,1366x768,1366x568,,Hybrid 2 rating instructions,3,2,No,END QUESTIONNAIRE,2059
1,1614082817506,23/02/2021 12:20:17,1614082813268,0,23/02/2021 12:20:13,27662,6,questionnaire-73jg,,10287941,5f639c790587d90a90b8d3d8,3130308,,complete,,6034f26fc93bff2f2e56757d,computer,Desktop or Laptop,Mac OS 10.15.6,Safari 14.0.3,834x1112,834x1009,,Hybrid 2 rating instructions,3,5,No,BEGIN QUESTIONNAIRE,
2,1614083027591,23/02/2021 12:23:47,1614083023234,0,23/02/2021 12:23:43,27662,6,questionnaire-73jg,,10287941,5f639c790587d90a90b8d3d8,3130308,,complete,,6034f26fc93bff2f2e56757d,computer,Desktop or Laptop,Mac OS 10.15.6,Safari 14.0.3,834x1112,834x1009,,Hybrid 2 rating instructions,3,5,No,END QUESTIONNAIRE,209966
1,1614082927331,23/02/2021 12:22:07,1614082927201,0,23/02/2021 12:22:07,27662,6,questionnaire-73jg,,10288016,5e42a6f012145b000abd2b14,3130318,,complete,,6034f0c4487b4aabb4b7c8df,computer,Desktop or Laptop,Windows 10,Chrome 88.0.4324.190,1366x768,1366x657,,Hybrid 2 rating instructions,3,5,No,BEGIN QUESTIONNAIRE,
2,1614082956241,23/02/2021 12:22:36,1614082956147,0,23/02/2021 12:22:36,27662,6,questionnaire-73jg,,10288016,5e42a6f012145b000abd2b14,3130318,,complete,,6034f0c4487b4aabb4b7c8df,computer,Desktop or Laptop,Windows 10,Chrome 88.0.4324.190,1366x768,1366x657,,Hybrid 2 rating instructions,3,5,No,END QUESTIONNAIRE,28946
1,1614085221766,23/02/2021 13:00:21,1614085223104,0,23/02/2021 13:00:23,27662,6,questionnaire-73jg,,10289174,5ff1a7e49f4b9e600bf73298,3130647,,complete,,6034f978788cb2d1a6cc5710,computer,Desktop or Laptop,Windows 10,Chrome 88.0.4324.182,1536x864,1536x754,,Hybrid 2 rating instructions,3,5,No,BEGIN QUESTIONNAIRE,
2,1614085248568,23/02/2021 13:00:48,1614085249850,0,23/02/2021 13:00:49,27662,6,questionnaire-73jg,,10289174,5ff1a7e49f4b9e600bf73298,3130647,,complete,,6034f978788cb2d1a6cc5710,computer,Desktop or Laptop,Windows 10,Chrome 88.0.4324.182,1536x864,1536x754,,Hybrid 2 rating instructions,3,5,No,END QUESTIONNAIRE,26745
1,1614086400164,23/02/2021 13:20:00,1614086402409,0,23/02/2021 13:20:02,27662,6,questionnaire-73jg,,10289910,5aa836d6f053610001728189,3130894,,complete,,6034ffe7955de33e9d68e74c,computer,Desktop or Laptop,Windows 10,Chrome 88.0.4324.182,1536x864,1536x722,,Hybrid 2 rating instructions,3,10,No,BEGIN QUESTIONNAIRE,
2,1614086421552,23/02/2021 13:20:21,1614086423407,0,23/02/2021 13:20:23,27662,6,questionnaire-73jg,,10289910,5aa836d6f053610001728189,3130894,,complete,,6034ffe7955de33e9d68e74c,computer,Desktop or Laptop,Windows 10,Chrome 88.0.4324.182,1536x864,1536x722,,Hybrid 2 rating instructions,3,10,No,END QUESTIONNAIRE,20998
1,1614087082392,23/02/2021 13:31:22,1614087082155,0,23/02/2021 13:31:22,27662,6,questionnaire-73jg,,10290245,5f0874db34894f07bd04f436,3131019,,complete,,603503626b44a79b2d35d547,computer,Desktop or Laptop,Windows 10,Chrome 88.0.4324.182,1368x912,1368x841,,Hybrid 2 rating instructions,3,8,No,BEGIN QUESTIONNAIRE,
2,1614087099867,23/02/2021 13:31:39,1614087099706,0,23/02/2021 13:31:39,27662,6,questionnaire-73jg,,10290245,5f0874db34894f07bd04f436,3131019,,complete,,603503626b44a79b2d35d547,computer,Desktop or Laptop,Windows 10,Chrome 88.0.4324.182,1368x912,1368x841,,Hybrid 2 rating instructions,3,8,No,END QUESTIONNAIRE,17551
1,1614087110154,23/02/2021 13:31:50,1614087110074,0,23/02/2021 13:31:50,27662,6,questionnaire-73jg,,10290260,5f589273fa1e3100097f07f6,3131016,,complete,,60350360f6d9c16f165ab78f,computer,Desktop or Laptop,Mac OS 10.14.6,Chrome 88.0.4324.182,2048x1152,2048x966,,Hybrid 2 rating instructions,3,1,No,BEGIN QUESTIONNAIRE,
2,1614087136248,23/02/2021 13:32:16,1614087136144,0,23/02/2021 13:32:16,27662,6,questionnaire-73jg,,10290260,5f589273fa1e3100097f07f6,3131016,,complete,,60350360f6d9c16f165ab78f,computer,Desktop or Laptop,Mac OS 10.14.6,Chrome 88.0.4324.182,2048x1152,2048x966,,Hybrid 2 rating instructions,3,1,No,END QUESTIONNAIRE,26070
1,1614088064734,23/02/2021 13:47:44,1614088064595,0,23/02/2021 13:47:44,27662,6,questionnaire-73jg,,10290749,5f00a56d5568d404b306860d,3130264,,complete,,6034f1799d03027bd0a21c40,computer,Desktop or Laptop,Windows 10,Edge 88.0.705.68,1098x618,1098x467,,Hybrid 2 rating instructions,3,8,No,BEGIN QUESTIONNAIRE,
2,1614088153370,23/02/2021 13:49:13,1614088153065,0,23/02/2021 13:49:13,27662,6,questionnaire-73jg,,10290749,5f00a56d5568d404b306860d,3130264,,complete,,6034f1799d03027bd0a21c40,computer,Desktop or Laptop,Windows 10,Edge 88.0.705.68,1098x618,1098x467,,Hybrid 2 rating instructions,3,8,No,END QUESTIONNAIRE,88471
END OF FILE
