﻿Event Index,UTC Timestamp,UTC Date,Local Timestamp,Local Timezone,Local Date,Experiment ID,Experiment Version,Tree Node Key,Repeat Key,Schedule ID,Participant Public ID,Participant Private ID,Participant Starting Group,Participant Status,Participant Completion Code,Participant External Session ID,Participant Device Type,Participant Device,Participant OS,Participant Browser,Participant Monitor Size,Participant Viewport Size,Checkpoint,Task Name,Task Version,Randomise questionnaire elements?,Question Key,Response
1,1570441526152,07/10/2019 09:45:26,1570441526053,1,07/10/2019 10:45:26,9869,6,questionnaire-tubd,,3154915,5b95819daa1729000192b956,871813,,complete,,5d9b076a1cda3a03034953ea,computer,Desktop or Laptop,Mac OS 10.14.5,Safari 12.1.1,1920x1080,1920x926,,Demographics,2,No,BEGIN QUESTIONNAIRE,
2,1570441540497,07/10/2019 09:45:40,1570441540436,1,07/10/2019 10:45:40,9869,6,questionnaire-tubd,,3154915,5b95819daa1729000192b956,871813,,complete,,5d9b076a1cda3a03034953ea,computer,Desktop or Laptop,Mac OS 10.14.5,Safari 12.1.1,1920x1080,1920x926,,Demographics,2,No,response-1-day,7
3,1570441540590,07/10/2019 09:45:40,1570441540437,1,07/10/2019 10:45:40,9869,6,questionnaire-tubd,,3154915,5b95819daa1729000192b956,871813,,complete,,5d9b076a1cda3a03034953ea,computer,Desktop or Laptop,Mac OS 10.14.5,Safari 12.1.1,1920x1080,1920x926,,Demographics,2,No,response-1-month,4
4,1570441540590,07/10/2019 09:45:40,1570441540437,1,07/10/2019 10:45:40,9869,6,questionnaire-tubd,,3154915,5b95819daa1729000192b956,871813,,complete,,5d9b076a1cda3a03034953ea,computer,Desktop or Laptop,Mac OS 10.14.5,Safari 12.1.1,1920x1080,1920x926,,Demographics,2,No,response-1-year,23
5,1570441540590,07/10/2019 09:45:40,1570441540437,1,07/10/2019 10:45:40,9869,6,questionnaire-tubd,,3154915,5b95819daa1729000192b956,871813,,complete,,5d9b076a1cda3a03034953ea,computer,Desktop or Laptop,Mac OS 10.14.5,Safari 12.1.1,1920x1080,1920x926,,Demographics,2,No,response-4,Female
6,1570441540590,07/10/2019 09:45:40,1570441540437,1,07/10/2019 10:45:40,9869,6,questionnaire-tubd,,3154915,5b95819daa1729000192b956,871813,,complete,,5d9b076a1cda3a03034953ea,computer,Desktop or Laptop,Mac OS 10.14.5,Safari 12.1.1,1920x1080,1920x926,,Demographics,2,No,response-4-quantised,2
7,1570441540590,07/10/2019 09:45:40,1570441540437,1,07/10/2019 10:45:40,9869,6,questionnaire-tubd,,3154915,5b95819daa1729000192b956,871813,,complete,,5d9b076a1cda3a03034953ea,computer,Desktop or Laptop,Mac OS 10.14.5,Safari 12.1.1,1920x1080,1920x926,,Demographics,2,No,END QUESTIONNAIRE,14384
1,1570441335789,07/10/2019 09:42:15,1570441336257,2,07/10/2019 11:42:16,9869,6,questionnaire-tubd,,3154895,5c50b34345e51c00017ca16b,871816,,complete,,5d9b0775325ed90014056512,computer,Desktop or Laptop,Windows 10,Chrome 77.0.3865.90,1920x1200,1920x1057,,Demographics,2,No,BEGIN QUESTIONNAIRE,
2,1570441346093,07/10/2019 09:42:26,1570441346611,2,07/10/2019 11:42:26,9869,6,questionnaire-tubd,,3154895,5c50b34345e51c00017ca16b,871816,,complete,,5d9b0775325ed90014056512,computer,Desktop or Laptop,Windows 10,Chrome 77.0.3865.90,1920x1200,1920x1057,,Demographics,2,No,response-1-day,18
3,1570441346173,07/10/2019 09:42:26,1570441346613,2,07/10/2019 11:42:26,9869,6,questionnaire-tubd,,3154895,5c50b34345e51c00017ca16b,871816,,complete,,5d9b0775325ed90014056512,computer,Desktop or Laptop,Windows 10,Chrome 77.0.3865.90,1920x1200,1920x1057,,Demographics,2,No,response-1-month,1
4,1570441346173,07/10/2019 09:42:26,1570441346613,2,07/10/2019 11:42:26,9869,6,questionnaire-tubd,,3154895,5c50b34345e51c00017ca16b,871816,,complete,,5d9b0775325ed90014056512,computer,Desktop or Laptop,Windows 10,Chrome 77.0.3865.90,1920x1200,1920x1057,,Demographics,2,No,response-1-year,27
5,1570441346173,07/10/2019 09:42:26,1570441346613,2,07/10/2019 11:42:26,9869,6,questionnaire-tubd,,3154895,5c50b34345e51c00017ca16b,871816,,complete,,5d9b0775325ed90014056512,computer,Desktop or Laptop,Windows 10,Chrome 77.0.3865.90,1920x1200,1920x1057,,Demographics,2,No,response-4,Male
6,1570441346173,07/10/2019 09:42:26,1570441346613,2,07/10/2019 11:42:26,9869,6,questionnaire-tubd,,3154895,5c50b34345e51c00017ca16b,871816,,complete,,5d9b0775325ed90014056512,computer,Desktop or Laptop,Windows 10,Chrome 77.0.3865.90,1920x1200,1920x1057,,Demographics,2,No,response-4-quantised,1
7,1570441346173,07/10/2019 09:42:26,1570441346613,2,07/10/2019 11:42:26,9869,6,questionnaire-tubd,,3154895,5c50b34345e51c00017ca16b,871816,,complete,,5d9b0775325ed90014056512,computer,Desktop or Laptop,Windows 10,Chrome 77.0.3865.90,1920x1200,1920x1057,,Demographics,2,No,END QUESTIONNAIRE,10356
1,1570441321168,07/10/2019 09:42:01,1570441321117,1,07/10/2019 10:42:01,9869,6,questionnaire-tubd,,3154888,5c49e145b54bd00001badf83,871802,,complete,,5d9b070e581ba40017a5a6a5,computer,Desktop or Laptop,Mac OS 10.11.6,Safari 9.1.2,1280x800,1280x739,,Demographics,2,No,BEGIN QUESTIONNAIRE,
2,1570441340985,07/10/2019 09:42:20,1570441340987,1,07/10/2019 10:42:20,9869,6,questionnaire-tubd,,3154888,5c49e145b54bd00001badf83,871802,,complete,,5d9b070e581ba40017a5a6a5,computer,Desktop or Laptop,Mac OS 10.11.6,Safari 9.1.2,1280x800,1280x739,,Demographics,2,No,response-1-day,20
3,1570441341046,07/10/2019 09:42:21,1570441340989,1,07/10/2019 10:42:20,9869,6,questionnaire-tubd,,3154888,5c49e145b54bd00001badf83,871802,,complete,,5d9b070e581ba40017a5a6a5,computer,Desktop or Laptop,Mac OS 10.11.6,Safari 9.1.2,1280x800,1280x739,,Demographics,2,No,response-1-month,0
4,1570441341046,07/10/2019 09:42:21,1570441340989,1,07/10/2019 10:42:20,9869,6,questionnaire-tubd,,3154888,5c49e145b54bd00001badf83,871802,,complete,,5d9b070e581ba40017a5a6a5,computer,Desktop or Laptop,Mac OS 10.11.6,Safari 9.1.2,1280x800,1280x739,,Demographics,2,No,response-1-year,24
5,1570441341046,07/10/2019 09:42:21,1570441340989,1,07/10/2019 10:42:20,9869,6,questionnaire-tubd,,3154888,5c49e145b54bd00001badf83,871802,,complete,,5d9b070e581ba40017a5a6a5,computer,Desktop or Laptop,Mac OS 10.11.6,Safari 9.1.2,1280x800,1280x739,,Demographics,2,No,response-4,Female
6,1570441341046,07/10/2019 09:42:21,1570441340989,1,07/10/2019 10:42:20,9869,6,questionnaire-tubd,,3154888,5c49e145b54bd00001badf83,871802,,complete,,5d9b070e581ba40017a5a6a5,computer,Desktop or Laptop,Mac OS 10.11.6,Safari 9.1.2,1280x800,1280x739,,Demographics,2,No,response-4-quantised,2
7,1570441341046,07/10/2019 09:42:21,1570441340989,1,07/10/2019 10:42:20,9869,6,questionnaire-tubd,,3154888,5c49e145b54bd00001badf83,871802,,complete,,5d9b070e581ba40017a5a6a5,computer,Desktop or Laptop,Mac OS 10.11.6,Safari 9.1.2,1280x800,1280x739,,Demographics,2,No,END QUESTIONNAIRE,19872
1,1570441315140,07/10/2019 09:41:55,1570441314814,1,07/10/2019 10:41:54,9869,6,questionnaire-tubd,,3154884,5cca17d9c98aa20001355eb0,871811,,complete,,5d9b07f2bd598e00190a3df4,computer,Desktop or Laptop,Windows 10,Chrome 77.0.3865.90,1280x721,1280x578,,Demographics,2,No,BEGIN QUESTIONNAIRE,
2,1570441328685,07/10/2019 09:42:08,1570441328525,1,07/10/2019 10:42:08,9869,6,questionnaire-tubd,,3154884,5cca17d9c98aa20001355eb0,871811,,complete,,5d9b07f2bd598e00190a3df4,computer,Desktop or Laptop,Windows 10,Chrome 77.0.3865.90,1280x721,1280x578,,Demographics,2,No,response-1-day,28
3,1570441328920,07/10/2019 09:42:08,1570441328529,1,07/10/2019 10:42:08,9869,6,questionnaire-tubd,,3154884,5cca17d9c98aa20001355eb0,871811,,complete,,5d9b07f2bd598e00190a3df4,computer,Desktop or Laptop,Windows 10,Chrome 77.0.3865.90,1280x721,1280x578,,Demographics,2,No,response-1-month,4
4,1570441328920,07/10/2019 09:42:08,1570441328530,1,07/10/2019 10:42:08,9869,6,questionnaire-tubd,,3154884,5cca17d9c98aa20001355eb0,871811,,complete,,5d9b07f2bd598e00190a3df4,computer,Desktop or Laptop,Windows 10,Chrome 77.0.3865.90,1280x721,1280x578,,Demographics,2,No,response-1-year,25
5,1570441328920,07/10/2019 09:42:08,1570441328531,1,07/10/2019 10:42:08,9869,6,questionnaire-tubd,,3154884,5cca17d9c98aa20001355eb0,871811,,complete,,5d9b07f2bd598e00190a3df4,computer,Desktop or Laptop,Windows 10,Chrome 77.0.3865.90,1280x721,1280x578,,Demographics,2,No,response-4,Female
6,1570441328920,07/10/2019 09:42:08,1570441328532,1,07/10/2019 10:42:08,9869,6,questionnaire-tubd,,3154884,5cca17d9c98aa20001355eb0,871811,,complete,,5d9b07f2bd598e00190a3df4,computer,Desktop or Laptop,Windows 10,Chrome 77.0.3865.90,1280x721,1280x578,,Demographics,2,No,response-4-quantised,2
7,1570441328920,07/10/2019 09:42:08,1570441328533,1,07/10/2019 10:42:08,9869,6,questionnaire-tubd,,3154884,5cca17d9c98aa20001355eb0,871811,,complete,,5d9b07f2bd598e00190a3df4,computer,Desktop or Laptop,Windows 10,Chrome 77.0.3865.90,1280x721,1280x578,,Demographics,2,No,END QUESTIONNAIRE,13719
1,1570441233767,07/10/2019 09:40:33,1570441225450,2,07/10/2019 11:40:25,9869,6,questionnaire-tubd,,3154864,5beac39baec9ef0001e9b21f,871806,,complete,,5d9b0774d0e628001893a40d,computer,Desktop or Laptop,Mac OS 10.14.6,Safari 13.0.1,1440x900,1438x748,,Demographics,2,No,BEGIN QUESTIONNAIRE,
2,1570441248968,07/10/2019 09:40:48,1570441240677,2,07/10/2019 11:40:40,9869,6,questionnaire-tubd,,3154864,5beac39baec9ef0001e9b21f,871806,,complete,,5d9b0774d0e628001893a40d,computer,Desktop or Laptop,Mac OS 10.14.6,Safari 13.0.1,1440x900,1438x748,,Demographics,2,No,response-1-day,26
3,1570441249046,07/10/2019 09:40:49,1570441240679,2,07/10/2019 11:40:40,9869,6,questionnaire-tubd,,3154864,5beac39baec9ef0001e9b21f,871806,,complete,,5d9b0774d0e628001893a40d,computer,Desktop or Laptop,Mac OS 10.14.6,Safari 13.0.1,1440x900,1438x748,,Demographics,2,No,response-1-month,3
4,1570441249046,07/10/2019 09:40:49,1570441240679,2,07/10/2019 11:40:40,9869,6,questionnaire-tubd,,3154864,5beac39baec9ef0001e9b21f,871806,,complete,,5d9b0774d0e628001893a40d,computer,Desktop or Laptop,Mac OS 10.14.6,Safari 13.0.1,1440x900,1438x748,,Demographics,2,No,response-1-year,19
5,1570441249046,07/10/2019 09:40:49,1570441240679,2,07/10/2019 11:40:40,9869,6,questionnaire-tubd,,3154864,5beac39baec9ef0001e9b21f,871806,,complete,,5d9b0774d0e628001893a40d,computer,Desktop or Laptop,Mac OS 10.14.6,Safari 13.0.1,1440x900,1438x748,,Demographics,2,No,response-4,Female
6,1570441249046,07/10/2019 09:40:49,1570441240679,2,07/10/2019 11:40:40,9869,6,questionnaire-tubd,,3154864,5beac39baec9ef0001e9b21f,871806,,complete,,5d9b0774d0e628001893a40d,computer,Desktop or Laptop,Mac OS 10.14.6,Safari 13.0.1,1440x900,1438x748,,Demographics,2,No,response-4-quantised,2
7,1570441249046,07/10/2019 09:40:49,1570441240679,2,07/10/2019 11:40:40,9869,6,questionnaire-tubd,,3154864,5beac39baec9ef0001e9b21f,871806,,complete,,5d9b0774d0e628001893a40d,computer,Desktop or Laptop,Mac OS 10.14.6,Safari 13.0.1,1440x900,1438x748,,Demographics,2,No,END QUESTIONNAIRE,15229
1,1570441230133,07/10/2019 09:40:30,1570441212497,11,07/10/2019 20:40:12,9869,6,questionnaire-tubd,,3154861,5b7d5b512b57a900019151a7,871801,,complete,,5d9b077ff5597f02ddaa8f1e,computer,Desktop or Laptop,Windows 7,Waterfox 56.2.14,1920x1080,1920x984,,Demographics,2,No,BEGIN QUESTIONNAIRE,
2,1570441250440,07/10/2019 09:40:50,1570441232844,11,07/10/2019 20:40:32,9869,6,questionnaire-tubd,,3154861,5b7d5b512b57a900019151a7,871801,,complete,,5d9b077ff5597f02ddaa8f1e,computer,Desktop or Laptop,Windows 7,Waterfox 56.2.14,1920x1080,1920x984,,Demographics,2,No,response-1-day,6
3,1570441250800,07/10/2019 09:40:50,1570441232848,11,07/10/2019 20:40:32,9869,6,questionnaire-tubd,,3154861,5b7d5b512b57a900019151a7,871801,,complete,,5d9b077ff5597f02ddaa8f1e,computer,Desktop or Laptop,Windows 7,Waterfox 56.2.14,1920x1080,1920x984,,Demographics,2,No,response-1-month,6
4,1570441250800,07/10/2019 09:40:50,1570441232848,11,07/10/2019 20:40:32,9869,6,questionnaire-tubd,,3154861,5b7d5b512b57a900019151a7,871801,,complete,,5d9b077ff5597f02ddaa8f1e,computer,Desktop or Laptop,Windows 7,Waterfox 56.2.14,1920x1080,1920x984,,Demographics,2,No,response-1-year,28
5,1570441250800,07/10/2019 09:40:50,1570441232849,11,07/10/2019 20:40:32,9869,6,questionnaire-tubd,,3154861,5b7d5b512b57a900019151a7,871801,,complete,,5d9b077ff5597f02ddaa8f1e,computer,Desktop or Laptop,Windows 7,Waterfox 56.2.14,1920x1080,1920x984,,Demographics,2,No,response-4,Male
6,1570441250800,07/10/2019 09:40:50,1570441232849,11,07/10/2019 20:40:32,9869,6,questionnaire-tubd,,3154861,5b7d5b512b57a900019151a7,871801,,complete,,5d9b077ff5597f02ddaa8f1e,computer,Desktop or Laptop,Windows 7,Waterfox 56.2.14,1920x1080,1920x984,,Demographics,2,No,response-4-quantised,1
7,1570441250800,07/10/2019 09:40:50,1570441232849,11,07/10/2019 20:40:32,9869,6,questionnaire-tubd,,3154861,5b7d5b512b57a900019151a7,871801,,complete,,5d9b077ff5597f02ddaa8f1e,computer,Desktop or Laptop,Windows 7,Waterfox 56.2.14,1920x1080,1920x984,,Demographics,2,No,END QUESTIONNAIRE,20352
1,1570441226300,07/10/2019 09:40:26,1570441221152,2,07/10/2019 11:40:21,9869,6,questionnaire-tubd,,3154860,5cde8688c194e8001c7adc1d,871807,,complete,,5d9b07acea7ad90015ed0e60,computer,Desktop or Laptop,Windows 10,Chrome 77.0.3865.90,1920x1080,1920x937,,Demographics,2,No,BEGIN QUESTIONNAIRE,
2,1570441244977,07/10/2019 09:40:44,1570441239858,2,07/10/2019 11:40:39,9869,6,questionnaire-tubd,,3154860,5cde8688c194e8001c7adc1d,871807,,complete,,5d9b07acea7ad90015ed0e60,computer,Desktop or Laptop,Windows 10,Chrome 77.0.3865.90,1920x1080,1920x937,,Demographics,2,No,response-1-day,12
3,1570441245071,07/10/2019 09:40:45,1570441239861,2,07/10/2019 11:40:39,9869,6,questionnaire-tubd,,3154860,5cde8688c194e8001c7adc1d,871807,,complete,,5d9b07acea7ad90015ed0e60,computer,Desktop or Laptop,Windows 10,Chrome 77.0.3865.90,1920x1080,1920x937,,Demographics,2,No,response-1-month,4
4,1570441245071,07/10/2019 09:40:45,1570441239861,2,07/10/2019 11:40:39,9869,6,questionnaire-tubd,,3154860,5cde8688c194e8001c7adc1d,871807,,complete,,5d9b07acea7ad90015ed0e60,computer,Desktop or Laptop,Windows 10,Chrome 77.0.3865.90,1920x1080,1920x937,,Demographics,2,No,response-1-year,39
5,1570441245071,07/10/2019 09:40:45,1570441239862,2,07/10/2019 11:40:39,9869,6,questionnaire-tubd,,3154860,5cde8688c194e8001c7adc1d,871807,,complete,,5d9b07acea7ad90015ed0e60,computer,Desktop or Laptop,Windows 10,Chrome 77.0.3865.90,1920x1080,1920x937,,Demographics,2,No,response-4,Male
6,1570441245071,07/10/2019 09:40:45,1570441239862,2,07/10/2019 11:40:39,9869,6,questionnaire-tubd,,3154860,5cde8688c194e8001c7adc1d,871807,,complete,,5d9b07acea7ad90015ed0e60,computer,Desktop or Laptop,Windows 10,Chrome 77.0.3865.90,1920x1080,1920x937,,Demographics,2,No,response-4-quantised,1
7,1570441245071,07/10/2019 09:40:45,1570441239862,2,07/10/2019 11:40:39,9869,6,questionnaire-tubd,,3154860,5cde8688c194e8001c7adc1d,871807,,complete,,5d9b07acea7ad90015ed0e60,computer,Desktop or Laptop,Windows 10,Chrome 77.0.3865.90,1920x1080,1920x937,,Demographics,2,No,END QUESTIONNAIRE,18710
1,1570441203266,07/10/2019 09:40:03,1570441203168,2,07/10/2019 11:40:03,9869,6,questionnaire-tubd,,3154850,5c8a4f339917780016a4ee43,871804,,complete,,5d9b07771e1e020017b1e8fa,computer,Desktop or Laptop,Windows 10,Chrome 77.0.3865.90,1366x768,1366x667,,Demographics,2,No,BEGIN QUESTIONNAIRE,
2,1570441217286,07/10/2019 09:40:17,1570441217224,2,07/10/2019 11:40:17,9869,6,questionnaire-tubd,,3154850,5c8a4f339917780016a4ee43,871804,,complete,,5d9b07771e1e020017b1e8fa,computer,Desktop or Laptop,Windows 10,Chrome 77.0.3865.90,1366x768,1366x667,,Demographics,2,No,response-1-day,19
3,1570441217396,07/10/2019 09:40:17,1570441217226,2,07/10/2019 11:40:17,9869,6,questionnaire-tubd,,3154850,5c8a4f339917780016a4ee43,871804,,complete,,5d9b07771e1e020017b1e8fa,computer,Desktop or Laptop,Windows 10,Chrome 77.0.3865.90,1366x768,1366x667,,Demographics,2,No,response-1-month,9
4,1570441217396,07/10/2019 09:40:17,1570441217226,2,07/10/2019 11:40:17,9869,6,questionnaire-tubd,,3154850,5c8a4f339917780016a4ee43,871804,,complete,,5d9b07771e1e020017b1e8fa,computer,Desktop or Laptop,Windows 10,Chrome 77.0.3865.90,1366x768,1366x667,,Demographics,2,No,response-1-year,32
5,1570441217396,07/10/2019 09:40:17,1570441217226,2,07/10/2019 11:40:17,9869,6,questionnaire-tubd,,3154850,5c8a4f339917780016a4ee43,871804,,complete,,5d9b07771e1e020017b1e8fa,computer,Desktop or Laptop,Windows 10,Chrome 77.0.3865.90,1366x768,1366x667,,Demographics,2,No,response-4,Male
6,1570441217396,07/10/2019 09:40:17,1570441217227,2,07/10/2019 11:40:17,9869,6,questionnaire-tubd,,3154850,5c8a4f339917780016a4ee43,871804,,complete,,5d9b07771e1e020017b1e8fa,computer,Desktop or Laptop,Windows 10,Chrome 77.0.3865.90,1366x768,1366x667,,Demographics,2,No,response-4-quantised,1
7,1570441217396,07/10/2019 09:40:17,1570441217227,2,07/10/2019 11:40:17,9869,6,questionnaire-tubd,,3154850,5c8a4f339917780016a4ee43,871804,,complete,,5d9b07771e1e020017b1e8fa,computer,Desktop or Laptop,Windows 10,Chrome 77.0.3865.90,1366x768,1366x667,,Demographics,2,No,END QUESTIONNAIRE,14059
1,1570441198035,07/10/2019 09:39:58,1570441198544,2,07/10/2019 11:39:58,9869,6,questionnaire-tubd,,3154848,5c542a124e2ebe0001458bf9,871810,,complete,,5d9b078d9cf6ab001882b487,computer,Desktop or Laptop,Windows 10,Chrome 77.0.3865.90,1920x1080,1920x969,,Demographics,2,No,BEGIN QUESTIONNAIRE,
2,1570441210189,07/10/2019 09:40:10,1570441210740,2,07/10/2019 11:40:10,9869,6,questionnaire-tubd,,3154848,5c542a124e2ebe0001458bf9,871810,,complete,,5d9b078d9cf6ab001882b487,computer,Desktop or Laptop,Windows 10,Chrome 77.0.3865.90,1920x1080,1920x969,,Demographics,2,No,response-1-day,26
3,1570441210314,07/10/2019 09:40:10,1570441210741,2,07/10/2019 11:40:10,9869,6,questionnaire-tubd,,3154848,5c542a124e2ebe0001458bf9,871810,,complete,,5d9b078d9cf6ab001882b487,computer,Desktop or Laptop,Windows 10,Chrome 77.0.3865.90,1920x1080,1920x969,,Demographics,2,No,response-1-month,9
4,1570441210314,07/10/2019 09:40:10,1570441210742,2,07/10/2019 11:40:10,9869,6,questionnaire-tubd,,3154848,5c542a124e2ebe0001458bf9,871810,,complete,,5d9b078d9cf6ab001882b487,computer,Desktop or Laptop,Windows 10,Chrome 77.0.3865.90,1920x1080,1920x969,,Demographics,2,No,response-1-year,18
5,1570441210314,07/10/2019 09:40:10,1570441210742,2,07/10/2019 11:40:10,9869,6,questionnaire-tubd,,3154848,5c542a124e2ebe0001458bf9,871810,,complete,,5d9b078d9cf6ab001882b487,computer,Desktop or Laptop,Windows 10,Chrome 77.0.3865.90,1920x1080,1920x969,,Demographics,2,No,response-4,Male
6,1570441210314,07/10/2019 09:40:10,1570441210742,2,07/10/2019 11:40:10,9869,6,questionnaire-tubd,,3154848,5c542a124e2ebe0001458bf9,871810,,complete,,5d9b078d9cf6ab001882b487,computer,Desktop or Laptop,Windows 10,Chrome 77.0.3865.90,1920x1080,1920x969,,Demographics,2,No,response-4-quantised,1
7,1570441210314,07/10/2019 09:40:10,1570441210742,2,07/10/2019 11:40:10,9869,6,questionnaire-tubd,,3154848,5c542a124e2ebe0001458bf9,871810,,complete,,5d9b078d9cf6ab001882b487,computer,Desktop or Laptop,Windows 10,Chrome 77.0.3865.90,1920x1080,1920x969,,Demographics,2,No,END QUESTIONNAIRE,12198
1,1570441190810,07/10/2019 09:39:50,1570441188118,11,07/10/2019 20:39:48,9869,6,questionnaire-tubd,,3154842,5aeb9b8375deca0001624e57,871805,,complete,,5d9b0788d3cea303b40f4aa9,computer,Desktop or Laptop,Windows 7,Chrome 77.0.3865.90,1920x1080,1920x947,,Demographics,2,No,BEGIN QUESTIONNAIRE,
2,1570441206287,07/10/2019 09:40:06,1570441203634,11,07/10/2019 20:40:03,9869,6,questionnaire-tubd,,3154842,5aeb9b8375deca0001624e57,871805,,complete,,5d9b0788d3cea303b40f4aa9,computer,Desktop or Laptop,Windows 7,Chrome 77.0.3865.90,1920x1080,1920x947,,Demographics,2,No,response-1-day,24
3,1570441207086,07/10/2019 09:40:07,1570441203637,11,07/10/2019 20:40:03,9869,6,questionnaire-tubd,,3154842,5aeb9b8375deca0001624e57,871805,,complete,,5d9b0788d3cea303b40f4aa9,computer,Desktop or Laptop,Windows 7,Chrome 77.0.3865.90,1920x1080,1920x947,,Demographics,2,No,response-1-month,4
4,1570441207086,07/10/2019 09:40:07,1570441203637,11,07/10/2019 20:40:03,9869,6,questionnaire-tubd,,3154842,5aeb9b8375deca0001624e57,871805,,complete,,5d9b0788d3cea303b40f4aa9,computer,Desktop or Laptop,Windows 7,Chrome 77.0.3865.90,1920x1080,1920x947,,Demographics,2,No,response-1-year,35
5,1570441207086,07/10/2019 09:40:07,1570441203637,11,07/10/2019 20:40:03,9869,6,questionnaire-tubd,,3154842,5aeb9b8375deca0001624e57,871805,,complete,,5d9b0788d3cea303b40f4aa9,computer,Desktop or Laptop,Windows 7,Chrome 77.0.3865.90,1920x1080,1920x947,,Demographics,2,No,response-4,Female
6,1570441207086,07/10/2019 09:40:07,1570441203638,11,07/10/2019 20:40:03,9869,6,questionnaire-tubd,,3154842,5aeb9b8375deca0001624e57,871805,,complete,,5d9b0788d3cea303b40f4aa9,computer,Desktop or Laptop,Windows 7,Chrome 77.0.3865.90,1920x1080,1920x947,,Demographics,2,No,response-4-quantised,2
7,1570441207086,07/10/2019 09:40:07,1570441203638,11,07/10/2019 20:40:03,9869,6,questionnaire-tubd,,3154842,5aeb9b8375deca0001624e57,871805,,complete,,5d9b0788d3cea303b40f4aa9,computer,Desktop or Laptop,Windows 7,Chrome 77.0.3865.90,1920x1080,1920x947,,Demographics,2,No,END QUESTIONNAIRE,15520
1,1570441188279,07/10/2019 09:39:48,1570441188947,1,07/10/2019 10:39:48,9869,6,questionnaire-tubd,,3154840,5d03b5abd95b760017c46e18,871800,,complete,,5d9b078589c03c001940f337,computer,Desktop or Laptop,Windows 10,Chrome 77.0.3865.90,1366x768,1366x657,,Demographics,2,No,BEGIN QUESTIONNAIRE,
2,1570441219256,07/10/2019 09:40:19,1570441219934,1,07/10/2019 10:40:19,9869,6,questionnaire-tubd,,3154840,5d03b5abd95b760017c46e18,871800,,complete,,5d9b078589c03c001940f337,computer,Desktop or Laptop,Windows 10,Chrome 77.0.3865.90,1366x768,1366x657,,Demographics,2,No,response-1-day,29
3,1570441219349,07/10/2019 09:40:19,1570441219942,1,07/10/2019 10:40:19,9869,6,questionnaire-tubd,,3154840,5d03b5abd95b760017c46e18,871800,,complete,,5d9b078589c03c001940f337,computer,Desktop or Laptop,Windows 10,Chrome 77.0.3865.90,1366x768,1366x657,,Demographics,2,No,response-1-month,1
4,1570441219349,07/10/2019 09:40:19,1570441219944,1,07/10/2019 10:40:19,9869,6,questionnaire-tubd,,3154840,5d03b5abd95b760017c46e18,871800,,complete,,5d9b078589c03c001940f337,computer,Desktop or Laptop,Windows 10,Chrome 77.0.3865.90,1366x768,1366x657,,Demographics,2,No,response-1-year,45
5,1570441219349,07/10/2019 09:40:19,1570441219944,1,07/10/2019 10:40:19,9869,6,questionnaire-tubd,,3154840,5d03b5abd95b760017c46e18,871800,,complete,,5d9b078589c03c001940f337,computer,Desktop or Laptop,Windows 10,Chrome 77.0.3865.90,1366x768,1366x657,,Demographics,2,No,response-4,Female
6,1570441219349,07/10/2019 09:40:19,1570441219945,1,07/10/2019 10:40:19,9869,6,questionnaire-tubd,,3154840,5d03b5abd95b760017c46e18,871800,,complete,,5d9b078589c03c001940f337,computer,Desktop or Laptop,Windows 10,Chrome 77.0.3865.90,1366x768,1366x657,,Demographics,2,No,response-4-quantised,2
7,1570441219349,07/10/2019 09:40:19,1570441219946,1,07/10/2019 10:40:19,9869,6,questionnaire-tubd,,3154840,5d03b5abd95b760017c46e18,871800,,complete,,5d9b078589c03c001940f337,computer,Desktop or Laptop,Windows 10,Chrome 77.0.3865.90,1366x768,1366x657,,Demographics,2,No,END QUESTIONNAIRE,30999
1,1570441176265,07/10/2019 09:39:36,1570441179682,1,07/10/2019 10:39:39,9869,6,questionnaire-tubd,,3154833,5bae4417b90266000151e679,871775,,complete,,5d9b06f7bc9716001546f8ff,computer,Desktop or Laptop,Windows 10,Chrome 77.0.3865.90,1366x768,786x615,,Demographics,2,No,BEGIN QUESTIONNAIRE,
2,1570441191060,07/10/2019 09:39:51,1570441194527,1,07/10/2019 10:39:54,9869,6,questionnaire-tubd,,3154833,5bae4417b90266000151e679,871775,,complete,,5d9b06f7bc9716001546f8ff,computer,Desktop or Laptop,Windows 10,Chrome 77.0.3865.90,1366x768,786x615,,Demographics,2,No,response-1-day,24
3,1570441191154,07/10/2019 09:39:51,1570441194530,1,07/10/2019 10:39:54,9869,6,questionnaire-tubd,,3154833,5bae4417b90266000151e679,871775,,complete,,5d9b06f7bc9716001546f8ff,computer,Desktop or Laptop,Windows 10,Chrome 77.0.3865.90,1366x768,786x615,,Demographics,2,No,response-1-month,8
4,1570441191154,07/10/2019 09:39:51,1570441194531,1,07/10/2019 10:39:54,9869,6,questionnaire-tubd,,3154833,5bae4417b90266000151e679,871775,,complete,,5d9b06f7bc9716001546f8ff,computer,Desktop or Laptop,Windows 10,Chrome 77.0.3865.90,1366x768,786x615,,Demographics,2,No,response-1-year,24
5,1570441191154,07/10/2019 09:39:51,1570441194531,1,07/10/2019 10:39:54,9869,6,questionnaire-tubd,,3154833,5bae4417b90266000151e679,871775,,complete,,5d9b06f7bc9716001546f8ff,computer,Desktop or Laptop,Windows 10,Chrome 77.0.3865.90,1366x768,786x615,,Demographics,2,No,response-4,Female
6,1570441191154,07/10/2019 09:39:51,1570441194531,1,07/10/2019 10:39:54,9869,6,questionnaire-tubd,,3154833,5bae4417b90266000151e679,871775,,complete,,5d9b06f7bc9716001546f8ff,computer,Desktop or Laptop,Windows 10,Chrome 77.0.3865.90,1366x768,786x615,,Demographics,2,No,response-4-quantised,2
7,1570441191154,07/10/2019 09:39:51,1570441194532,1,07/10/2019 10:39:54,9869,6,questionnaire-tubd,,3154833,5bae4417b90266000151e679,871775,,complete,,5d9b06f7bc9716001546f8ff,computer,Desktop or Laptop,Windows 10,Chrome 77.0.3865.90,1366x768,786x615,,Demographics,2,No,END QUESTIONNAIRE,14850
1,1570441177671,07/10/2019 09:39:37,1570441180320,11,07/10/2019 20:39:40,9869,6,questionnaire-tubd,,3154831,5d3bfc3cfd969400182d0a36,871803,,complete,,5d9b07899cf6ab001982b611,computer,Desktop or Laptop,Windows 10,Chrome 77.0.3865.90,1536x864,1536x754,,Demographics,2,No,BEGIN QUESTIONNAIRE,
2,1570441197941,07/10/2019 09:39:57,1570441200876,11,07/10/2019 20:40:00,9869,6,questionnaire-tubd,,3154831,5d3bfc3cfd969400182d0a36,871803,,complete,,5d9b07899cf6ab001982b611,computer,Desktop or Laptop,Windows 10,Chrome 77.0.3865.90,1536x864,1536x754,,Demographics,2,No,response-1-day,17
3,1570441198410,07/10/2019 09:39:58,1570441200878,11,07/10/2019 20:40:00,9869,6,questionnaire-tubd,,3154831,5d3bfc3cfd969400182d0a36,871803,,complete,,5d9b07899cf6ab001982b611,computer,Desktop or Laptop,Windows 10,Chrome 77.0.3865.90,1536x864,1536x754,,Demographics,2,No,response-1-month,2
4,1570441198410,07/10/2019 09:39:58,1570441200878,11,07/10/2019 20:40:00,9869,6,questionnaire-tubd,,3154831,5d3bfc3cfd969400182d0a36,871803,,complete,,5d9b07899cf6ab001982b611,computer,Desktop or Laptop,Windows 10,Chrome 77.0.3865.90,1536x864,1536x754,,Demographics,2,No,response-1-year,27
5,1570441198410,07/10/2019 09:39:58,1570441200878,11,07/10/2019 20:40:00,9869,6,questionnaire-tubd,,3154831,5d3bfc3cfd969400182d0a36,871803,,complete,,5d9b07899cf6ab001982b611,computer,Desktop or Laptop,Windows 10,Chrome 77.0.3865.90,1536x864,1536x754,,Demographics,2,No,response-4,Female
6,1570441198410,07/10/2019 09:39:58,1570441200879,11,07/10/2019 20:40:00,9869,6,questionnaire-tubd,,3154831,5d3bfc3cfd969400182d0a36,871803,,complete,,5d9b07899cf6ab001982b611,computer,Desktop or Laptop,Windows 10,Chrome 77.0.3865.90,1536x864,1536x754,,Demographics,2,No,response-4-quantised,2
7,1570441198410,07/10/2019 09:39:58,1570441200879,11,07/10/2019 20:40:00,9869,6,questionnaire-tubd,,3154831,5d3bfc3cfd969400182d0a36,871803,,complete,,5d9b07899cf6ab001982b611,computer,Desktop or Laptop,Windows 10,Chrome 77.0.3865.90,1536x864,1536x754,,Demographics,2,No,END QUESTIONNAIRE,20559
1,1570441170577,07/10/2019 09:39:30,1570441170493,1,07/10/2019 10:39:30,9869,6,questionnaire-tubd,,3154830,5babd384952cba0001e86bdc,871791,,complete,,5d9b075102814f00138bd31c,computer,Desktop or Laptop,Windows 10,Chrome 77.0.3865.90,1920x1080,931x655,,Demographics,2,No,BEGIN QUESTIONNAIRE,
2,1570441187341,07/10/2019 09:39:47,1570441187318,1,07/10/2019 10:39:47,9869,6,questionnaire-tubd,,3154830,5babd384952cba0001e86bdc,871791,,complete,,5d9b075102814f00138bd31c,computer,Desktop or Laptop,Windows 10,Chrome 77.0.3865.90,1920x1080,931x655,,Demographics,2,No,response-1-day,0
3,1570441187388,07/10/2019 09:39:47,1570441187320,1,07/10/2019 10:39:47,9869,6,questionnaire-tubd,,3154830,5babd384952cba0001e86bdc,871791,,complete,,5d9b075102814f00138bd31c,computer,Desktop or Laptop,Windows 10,Chrome 77.0.3865.90,1920x1080,931x655,,Demographics,2,No,response-1-month,8
4,1570441187388,07/10/2019 09:39:47,1570441187320,1,07/10/2019 10:39:47,9869,6,questionnaire-tubd,,3154830,5babd384952cba0001e86bdc,871791,,complete,,5d9b075102814f00138bd31c,computer,Desktop or Laptop,Windows 10,Chrome 77.0.3865.90,1920x1080,931x655,,Demographics,2,No,response-1-year,35
5,1570441187388,07/10/2019 09:39:47,1570441187321,1,07/10/2019 10:39:47,9869,6,questionnaire-tubd,,3154830,5babd384952cba0001e86bdc,871791,,complete,,5d9b075102814f00138bd31c,computer,Desktop or Laptop,Windows 10,Chrome 77.0.3865.90,1920x1080,931x655,,Demographics,2,No,response-4,Male
6,1570441187388,07/10/2019 09:39:47,1570441187321,1,07/10/2019 10:39:47,9869,6,questionnaire-tubd,,3154830,5babd384952cba0001e86bdc,871791,,complete,,5d9b075102814f00138bd31c,computer,Desktop or Laptop,Windows 10,Chrome 77.0.3865.90,1920x1080,931x655,,Demographics,2,No,response-4-quantised,1
7,1570441187388,07/10/2019 09:39:47,1570441187322,1,07/10/2019 10:39:47,9869,6,questionnaire-tubd,,3154830,5babd384952cba0001e86bdc,871791,,complete,,5d9b075102814f00138bd31c,computer,Desktop or Laptop,Windows 10,Chrome 77.0.3865.90,1920x1080,931x655,,Demographics,2,No,END QUESTIONNAIRE,16828
1,1570441166389,07/10/2019 09:39:26,1570441166290,1,07/10/2019 10:39:26,9869,6,questionnaire-tubd,,3154829,5d559c77e9b57b001940c71f,871795,,complete,,5d9b07631e1e020015b1e623,computer,Desktop or Laptop,Mac OS 10.14.5,Safari 12.1.1,1440x900,1264x742,,Demographics,2,No,BEGIN QUESTIONNAIRE,
2,1570441183536,07/10/2019 09:39:43,1570441183473,1,07/10/2019 10:39:43,9869,6,questionnaire-tubd,,3154829,5d559c77e9b57b001940c71f,871795,,complete,,5d9b07631e1e020015b1e623,computer,Desktop or Laptop,Mac OS 10.14.5,Safari 12.1.1,1440x900,1264x742,,Demographics,2,No,response-1-day,17
3,1570441183646,07/10/2019 09:39:43,1570441183474,1,07/10/2019 10:39:43,9869,6,questionnaire-tubd,,3154829,5d559c77e9b57b001940c71f,871795,,complete,,5d9b07631e1e020015b1e623,computer,Desktop or Laptop,Mac OS 10.14.5,Safari 12.1.1,1440x900,1264x742,,Demographics,2,No,response-1-month,2
4,1570441183646,07/10/2019 09:39:43,1570441183474,1,07/10/2019 10:39:43,9869,6,questionnaire-tubd,,3154829,5d559c77e9b57b001940c71f,871795,,complete,,5d9b07631e1e020015b1e623,computer,Desktop or Laptop,Mac OS 10.14.5,Safari 12.1.1,1440x900,1264x742,,Demographics,2,No,response-1-year,34
5,1570441183646,07/10/2019 09:39:43,1570441183474,1,07/10/2019 10:39:43,9869,6,questionnaire-tubd,,3154829,5d559c77e9b57b001940c71f,871795,,complete,,5d9b07631e1e020015b1e623,computer,Desktop or Laptop,Mac OS 10.14.5,Safari 12.1.1,1440x900,1264x742,,Demographics,2,No,response-4,Female
6,1570441183646,07/10/2019 09:39:43,1570441183474,1,07/10/2019 10:39:43,9869,6,questionnaire-tubd,,3154829,5d559c77e9b57b001940c71f,871795,,complete,,5d9b07631e1e020015b1e623,computer,Desktop or Laptop,Mac OS 10.14.5,Safari 12.1.1,1440x900,1264x742,,Demographics,2,No,response-4-quantised,2
7,1570441183646,07/10/2019 09:39:43,1570441183474,1,07/10/2019 10:39:43,9869,6,questionnaire-tubd,,3154829,5d559c77e9b57b001940c71f,871795,,complete,,5d9b07631e1e020015b1e623,computer,Desktop or Laptop,Mac OS 10.14.5,Safari 12.1.1,1440x900,1264x742,,Demographics,2,No,END QUESTIONNAIRE,17185
1,1570441161072,07/10/2019 09:39:21,1570441162800,1,07/10/2019 10:39:22,9869,6,questionnaire-tubd,,3154827,56015f0877f33b000ecb28e2,871796,,complete,,5d9b07666b8071001690e6f8,computer,Desktop or Laptop,Windows 10,Chrome 77.0.3865.90,2560x1080,1707x671,,Demographics,2,No,BEGIN QUESTIONNAIRE,
2,1570441178921,07/10/2019 09:39:38,1570441180717,1,07/10/2019 10:39:40,9869,6,questionnaire-tubd,,3154827,56015f0877f33b000ecb28e2,871796,,complete,,5d9b07666b8071001690e6f8,computer,Desktop or Laptop,Windows 10,Chrome 77.0.3865.90,2560x1080,1707x671,,Demographics,2,No,response-1-day,25
3,1570441179015,07/10/2019 09:39:39,1570441180718,1,07/10/2019 10:39:40,9869,6,questionnaire-tubd,,3154827,56015f0877f33b000ecb28e2,871796,,complete,,5d9b07666b8071001690e6f8,computer,Desktop or Laptop,Windows 10,Chrome 77.0.3865.90,2560x1080,1707x671,,Demographics,2,No,response-1-month,11
4,1570441179015,07/10/2019 09:39:39,1570441180718,1,07/10/2019 10:39:40,9869,6,questionnaire-tubd,,3154827,56015f0877f33b000ecb28e2,871796,,complete,,5d9b07666b8071001690e6f8,computer,Desktop or Laptop,Windows 10,Chrome 77.0.3865.90,2560x1080,1707x671,,Demographics,2,No,response-1-year,57
5,1570441179015,07/10/2019 09:39:39,1570441180718,1,07/10/2019 10:39:40,9869,6,questionnaire-tubd,,3154827,56015f0877f33b000ecb28e2,871796,,complete,,5d9b07666b8071001690e6f8,computer,Desktop or Laptop,Windows 10,Chrome 77.0.3865.90,2560x1080,1707x671,,Demographics,2,No,response-4,Male
6,1570441179015,07/10/2019 09:39:39,1570441180718,1,07/10/2019 10:39:40,9869,6,questionnaire-tubd,,3154827,56015f0877f33b000ecb28e2,871796,,complete,,5d9b07666b8071001690e6f8,computer,Desktop or Laptop,Windows 10,Chrome 77.0.3865.90,2560x1080,1707x671,,Demographics,2,No,response-4-quantised,1
7,1570441179015,07/10/2019 09:39:39,1570441180718,1,07/10/2019 10:39:40,9869,6,questionnaire-tubd,,3154827,56015f0877f33b000ecb28e2,871796,,complete,,5d9b07666b8071001690e6f8,computer,Desktop or Laptop,Windows 10,Chrome 77.0.3865.90,2560x1080,1707x671,,Demographics,2,No,END QUESTIONNAIRE,17919
1,1570441156532,07/10/2019 09:39:16,1570441156380,1,07/10/2019 10:39:16,9869,6,questionnaire-tubd,,3154824,5973c94134b844000168d12f,871798,,complete,,5d9b078862b81002d9e8cacb,computer,Desktop or Laptop,Windows 10,Chrome 77.0.3865.90,1366x768,1366x625,,Demographics,2,No,BEGIN QUESTIONNAIRE,
2,1570441173512,07/10/2019 09:39:33,1570441173413,1,07/10/2019 10:39:33,9869,6,questionnaire-tubd,,3154824,5973c94134b844000168d12f,871798,,complete,,5d9b078862b81002d9e8cacb,computer,Desktop or Laptop,Windows 10,Chrome 77.0.3865.90,1366x768,1366x625,,Demographics,2,No,response-1-day,21
3,1570441173574,07/10/2019 09:39:33,1570441173415,1,07/10/2019 10:39:33,9869,6,questionnaire-tubd,,3154824,5973c94134b844000168d12f,871798,,complete,,5d9b078862b81002d9e8cacb,computer,Desktop or Laptop,Windows 10,Chrome 77.0.3865.90,1366x768,1366x625,,Demographics,2,No,response-1-month,1
4,1570441173574,07/10/2019 09:39:33,1570441173415,1,07/10/2019 10:39:33,9869,6,questionnaire-tubd,,3154824,5973c94134b844000168d12f,871798,,complete,,5d9b078862b81002d9e8cacb,computer,Desktop or Laptop,Windows 10,Chrome 77.0.3865.90,1366x768,1366x625,,Demographics,2,No,response-1-year,46
5,1570441173574,07/10/2019 09:39:33,1570441173415,1,07/10/2019 10:39:33,9869,6,questionnaire-tubd,,3154824,5973c94134b844000168d12f,871798,,complete,,5d9b078862b81002d9e8cacb,computer,Desktop or Laptop,Windows 10,Chrome 77.0.3865.90,1366x768,1366x625,,Demographics,2,No,response-4,Female
6,1570441173574,07/10/2019 09:39:33,1570441173415,1,07/10/2019 10:39:33,9869,6,questionnaire-tubd,,3154824,5973c94134b844000168d12f,871798,,complete,,5d9b078862b81002d9e8cacb,computer,Desktop or Laptop,Windows 10,Chrome 77.0.3865.90,1366x768,1366x625,,Demographics,2,No,response-4-quantised,2
7,1570441173574,07/10/2019 09:39:33,1570441173416,1,07/10/2019 10:39:33,9869,6,questionnaire-tubd,,3154824,5973c94134b844000168d12f,871798,,complete,,5d9b078862b81002d9e8cacb,computer,Desktop or Laptop,Windows 10,Chrome 77.0.3865.90,1366x768,1366x625,,Demographics,2,No,END QUESTIONNAIRE,17036
1,1570441132659,07/10/2019 09:38:52,1570441132381,1,07/10/2019 10:38:52,9869,6,questionnaire-tubd,,3154814,5788bc4082f7f90001ee7a6c,871797,,complete,,5d9b076f7f79070015f9315e,computer,Desktop or Laptop,Windows 10,Firefox 68.0,1280x720,1280x594,,Demographics,2,No,BEGIN QUESTIONNAIRE,
2,1570441153171,07/10/2019 09:39:13,1570441152938,1,07/10/2019 10:39:12,9869,6,questionnaire-tubd,,3154814,5788bc4082f7f90001ee7a6c,871797,,complete,,5d9b076f7f79070015f9315e,computer,Desktop or Laptop,Windows 10,Firefox 68.0,1280x720,1280x594,,Demographics,2,No,response-1-day,6
3,1570441153452,07/10/2019 09:39:13,1570441152941,1,07/10/2019 10:39:12,9869,6,questionnaire-tubd,,3154814,5788bc4082f7f90001ee7a6c,871797,,complete,,5d9b076f7f79070015f9315e,computer,Desktop or Laptop,Windows 10,Firefox 68.0,1280x720,1280x594,,Demographics,2,No,response-1-month,9
4,1570441153452,07/10/2019 09:39:13,1570441152941,1,07/10/2019 10:39:12,9869,6,questionnaire-tubd,,3154814,5788bc4082f7f90001ee7a6c,871797,,complete,,5d9b076f7f79070015f9315e,computer,Desktop or Laptop,Windows 10,Firefox 68.0,1280x720,1280x594,,Demographics,2,No,response-1-year,44
5,1570441153452,07/10/2019 09:39:13,1570441152942,1,07/10/2019 10:39:12,9869,6,questionnaire-tubd,,3154814,5788bc4082f7f90001ee7a6c,871797,,complete,,5d9b076f7f79070015f9315e,computer,Desktop or Laptop,Windows 10,Firefox 68.0,1280x720,1280x594,,Demographics,2,No,response-4,Other
6,1570441153452,07/10/2019 09:39:13,1570441152942,1,07/10/2019 10:39:12,9869,6,questionnaire-tubd,,3154814,5788bc4082f7f90001ee7a6c,871797,,complete,,5d9b076f7f79070015f9315e,computer,Desktop or Laptop,Windows 10,Firefox 68.0,1280x720,1280x594,,Demographics,2,No,response-4-quantised,3
7,1570441153452,07/10/2019 09:39:13,1570441152943,1,07/10/2019 10:39:12,9869,6,questionnaire-tubd,,3154814,5788bc4082f7f90001ee7a6c,871797,,complete,,5d9b076f7f79070015f9315e,computer,Desktop or Laptop,Windows 10,Firefox 68.0,1280x720,1280x594,,Demographics,2,No,END QUESTIONNAIRE,20563
1,1570441117146,07/10/2019 09:38:37,1570441116194,3,07/10/2019 12:38:36,9869,6,questionnaire-tubd,,3154805,5d8c9182bc22d700191aef2b,871787,,complete,,5d9b071746a93c0013005d0f,computer,Desktop or Laptop,Windows 10,Firefox 69.0,1536x864,1536x750,,Demographics,2,No,BEGIN QUESTIONNAIRE,
2,1570441129112,07/10/2019 09:38:49,1570441128231,3,07/10/2019 12:38:48,9869,6,questionnaire-tubd,,3154805,5d8c9182bc22d700191aef2b,871787,,complete,,5d9b071746a93c0013005d0f,computer,Desktop or Laptop,Windows 10,Firefox 69.0,1536x864,1536x750,,Demographics,2,No,response-1-day,10
3,1570441129268,07/10/2019 09:38:49,1570441128235,3,07/10/2019 12:38:48,9869,6,questionnaire-tubd,,3154805,5d8c9182bc22d700191aef2b,871787,,complete,,5d9b071746a93c0013005d0f,computer,Desktop or Laptop,Windows 10,Firefox 69.0,1536x864,1536x750,,Demographics,2,No,response-1-month,6
4,1570441129268,07/10/2019 09:38:49,1570441128236,3,07/10/2019 12:38:48,9869,6,questionnaire-tubd,,3154805,5d8c9182bc22d700191aef2b,871787,,complete,,5d9b071746a93c0013005d0f,computer,Desktop or Laptop,Windows 10,Firefox 69.0,1536x864,1536x750,,Demographics,2,No,response-1-year,36
5,1570441129268,07/10/2019 09:38:49,1570441128236,3,07/10/2019 12:38:48,9869,6,questionnaire-tubd,,3154805,5d8c9182bc22d700191aef2b,871787,,complete,,5d9b071746a93c0013005d0f,computer,Desktop or Laptop,Windows 10,Firefox 69.0,1536x864,1536x750,,Demographics,2,No,response-4,Male
6,1570441129268,07/10/2019 09:38:49,1570441128236,3,07/10/2019 12:38:48,9869,6,questionnaire-tubd,,3154805,5d8c9182bc22d700191aef2b,871787,,complete,,5d9b071746a93c0013005d0f,computer,Desktop or Laptop,Windows 10,Firefox 69.0,1536x864,1536x750,,Demographics,2,No,response-4-quantised,1
7,1570441129268,07/10/2019 09:38:49,1570441128238,3,07/10/2019 12:38:48,9869,6,questionnaire-tubd,,3154805,5d8c9182bc22d700191aef2b,871787,,complete,,5d9b071746a93c0013005d0f,computer,Desktop or Laptop,Windows 10,Firefox 69.0,1536x864,1536x750,,Demographics,2,No,END QUESTIONNAIRE,12045
1,1570441106661,07/10/2019 09:38:26,1570441110282,1,07/10/2019 10:38:30,9869,6,questionnaire-tubd,,3154797,5bcdcec677740000016ad642,871793,,complete,,5d9b07627c3eea0018bcc5b3,computer,Desktop or Laptop,Windows 10,Chrome 77.0.3865.90,2560x1440,1676x1231,,Demographics,2,No,BEGIN QUESTIONNAIRE,
2,1570441119286,07/10/2019 09:38:39,1570441122980,1,07/10/2019 10:38:42,9869,6,questionnaire-tubd,,3154797,5bcdcec677740000016ad642,871793,,complete,,5d9b07627c3eea0018bcc5b3,computer,Desktop or Laptop,Windows 10,Chrome 77.0.3865.90,2560x1440,1676x1231,,Demographics,2,No,response-1-day,21
3,1570441119364,07/10/2019 09:38:39,1570441122982,1,07/10/2019 10:38:42,9869,6,questionnaire-tubd,,3154797,5bcdcec677740000016ad642,871793,,complete,,5d9b07627c3eea0018bcc5b3,computer,Desktop or Laptop,Windows 10,Chrome 77.0.3865.90,2560x1440,1676x1231,,Demographics,2,No,response-1-month,9
4,1570441119364,07/10/2019 09:38:39,1570441122982,1,07/10/2019 10:38:42,9869,6,questionnaire-tubd,,3154797,5bcdcec677740000016ad642,871793,,complete,,5d9b07627c3eea0018bcc5b3,computer,Desktop or Laptop,Windows 10,Chrome 77.0.3865.90,2560x1440,1676x1231,,Demographics,2,No,response-1-year,46
5,1570441119364,07/10/2019 09:38:39,1570441122983,1,07/10/2019 10:38:42,9869,6,questionnaire-tubd,,3154797,5bcdcec677740000016ad642,871793,,complete,,5d9b07627c3eea0018bcc5b3,computer,Desktop or Laptop,Windows 10,Chrome 77.0.3865.90,2560x1440,1676x1231,,Demographics,2,No,response-4,Male
6,1570441119364,07/10/2019 09:38:39,1570441122983,1,07/10/2019 10:38:42,9869,6,questionnaire-tubd,,3154797,5bcdcec677740000016ad642,871793,,complete,,5d9b07627c3eea0018bcc5b3,computer,Desktop or Laptop,Windows 10,Chrome 77.0.3865.90,2560x1440,1676x1231,,Demographics,2,No,response-4-quantised,1
7,1570441119364,07/10/2019 09:38:39,1570441122983,1,07/10/2019 10:38:42,9869,6,questionnaire-tubd,,3154797,5bcdcec677740000016ad642,871793,,complete,,5d9b07627c3eea0018bcc5b3,computer,Desktop or Laptop,Windows 10,Chrome 77.0.3865.90,2560x1440,1676x1231,,Demographics,2,No,END QUESTIONNAIRE,12701
1,1570441099014,07/10/2019 09:38:19,1570441093652,2,07/10/2019 11:38:13,9869,6,questionnaire-tubd,,3154792,5c97b9bdb18d000001e1b0fb,871784,,complete,,5d9b07208e606500153d4a3b,computer,Desktop or Laptop,Windows 10,Chrome 77.0.3865.90,1280x1024,1280x881,,Demographics,2,No,BEGIN QUESTIONNAIRE,
2,1570441117787,07/10/2019 09:38:37,1570441112424,2,07/10/2019 11:38:32,9869,6,questionnaire-tubd,,3154792,5c97b9bdb18d000001e1b0fb,871784,,complete,,5d9b07208e606500153d4a3b,computer,Desktop or Laptop,Windows 10,Chrome 77.0.3865.90,1280x1024,1280x881,,Demographics,2,No,response-1-day,8
3,1570441117911,07/10/2019 09:38:37,1570441112476,2,07/10/2019 11:38:32,9869,6,questionnaire-tubd,,3154792,5c97b9bdb18d000001e1b0fb,871784,,complete,,5d9b07208e606500153d4a3b,computer,Desktop or Laptop,Windows 10,Chrome 77.0.3865.90,1280x1024,1280x881,,Demographics,2,No,response-1-month,9
4,1570441117911,07/10/2019 09:38:37,1570441112477,2,07/10/2019 11:38:32,9869,6,questionnaire-tubd,,3154792,5c97b9bdb18d000001e1b0fb,871784,,complete,,5d9b07208e606500153d4a3b,computer,Desktop or Laptop,Windows 10,Chrome 77.0.3865.90,1280x1024,1280x881,,Demographics,2,No,response-1-year,24
5,1570441117911,07/10/2019 09:38:37,1570441112487,2,07/10/2019 11:38:32,9869,6,questionnaire-tubd,,3154792,5c97b9bdb18d000001e1b0fb,871784,,complete,,5d9b07208e606500153d4a3b,computer,Desktop or Laptop,Windows 10,Chrome 77.0.3865.90,1280x1024,1280x881,,Demographics,2,No,response-4,Female
6,1570441117911,07/10/2019 09:38:37,1570441112489,2,07/10/2019 11:38:32,9869,6,questionnaire-tubd,,3154792,5c97b9bdb18d000001e1b0fb,871784,,complete,,5d9b07208e606500153d4a3b,computer,Desktop or Laptop,Windows 10,Chrome 77.0.3865.90,1280x1024,1280x881,,Demographics,2,No,response-4-quantised,2
7,1570441117911,07/10/2019 09:38:37,1570441112491,2,07/10/2019 11:38:32,9869,6,questionnaire-tubd,,3154792,5c97b9bdb18d000001e1b0fb,871784,,complete,,5d9b07208e606500153d4a3b,computer,Desktop or Laptop,Windows 10,Chrome 77.0.3865.90,1280x1024,1280x881,,Demographics,2,No,END QUESTIONNAIRE,18839
1,1570441098261,07/10/2019 09:38:18,1570441074193,11,07/10/2019 20:37:54,9869,6,questionnaire-tubd,,3154791,5ba09ec3061141000107657c,871792,,complete,,5d9b07494e3fe8001ad1d68b,computer,Desktop or Laptop,Windows 10,Chrome 77.0.3865.90,1920x1080,1920x1007,,Demographics,2,No,BEGIN QUESTIONNAIRE,
2,1570441108715,07/10/2019 09:38:28,1570441084723,11,07/10/2019 20:38:04,9869,6,questionnaire-tubd,,3154791,5ba09ec3061141000107657c,871792,,complete,,5d9b07494e3fe8001ad1d68b,computer,Desktop or Laptop,Windows 10,Chrome 77.0.3865.90,1920x1080,1920x1007,,Demographics,2,No,response-1-day,9
3,1570441109121,07/10/2019 09:38:29,1570441084724,11,07/10/2019 20:38:04,9869,6,questionnaire-tubd,,3154791,5ba09ec3061141000107657c,871792,,complete,,5d9b07494e3fe8001ad1d68b,computer,Desktop or Laptop,Windows 10,Chrome 77.0.3865.90,1920x1080,1920x1007,,Demographics,2,No,response-1-month,10
4,1570441109121,07/10/2019 09:38:29,1570441084724,11,07/10/2019 20:38:04,9869,6,questionnaire-tubd,,3154791,5ba09ec3061141000107657c,871792,,complete,,5d9b07494e3fe8001ad1d68b,computer,Desktop or Laptop,Windows 10,Chrome 77.0.3865.90,1920x1080,1920x1007,,Demographics,2,No,response-1-year,33
5,1570441109121,07/10/2019 09:38:29,1570441084724,11,07/10/2019 20:38:04,9869,6,questionnaire-tubd,,3154791,5ba09ec3061141000107657c,871792,,complete,,5d9b07494e3fe8001ad1d68b,computer,Desktop or Laptop,Windows 10,Chrome 77.0.3865.90,1920x1080,1920x1007,,Demographics,2,No,response-4,Female
6,1570441109121,07/10/2019 09:38:29,1570441084724,11,07/10/2019 20:38:04,9869,6,questionnaire-tubd,,3154791,5ba09ec3061141000107657c,871792,,complete,,5d9b07494e3fe8001ad1d68b,computer,Desktop or Laptop,Windows 10,Chrome 77.0.3865.90,1920x1080,1920x1007,,Demographics,2,No,response-4-quantised,2
7,1570441109121,07/10/2019 09:38:29,1570441084725,11,07/10/2019 20:38:04,9869,6,questionnaire-tubd,,3154791,5ba09ec3061141000107657c,871792,,complete,,5d9b07494e3fe8001ad1d68b,computer,Desktop or Laptop,Windows 10,Chrome 77.0.3865.90,1920x1080,1920x1007,,Demographics,2,No,END QUESTIONNAIRE,10533
1,1570441094825,07/10/2019 09:38:14,1570441094719,1,07/10/2019 10:38:14,9869,6,questionnaire-tubd,,3154789,5bbd09effa09af00011edec1,871788,,complete,,5d9b073a30e92d0015577ded,computer,Desktop or Laptop,Mac OS 10.13.6,Safari 13.0.1,1440x900,1199x837,,Demographics,2,No,BEGIN QUESTIONNAIRE,
2,1570441205094,07/10/2019 09:40:05,1570441204880,1,07/10/2019 10:40:04,9869,6,questionnaire-tubd,,3154789,5bbd09effa09af00011edec1,871788,,complete,,5d9b073a30e92d0015577ded,computer,Desktop or Laptop,Mac OS 10.13.6,Safari 13.0.1,1440x900,1199x837,,Demographics,2,No,response-1-day,1
3,1570441205188,07/10/2019 09:40:05,1570441204883,1,07/10/2019 10:40:04,9869,6,questionnaire-tubd,,3154789,5bbd09effa09af00011edec1,871788,,complete,,5d9b073a30e92d0015577ded,computer,Desktop or Laptop,Mac OS 10.13.6,Safari 13.0.1,1440x900,1199x837,,Demographics,2,No,response-1-month,2
4,1570441205188,07/10/2019 09:40:05,1570441204883,1,07/10/2019 10:40:04,9869,6,questionnaire-tubd,,3154789,5bbd09effa09af00011edec1,871788,,complete,,5d9b073a30e92d0015577ded,computer,Desktop or Laptop,Mac OS 10.13.6,Safari 13.0.1,1440x900,1199x837,,Demographics,2,No,response-1-year,43
5,1570441205188,07/10/2019 09:40:05,1570441204883,1,07/10/2019 10:40:04,9869,6,questionnaire-tubd,,3154789,5bbd09effa09af00011edec1,871788,,complete,,5d9b073a30e92d0015577ded,computer,Desktop or Laptop,Mac OS 10.13.6,Safari 13.0.1,1440x900,1199x837,,Demographics,2,No,response-4,Female
6,1570441205188,07/10/2019 09:40:05,1570441204883,1,07/10/2019 10:40:04,9869,6,questionnaire-tubd,,3154789,5bbd09effa09af00011edec1,871788,,complete,,5d9b073a30e92d0015577ded,computer,Desktop or Laptop,Mac OS 10.13.6,Safari 13.0.1,1440x900,1199x837,,Demographics,2,No,response-4-quantised,2
7,1570441205188,07/10/2019 09:40:05,1570441204883,1,07/10/2019 10:40:04,9869,6,questionnaire-tubd,,3154789,5bbd09effa09af00011edec1,871788,,complete,,5d9b073a30e92d0015577ded,computer,Desktop or Laptop,Mac OS 10.13.6,Safari 13.0.1,1440x900,1199x837,,Demographics,2,No,END QUESTIONNAIRE,110164
1,1570441092492,07/10/2019 09:38:12,1570441093139,2,07/10/2019 11:38:13,9869,6,questionnaire-tubd,,3154786,5ce2e278f177190001371a0a,871783,,complete,,5d9b072fdf2d7102c4e21920,computer,Desktop or Laptop,Windows 8.1,Chrome 77.0.3865.90,1366x768,1366x657,,Demographics,2,No,BEGIN QUESTIONNAIRE,
2,1570441110452,07/10/2019 09:38:30,1570441111131,2,07/10/2019 11:38:31,9869,6,questionnaire-tubd,,3154786,5ce2e278f177190001371a0a,871783,,complete,,5d9b072fdf2d7102c4e21920,computer,Desktop or Laptop,Windows 8.1,Chrome 77.0.3865.90,1366x768,1366x657,,Demographics,2,No,response-1-day,24
3,1570441110577,07/10/2019 09:38:30,1570441111135,2,07/10/2019 11:38:31,9869,6,questionnaire-tubd,,3154786,5ce2e278f177190001371a0a,871783,,complete,,5d9b072fdf2d7102c4e21920,computer,Desktop or Laptop,Windows 8.1,Chrome 77.0.3865.90,1366x768,1366x657,,Demographics,2,No,response-1-month,0
4,1570441110577,07/10/2019 09:38:30,1570441111135,2,07/10/2019 11:38:31,9869,6,questionnaire-tubd,,3154786,5ce2e278f177190001371a0a,871783,,complete,,5d9b072fdf2d7102c4e21920,computer,Desktop or Laptop,Windows 8.1,Chrome 77.0.3865.90,1366x768,1366x657,,Demographics,2,No,response-1-year,26
5,1570441110577,07/10/2019 09:38:30,1570441111136,2,07/10/2019 11:38:31,9869,6,questionnaire-tubd,,3154786,5ce2e278f177190001371a0a,871783,,complete,,5d9b072fdf2d7102c4e21920,computer,Desktop or Laptop,Windows 8.1,Chrome 77.0.3865.90,1366x768,1366x657,,Demographics,2,No,response-4,Male
6,1570441110577,07/10/2019 09:38:30,1570441111139,2,07/10/2019 11:38:31,9869,6,questionnaire-tubd,,3154786,5ce2e278f177190001371a0a,871783,,complete,,5d9b072fdf2d7102c4e21920,computer,Desktop or Laptop,Windows 8.1,Chrome 77.0.3865.90,1366x768,1366x657,,Demographics,2,No,response-4-quantised,1
7,1570441110577,07/10/2019 09:38:30,1570441111139,2,07/10/2019 11:38:31,9869,6,questionnaire-tubd,,3154786,5ce2e278f177190001371a0a,871783,,complete,,5d9b072fdf2d7102c4e21920,computer,Desktop or Laptop,Windows 8.1,Chrome 77.0.3865.90,1366x768,1366x657,,Demographics,2,No,END QUESTIONNAIRE,18000
1,1570441085808,07/10/2019 09:38:05,1570441087140,1,07/10/2019 10:38:07,9869,6,questionnaire-tubd,,3154784,5c74441226920800163fd93c,871785,,complete,,5d9b072826df7003d9921bb6,computer,Desktop or Laptop,Windows 10,Firefox 69.0,1600x900,1600x764,,Demographics,2,No,BEGIN QUESTIONNAIRE,
2,1570441095774,07/10/2019 09:38:15,1570441097152,1,07/10/2019 10:38:17,9869,6,questionnaire-tubd,,3154784,5c74441226920800163fd93c,871785,,complete,,5d9b072826df7003d9921bb6,computer,Desktop or Laptop,Windows 10,Firefox 69.0,1600x900,1600x764,,Demographics,2,No,response-1-day,29
3,1570441095852,07/10/2019 09:38:15,1570441097154,1,07/10/2019 10:38:17,9869,6,questionnaire-tubd,,3154784,5c74441226920800163fd93c,871785,,complete,,5d9b072826df7003d9921bb6,computer,Desktop or Laptop,Windows 10,Firefox 69.0,1600x900,1600x764,,Demographics,2,No,response-1-month,8
4,1570441095852,07/10/2019 09:38:15,1570441097154,1,07/10/2019 10:38:17,9869,6,questionnaire-tubd,,3154784,5c74441226920800163fd93c,871785,,complete,,5d9b072826df7003d9921bb6,computer,Desktop or Laptop,Windows 10,Firefox 69.0,1600x900,1600x764,,Demographics,2,No,response-1-year,40
5,1570441095852,07/10/2019 09:38:15,1570441097154,1,07/10/2019 10:38:17,9869,6,questionnaire-tubd,,3154784,5c74441226920800163fd93c,871785,,complete,,5d9b072826df7003d9921bb6,computer,Desktop or Laptop,Windows 10,Firefox 69.0,1600x900,1600x764,,Demographics,2,No,response-4,Female
6,1570441095852,07/10/2019 09:38:15,1570441097154,1,07/10/2019 10:38:17,9869,6,questionnaire-tubd,,3154784,5c74441226920800163fd93c,871785,,complete,,5d9b072826df7003d9921bb6,computer,Desktop or Laptop,Windows 10,Firefox 69.0,1600x900,1600x764,,Demographics,2,No,response-4-quantised,2
7,1570441095852,07/10/2019 09:38:15,1570441097154,1,07/10/2019 10:38:17,9869,6,questionnaire-tubd,,3154784,5c74441226920800163fd93c,871785,,complete,,5d9b072826df7003d9921bb6,computer,Desktop or Laptop,Windows 10,Firefox 69.0,1600x900,1600x764,,Demographics,2,No,END QUESTIONNAIRE,10014
1,1570441079105,07/10/2019 09:37:59,1570441079029,1,07/10/2019 10:37:59,9869,6,questionnaire-tubd,,3154781,5d61423130bf0c001519c81f,871778,,complete,,5d9b0701d3d0ac0015ddb00b,computer,Desktop or Laptop,Mac OS 10.14.0,Chrome 76.0.3809.132,1280x800,1280x720,,Demographics,2,No,BEGIN QUESTIONNAIRE,
2,1570441254682,07/10/2019 09:40:54,1570441254126,1,07/10/2019 10:40:54,9869,6,questionnaire-tubd,,3154781,5d61423130bf0c001519c81f,871778,,complete,,5d9b0701d3d0ac0015ddb00b,computer,Desktop or Laptop,Mac OS 10.14.0,Chrome 76.0.3809.132,1280x800,1280x720,,Demographics,2,No,response-1-day,6
3,1570441254790,07/10/2019 09:40:54,1570441254128,1,07/10/2019 10:40:54,9869,6,questionnaire-tubd,,3154781,5d61423130bf0c001519c81f,871778,,complete,,5d9b0701d3d0ac0015ddb00b,computer,Desktop or Laptop,Mac OS 10.14.0,Chrome 76.0.3809.132,1280x800,1280x720,,Demographics,2,No,response-1-month,1
4,1570441254790,07/10/2019 09:40:54,1570441254128,1,07/10/2019 10:40:54,9869,6,questionnaire-tubd,,3154781,5d61423130bf0c001519c81f,871778,,complete,,5d9b0701d3d0ac0015ddb00b,computer,Desktop or Laptop,Mac OS 10.14.0,Chrome 76.0.3809.132,1280x800,1280x720,,Demographics,2,No,response-1-year,19
5,1570441254790,07/10/2019 09:40:54,1570441254128,1,07/10/2019 10:40:54,9869,6,questionnaire-tubd,,3154781,5d61423130bf0c001519c81f,871778,,complete,,5d9b0701d3d0ac0015ddb00b,computer,Desktop or Laptop,Mac OS 10.14.0,Chrome 76.0.3809.132,1280x800,1280x720,,Demographics,2,No,response-4,Female
6,1570441254790,07/10/2019 09:40:54,1570441254128,1,07/10/2019 10:40:54,9869,6,questionnaire-tubd,,3154781,5d61423130bf0c001519c81f,871778,,complete,,5d9b0701d3d0ac0015ddb00b,computer,Desktop or Laptop,Mac OS 10.14.0,Chrome 76.0.3809.132,1280x800,1280x720,,Demographics,2,No,response-4-quantised,2
7,1570441254790,07/10/2019 09:40:54,1570441254128,1,07/10/2019 10:40:54,9869,6,questionnaire-tubd,,3154781,5d61423130bf0c001519c81f,871778,,complete,,5d9b0701d3d0ac0015ddb00b,computer,Desktop or Laptop,Mac OS 10.14.0,Chrome 76.0.3809.132,1280x800,1280x720,,Demographics,2,No,END QUESTIONNAIRE,175099
1,1570441078136,07/10/2019 09:37:58,1570441078101,1,07/10/2019 10:37:58,9869,6,questionnaire-tubd,,3154780,5ce00c12ccdf040015e933f1,871789,,complete,,5d9b073b8fd9900016372c9b,computer,Desktop or Laptop,Windows 10,Chrome 77.0.3865.90,1366x768,1366x625,,Demographics,2,No,BEGIN QUESTIONNAIRE,
2,1570441096274,07/10/2019 09:38:16,1570441096300,1,07/10/2019 10:38:16,9869,6,questionnaire-tubd,,3154780,5ce00c12ccdf040015e933f1,871789,,complete,,5d9b073b8fd9900016372c9b,computer,Desktop or Laptop,Windows 10,Chrome 77.0.3865.90,1366x768,1366x625,,Demographics,2,No,response-1-day,15
3,1570441096493,07/10/2019 09:38:16,1570441096305,1,07/10/2019 10:38:16,9869,6,questionnaire-tubd,,3154780,5ce00c12ccdf040015e933f1,871789,,complete,,5d9b073b8fd9900016372c9b,computer,Desktop or Laptop,Windows 10,Chrome 77.0.3865.90,1366x768,1366x625,,Demographics,2,No,response-1-month,2
4,1570441096493,07/10/2019 09:38:16,1570441096313,1,07/10/2019 10:38:16,9869,6,questionnaire-tubd,,3154780,5ce00c12ccdf040015e933f1,871789,,complete,,5d9b073b8fd9900016372c9b,computer,Desktop or Laptop,Windows 10,Chrome 77.0.3865.90,1366x768,1366x625,,Demographics,2,No,response-1-year,34
5,1570441096493,07/10/2019 09:38:16,1570441096313,1,07/10/2019 10:38:16,9869,6,questionnaire-tubd,,3154780,5ce00c12ccdf040015e933f1,871789,,complete,,5d9b073b8fd9900016372c9b,computer,Desktop or Laptop,Windows 10,Chrome 77.0.3865.90,1366x768,1366x625,,Demographics,2,No,response-4,Female
6,1570441096493,07/10/2019 09:38:16,1570441096314,1,07/10/2019 10:38:16,9869,6,questionnaire-tubd,,3154780,5ce00c12ccdf040015e933f1,871789,,complete,,5d9b073b8fd9900016372c9b,computer,Desktop or Laptop,Windows 10,Chrome 77.0.3865.90,1366x768,1366x625,,Demographics,2,No,response-4-quantised,2
7,1570441096493,07/10/2019 09:38:16,1570441096315,1,07/10/2019 10:38:16,9869,6,questionnaire-tubd,,3154780,5ce00c12ccdf040015e933f1,871789,,complete,,5d9b073b8fd9900016372c9b,computer,Desktop or Laptop,Windows 10,Chrome 77.0.3865.90,1366x768,1366x625,,Demographics,2,No,END QUESTIONNAIRE,18215
1,1570441072375,07/10/2019 09:37:52,1570441542306,1,07/10/2019 10:45:42,9869,6,questionnaire-tubd,,3154776,58a6d9a769733b0001af67e1,871786,,complete,,5d9b07361abbe700154a04e2,computer,Desktop or Laptop,Windows 7,Chrome 77.0.3865.90,1680x1050,1680x939,,Demographics,2,No,BEGIN QUESTIONNAIRE,
2,1570441093039,07/10/2019 09:38:13,1570441563017,1,07/10/2019 10:46:03,9869,6,questionnaire-tubd,,3154776,58a6d9a769733b0001af67e1,871786,,complete,,5d9b07361abbe700154a04e2,computer,Desktop or Laptop,Windows 7,Chrome 77.0.3865.90,1680x1050,1680x939,,Demographics,2,No,response-1-day,20
3,1570441093102,07/10/2019 09:38:13,1570441563020,1,07/10/2019 10:46:03,9869,6,questionnaire-tubd,,3154776,58a6d9a769733b0001af67e1,871786,,complete,,5d9b07361abbe700154a04e2,computer,Desktop or Laptop,Windows 7,Chrome 77.0.3865.90,1680x1050,1680x939,,Demographics,2,No,response-1-month,5
4,1570441093102,07/10/2019 09:38:13,1570441563020,1,07/10/2019 10:46:03,9869,6,questionnaire-tubd,,3154776,58a6d9a769733b0001af67e1,871786,,complete,,5d9b07361abbe700154a04e2,computer,Desktop or Laptop,Windows 7,Chrome 77.0.3865.90,1680x1050,1680x939,,Demographics,2,No,response-1-year,43
5,1570441093102,07/10/2019 09:38:13,1570441563021,1,07/10/2019 10:46:03,9869,6,questionnaire-tubd,,3154776,58a6d9a769733b0001af67e1,871786,,complete,,5d9b07361abbe700154a04e2,computer,Desktop or Laptop,Windows 7,Chrome 77.0.3865.90,1680x1050,1680x939,,Demographics,2,No,response-4,Male
6,1570441093102,07/10/2019 09:38:13,1570441563021,1,07/10/2019 10:46:03,9869,6,questionnaire-tubd,,3154776,58a6d9a769733b0001af67e1,871786,,complete,,5d9b07361abbe700154a04e2,computer,Desktop or Laptop,Windows 7,Chrome 77.0.3865.90,1680x1050,1680x939,,Demographics,2,No,response-4-quantised,1
7,1570441093102,07/10/2019 09:38:13,1570441563021,1,07/10/2019 10:46:03,9869,6,questionnaire-tubd,,3154776,58a6d9a769733b0001af67e1,871786,,complete,,5d9b07361abbe700154a04e2,computer,Desktop or Laptop,Windows 7,Chrome 77.0.3865.90,1680x1050,1680x939,,Demographics,2,No,END QUESTIONNAIRE,20715
1,1570441064085,07/10/2019 09:37:44,1570441063976,1,07/10/2019 10:37:43,9869,6,questionnaire-tubd,,3154770,5c39f4e8bef9a20001e41ba4,871790,,complete,,5d9b074150714f0333c6d280,computer,Desktop or Laptop,Mac OS 10.10.5,Chrome 77.0.3865.90,1366x768,1366x656,,Demographics,2,No,BEGIN QUESTIONNAIRE,
2,1570441082121,07/10/2019 09:38:02,1570441082034,1,07/10/2019 10:38:02,9869,6,questionnaire-tubd,,3154770,5c39f4e8bef9a20001e41ba4,871790,,complete,,5d9b074150714f0333c6d280,computer,Desktop or Laptop,Mac OS 10.10.5,Chrome 77.0.3865.90,1366x768,1366x656,,Demographics,2,No,response-1-day,4
3,1570441082199,07/10/2019 09:38:02,1570441082038,1,07/10/2019 10:38:02,9869,6,questionnaire-tubd,,3154770,5c39f4e8bef9a20001e41ba4,871790,,complete,,5d9b074150714f0333c6d280,computer,Desktop or Laptop,Mac OS 10.10.5,Chrome 77.0.3865.90,1366x768,1366x656,,Demographics,2,No,response-1-month,11
4,1570441082199,07/10/2019 09:38:02,1570441082038,1,07/10/2019 10:38:02,9869,6,questionnaire-tubd,,3154770,5c39f4e8bef9a20001e41ba4,871790,,complete,,5d9b074150714f0333c6d280,computer,Desktop or Laptop,Mac OS 10.10.5,Chrome 77.0.3865.90,1366x768,1366x656,,Demographics,2,No,response-1-year,24
5,1570441082199,07/10/2019 09:38:02,1570441082039,1,07/10/2019 10:38:02,9869,6,questionnaire-tubd,,3154770,5c39f4e8bef9a20001e41ba4,871790,,complete,,5d9b074150714f0333c6d280,computer,Desktop or Laptop,Mac OS 10.10.5,Chrome 77.0.3865.90,1366x768,1366x656,,Demographics,2,No,response-4,Male
6,1570441082199,07/10/2019 09:38:02,1570441082039,1,07/10/2019 10:38:02,9869,6,questionnaire-tubd,,3154770,5c39f4e8bef9a20001e41ba4,871790,,complete,,5d9b074150714f0333c6d280,computer,Desktop or Laptop,Mac OS 10.10.5,Chrome 77.0.3865.90,1366x768,1366x656,,Demographics,2,No,response-4-quantised,1
7,1570441082199,07/10/2019 09:38:02,1570441082039,1,07/10/2019 10:38:02,9869,6,questionnaire-tubd,,3154770,5c39f4e8bef9a20001e41ba4,871790,,complete,,5d9b074150714f0333c6d280,computer,Desktop or Laptop,Mac OS 10.10.5,Chrome 77.0.3865.90,1366x768,1366x656,,Demographics,2,No,END QUESTIONNAIRE,18063
1,1570441047294,07/10/2019 09:37:27,1570441047214,1,07/10/2019 10:37:27,9869,6,questionnaire-tubd,,3154761,5d533167ecc842000130756c,871782,,complete,,5d9b07215d0f1c028d7204de,computer,Desktop or Laptop,Mac OS 10.11.6,Chrome 76.0.3809.132,1280x800,1202x584,,Demographics,2,No,BEGIN QUESTIONNAIRE,
2,1570441092914,07/10/2019 09:38:12,1570441092861,1,07/10/2019 10:38:12,9869,6,questionnaire-tubd,,3154761,5d533167ecc842000130756c,871782,,complete,,5d9b07215d0f1c028d7204de,computer,Desktop or Laptop,Mac OS 10.11.6,Chrome 76.0.3809.132,1280x800,1202x584,,Demographics,2,No,response-1-day,0
3,1570441092961,07/10/2019 09:38:12,1570441092863,1,07/10/2019 10:38:12,9869,6,questionnaire-tubd,,3154761,5d533167ecc842000130756c,871782,,complete,,5d9b07215d0f1c028d7204de,computer,Desktop or Laptop,Mac OS 10.11.6,Chrome 76.0.3809.132,1280x800,1202x584,,Demographics,2,No,response-1-month,8
4,1570441092961,07/10/2019 09:38:12,1570441092864,1,07/10/2019 10:38:12,9869,6,questionnaire-tubd,,3154761,5d533167ecc842000130756c,871782,,complete,,5d9b07215d0f1c028d7204de,computer,Desktop or Laptop,Mac OS 10.11.6,Chrome 76.0.3809.132,1280x800,1202x584,,Demographics,2,No,response-1-year,18
5,1570441092961,07/10/2019 09:38:12,1570441092864,1,07/10/2019 10:38:12,9869,6,questionnaire-tubd,,3154761,5d533167ecc842000130756c,871782,,complete,,5d9b07215d0f1c028d7204de,computer,Desktop or Laptop,Mac OS 10.11.6,Chrome 76.0.3809.132,1280x800,1202x584,,Demographics,2,No,response-4,Female
6,1570441092961,07/10/2019 09:38:12,1570441092864,1,07/10/2019 10:38:12,9869,6,questionnaire-tubd,,3154761,5d533167ecc842000130756c,871782,,complete,,5d9b07215d0f1c028d7204de,computer,Desktop or Laptop,Mac OS 10.11.6,Chrome 76.0.3809.132,1280x800,1202x584,,Demographics,2,No,response-4-quantised,2
7,1570441092961,07/10/2019 09:38:12,1570441092864,1,07/10/2019 10:38:12,9869,6,questionnaire-tubd,,3154761,5d533167ecc842000130756c,871782,,complete,,5d9b07215d0f1c028d7204de,computer,Desktop or Laptop,Mac OS 10.11.6,Chrome 76.0.3809.132,1280x800,1202x584,,Demographics,2,No,END QUESTIONNAIRE,45650
1,1570441043790,07/10/2019 09:37:23,1570441041854,1,07/10/2019 10:37:21,9869,6,questionnaire-tubd,,3154758,5d43e5f486382b001a579ef0,871781,,complete,,5d9b06c8654a3102c8112a38,computer,Desktop or Laptop,Windows 10,Chrome 77.0.3865.90,1920x1080,1920x937,,Demographics,2,No,BEGIN QUESTIONNAIRE,
2,1570441055100,07/10/2019 09:37:35,1570441053229,1,07/10/2019 10:37:33,9869,6,questionnaire-tubd,,3154758,5d43e5f486382b001a579ef0,871781,,complete,,5d9b06c8654a3102c8112a38,computer,Desktop or Laptop,Windows 10,Chrome 77.0.3865.90,1920x1080,1920x937,,Demographics,2,No,response-1-day,13
3,1570441055193,07/10/2019 09:37:35,1570441053230,1,07/10/2019 10:37:33,9869,6,questionnaire-tubd,,3154758,5d43e5f486382b001a579ef0,871781,,complete,,5d9b06c8654a3102c8112a38,computer,Desktop or Laptop,Windows 10,Chrome 77.0.3865.90,1920x1080,1920x937,,Demographics,2,No,response-1-month,10
4,1570441055193,07/10/2019 09:37:35,1570441053231,1,07/10/2019 10:37:33,9869,6,questionnaire-tubd,,3154758,5d43e5f486382b001a579ef0,871781,,complete,,5d9b06c8654a3102c8112a38,computer,Desktop or Laptop,Windows 10,Chrome 77.0.3865.90,1920x1080,1920x937,,Demographics,2,No,response-1-year,43
5,1570441055193,07/10/2019 09:37:35,1570441053231,1,07/10/2019 10:37:33,9869,6,questionnaire-tubd,,3154758,5d43e5f486382b001a579ef0,871781,,complete,,5d9b06c8654a3102c8112a38,computer,Desktop or Laptop,Windows 10,Chrome 77.0.3865.90,1920x1080,1920x937,,Demographics,2,No,response-4,Female
6,1570441055193,07/10/2019 09:37:35,1570441053231,1,07/10/2019 10:37:33,9869,6,questionnaire-tubd,,3154758,5d43e5f486382b001a579ef0,871781,,complete,,5d9b06c8654a3102c8112a38,computer,Desktop or Laptop,Windows 10,Chrome 77.0.3865.90,1920x1080,1920x937,,Demographics,2,No,response-4-quantised,2
7,1570441055193,07/10/2019 09:37:35,1570441053231,1,07/10/2019 10:37:33,9869,6,questionnaire-tubd,,3154758,5d43e5f486382b001a579ef0,871781,,complete,,5d9b06c8654a3102c8112a38,computer,Desktop or Laptop,Windows 10,Chrome 77.0.3865.90,1920x1080,1920x937,,Demographics,2,No,END QUESTIONNAIRE,11377
1,1570441041640,07/10/2019 09:37:21,1570441041894,1,07/10/2019 10:37:21,9869,6,questionnaire-tubd,,3154757,5ad20ccab438910001ac9b03,871776,,complete,,5d9b0700da246c0346f609e9,computer,Desktop or Laptop,Windows 10,Edge 18.17763,1536x864,1536x751,,Demographics,2,No,BEGIN QUESTIONNAIRE,
2,1570441052996,07/10/2019 09:37:32,1570441053311,1,07/10/2019 10:37:33,9869,6,questionnaire-tubd,,3154757,5ad20ccab438910001ac9b03,871776,,complete,,5d9b0700da246c0346f609e9,computer,Desktop or Laptop,Windows 10,Edge 18.17763,1536x864,1536x751,,Demographics,2,No,response-1-day,4
3,1570441053074,07/10/2019 09:37:33,1570441053312,1,07/10/2019 10:37:33,9869,6,questionnaire-tubd,,3154757,5ad20ccab438910001ac9b03,871776,,complete,,5d9b0700da246c0346f609e9,computer,Desktop or Laptop,Windows 10,Edge 18.17763,1536x864,1536x751,,Demographics,2,No,response-1-month,0
4,1570441053074,07/10/2019 09:37:33,1570441053312,1,07/10/2019 10:37:33,9869,6,questionnaire-tubd,,3154757,5ad20ccab438910001ac9b03,871776,,complete,,5d9b0700da246c0346f609e9,computer,Desktop or Laptop,Windows 10,Edge 18.17763,1536x864,1536x751,,Demographics,2,No,response-1-year,30
5,1570441053074,07/10/2019 09:37:33,1570441053313,1,07/10/2019 10:37:33,9869,6,questionnaire-tubd,,3154757,5ad20ccab438910001ac9b03,871776,,complete,,5d9b0700da246c0346f609e9,computer,Desktop or Laptop,Windows 10,Edge 18.17763,1536x864,1536x751,,Demographics,2,No,response-4,Female
6,1570441053074,07/10/2019 09:37:33,1570441053313,1,07/10/2019 10:37:33,9869,6,questionnaire-tubd,,3154757,5ad20ccab438910001ac9b03,871776,,complete,,5d9b0700da246c0346f609e9,computer,Desktop or Laptop,Windows 10,Edge 18.17763,1536x864,1536x751,,Demographics,2,No,response-4-quantised,2
7,1570441053074,07/10/2019 09:37:33,1570441053313,1,07/10/2019 10:37:33,9869,6,questionnaire-tubd,,3154757,5ad20ccab438910001ac9b03,871776,,complete,,5d9b0700da246c0346f609e9,computer,Desktop or Laptop,Windows 10,Edge 18.17763,1536x864,1536x751,,Demographics,2,No,END QUESTIONNAIRE,11419
1,1570441033288,07/10/2019 09:37:13,1570441033171,2,07/10/2019 11:37:13,9869,6,questionnaire-tubd,,3154753,5d3afc9c1e62af0001b027be,871773,,complete,,5d9b06e29d2a700012869ada,computer,Desktop or Laptop,Windows 8,Firefox 69.0,1366x768,1366x693,,Demographics,2,No,BEGIN QUESTIONNAIRE,
2,1570441043838,07/10/2019 09:37:23,1570441043772,2,07/10/2019 11:37:23,9869,6,questionnaire-tubd,,3154753,5d3afc9c1e62af0001b027be,871773,,complete,,5d9b06e29d2a700012869ada,computer,Desktop or Laptop,Windows 8,Firefox 69.0,1366x768,1366x693,,Demographics,2,No,response-1-day,18
3,1570441043947,07/10/2019 09:37:23,1570441043777,2,07/10/2019 11:37:23,9869,6,questionnaire-tubd,,3154753,5d3afc9c1e62af0001b027be,871773,,complete,,5d9b06e29d2a700012869ada,computer,Desktop or Laptop,Windows 8,Firefox 69.0,1366x768,1366x693,,Demographics,2,No,response-1-month,0
4,1570441043947,07/10/2019 09:37:23,1570441043777,2,07/10/2019 11:37:23,9869,6,questionnaire-tubd,,3154753,5d3afc9c1e62af0001b027be,871773,,complete,,5d9b06e29d2a700012869ada,computer,Desktop or Laptop,Windows 8,Firefox 69.0,1366x768,1366x693,,Demographics,2,No,response-1-year,24
5,1570441043947,07/10/2019 09:37:23,1570441043777,2,07/10/2019 11:37:23,9869,6,questionnaire-tubd,,3154753,5d3afc9c1e62af0001b027be,871773,,complete,,5d9b06e29d2a700012869ada,computer,Desktop or Laptop,Windows 8,Firefox 69.0,1366x768,1366x693,,Demographics,2,No,response-4,Male
6,1570441043947,07/10/2019 09:37:23,1570441043778,2,07/10/2019 11:37:23,9869,6,questionnaire-tubd,,3154753,5d3afc9c1e62af0001b027be,871773,,complete,,5d9b06e29d2a700012869ada,computer,Desktop or Laptop,Windows 8,Firefox 69.0,1366x768,1366x693,,Demographics,2,No,response-4-quantised,1
7,1570441043947,07/10/2019 09:37:23,1570441043778,2,07/10/2019 11:37:23,9869,6,questionnaire-tubd,,3154753,5d3afc9c1e62af0001b027be,871773,,complete,,5d9b06e29d2a700012869ada,computer,Desktop or Laptop,Windows 8,Firefox 69.0,1366x768,1366x693,,Demographics,2,No,END QUESTIONNAIRE,10607
1,1570441017659,07/10/2019 09:36:57,1570441017596,2,07/10/2019 11:36:57,9869,6,questionnaire-tubd,,3154740,5d42a10951bca600155fe28e,871777,,complete,,5d9b0705c0255a00179c6b2a,computer,Desktop or Laptop,Windows 10,Chrome 77.0.3865.90,1920x1080,1920x969,,Demographics,2,No,BEGIN QUESTIONNAIRE,
2,1570441027468,07/10/2019 09:37:07,1570441027453,2,07/10/2019 11:37:07,9869,6,questionnaire-tubd,,3154740,5d42a10951bca600155fe28e,871777,,complete,,5d9b0705c0255a00179c6b2a,computer,Desktop or Laptop,Windows 10,Chrome 77.0.3865.90,1920x1080,1920x969,,Demographics,2,No,response-1-day,20
3,1570441027545,07/10/2019 09:37:07,1570441027455,2,07/10/2019 11:37:07,9869,6,questionnaire-tubd,,3154740,5d42a10951bca600155fe28e,871777,,complete,,5d9b0705c0255a00179c6b2a,computer,Desktop or Laptop,Windows 10,Chrome 77.0.3865.90,1920x1080,1920x969,,Demographics,2,No,response-1-month,2
4,1570441027545,07/10/2019 09:37:07,1570441027455,2,07/10/2019 11:37:07,9869,6,questionnaire-tubd,,3154740,5d42a10951bca600155fe28e,871777,,complete,,5d9b0705c0255a00179c6b2a,computer,Desktop or Laptop,Windows 10,Chrome 77.0.3865.90,1920x1080,1920x969,,Demographics,2,No,response-1-year,24
5,1570441027545,07/10/2019 09:37:07,1570441027455,2,07/10/2019 11:37:07,9869,6,questionnaire-tubd,,3154740,5d42a10951bca600155fe28e,871777,,complete,,5d9b0705c0255a00179c6b2a,computer,Desktop or Laptop,Windows 10,Chrome 77.0.3865.90,1920x1080,1920x969,,Demographics,2,No,response-4,Male
6,1570441027545,07/10/2019 09:37:07,1570441027455,2,07/10/2019 11:37:07,9869,6,questionnaire-tubd,,3154740,5d42a10951bca600155fe28e,871777,,complete,,5d9b0705c0255a00179c6b2a,computer,Desktop or Laptop,Windows 10,Chrome 77.0.3865.90,1920x1080,1920x969,,Demographics,2,No,response-4-quantised,1
7,1570441027545,07/10/2019 09:37:07,1570441027455,2,07/10/2019 11:37:07,9869,6,questionnaire-tubd,,3154740,5d42a10951bca600155fe28e,871777,,complete,,5d9b0705c0255a00179c6b2a,computer,Desktop or Laptop,Windows 10,Chrome 77.0.3865.90,1920x1080,1920x969,,Demographics,2,No,END QUESTIONNAIRE,9859
1,1570441015987,07/10/2019 09:36:55,1570441015819,1,07/10/2019 10:36:55,9869,6,questionnaire-tubd,,3154739,5a5761ebac5624000153b4f6,871772,,complete,,5d9b06d53342a002bb65aeac,computer,Desktop or Laptop,Windows 10,Chrome 77.0.3865.90,1366x768,1304x697,,Demographics,2,No,BEGIN QUESTIONNAIRE,
2,1570441027077,07/10/2019 09:37:07,1570441026904,1,07/10/2019 10:37:06,9869,6,questionnaire-tubd,,3154739,5a5761ebac5624000153b4f6,871772,,complete,,5d9b06d53342a002bb65aeac,computer,Desktop or Laptop,Windows 10,Chrome 77.0.3865.90,1366x768,1304x697,,Demographics,2,No,response-1-day,3
3,1570441027264,07/10/2019 09:37:07,1570441026906,1,07/10/2019 10:37:06,9869,6,questionnaire-tubd,,3154739,5a5761ebac5624000153b4f6,871772,,complete,,5d9b06d53342a002bb65aeac,computer,Desktop or Laptop,Windows 10,Chrome 77.0.3865.90,1366x768,1304x697,,Demographics,2,No,response-1-month,3
4,1570441027264,07/10/2019 09:37:07,1570441026906,1,07/10/2019 10:37:06,9869,6,questionnaire-tubd,,3154739,5a5761ebac5624000153b4f6,871772,,complete,,5d9b06d53342a002bb65aeac,computer,Desktop or Laptop,Windows 10,Chrome 77.0.3865.90,1366x768,1304x697,,Demographics,2,No,response-1-year,32
5,1570441027264,07/10/2019 09:37:07,1570441026906,1,07/10/2019 10:37:06,9869,6,questionnaire-tubd,,3154739,5a5761ebac5624000153b4f6,871772,,complete,,5d9b06d53342a002bb65aeac,computer,Desktop or Laptop,Windows 10,Chrome 77.0.3865.90,1366x768,1304x697,,Demographics,2,No,response-4,Male
6,1570441027264,07/10/2019 09:37:07,1570441026906,1,07/10/2019 10:37:06,9869,6,questionnaire-tubd,,3154739,5a5761ebac5624000153b4f6,871772,,complete,,5d9b06d53342a002bb65aeac,computer,Desktop or Laptop,Windows 10,Chrome 77.0.3865.90,1366x768,1304x697,,Demographics,2,No,response-4-quantised,1
7,1570441027264,07/10/2019 09:37:07,1570441026906,1,07/10/2019 10:37:06,9869,6,questionnaire-tubd,,3154739,5a5761ebac5624000153b4f6,871772,,complete,,5d9b06d53342a002bb65aeac,computer,Desktop or Laptop,Windows 10,Chrome 77.0.3865.90,1366x768,1304x697,,Demographics,2,No,END QUESTIONNAIRE,11088
1,1570441004591,07/10/2019 09:36:44,1570441003534,1,07/10/2019 10:36:43,9869,6,questionnaire-tubd,,3154734,5aadb6d1811b2000016f75f7,871771,,complete,,5d9b06dd32715c00165c7dd2,computer,Desktop or Laptop,Windows 10,Chrome 77.0.3865.90,1368x912,1368x802,,Demographics,2,No,BEGIN QUESTIONNAIRE,
2,1570441017971,07/10/2019 09:36:57,1570441016984,1,07/10/2019 10:36:56,9869,6,questionnaire-tubd,,3154734,5aadb6d1811b2000016f75f7,871771,,complete,,5d9b06dd32715c00165c7dd2,computer,Desktop or Laptop,Windows 10,Chrome 77.0.3865.90,1368x912,1368x802,,Demographics,2,No,response-1-day,17
3,1570441018049,07/10/2019 09:36:58,1570441016985,1,07/10/2019 10:36:56,9869,6,questionnaire-tubd,,3154734,5aadb6d1811b2000016f75f7,871771,,complete,,5d9b06dd32715c00165c7dd2,computer,Desktop or Laptop,Windows 10,Chrome 77.0.3865.90,1368x912,1368x802,,Demographics,2,No,response-1-month,0
4,1570441018049,07/10/2019 09:36:58,1570441016986,1,07/10/2019 10:36:56,9869,6,questionnaire-tubd,,3154734,5aadb6d1811b2000016f75f7,871771,,complete,,5d9b06dd32715c00165c7dd2,computer,Desktop or Laptop,Windows 10,Chrome 77.0.3865.90,1368x912,1368x802,,Demographics,2,No,response-1-year,32
5,1570441018049,07/10/2019 09:36:58,1570441016986,1,07/10/2019 10:36:56,9869,6,questionnaire-tubd,,3154734,5aadb6d1811b2000016f75f7,871771,,complete,,5d9b06dd32715c00165c7dd2,computer,Desktop or Laptop,Windows 10,Chrome 77.0.3865.90,1368x912,1368x802,,Demographics,2,No,response-4,Female
6,1570441018049,07/10/2019 09:36:58,1570441016986,1,07/10/2019 10:36:56,9869,6,questionnaire-tubd,,3154734,5aadb6d1811b2000016f75f7,871771,,complete,,5d9b06dd32715c00165c7dd2,computer,Desktop or Laptop,Windows 10,Chrome 77.0.3865.90,1368x912,1368x802,,Demographics,2,No,response-4-quantised,2
7,1570441018049,07/10/2019 09:36:58,1570441016986,1,07/10/2019 10:36:56,9869,6,questionnaire-tubd,,3154734,5aadb6d1811b2000016f75f7,871771,,complete,,5d9b06dd32715c00165c7dd2,computer,Desktop or Laptop,Windows 10,Chrome 77.0.3865.90,1368x912,1368x802,,Demographics,2,No,END QUESTIONNAIRE,13452
1,1570440991422,07/10/2019 09:36:31,1570440992996,1,07/10/2019 10:36:32,9869,6,questionnaire-tubd,,3154730,5bdc47a4c9c9010001992eb8,871774,,complete,,5d9b065d02814f00138bd31a,computer,Desktop or Laptop,Windows 10,Chrome 77.0.3865.90,1368x912,1368x753,,Demographics,2,No,BEGIN QUESTIONNAIRE,
2,1570441012919,07/10/2019 09:36:52,1570441014445,1,07/10/2019 10:36:54,9869,6,questionnaire-tubd,,3154730,5bdc47a4c9c9010001992eb8,871774,,complete,,5d9b065d02814f00138bd31a,computer,Desktop or Laptop,Windows 10,Chrome 77.0.3865.90,1368x912,1368x753,,Demographics,2,No,response-1-day,10
3,1570441013215,07/10/2019 09:36:53,1570441014450,1,07/10/2019 10:36:54,9869,6,questionnaire-tubd,,3154730,5bdc47a4c9c9010001992eb8,871774,,complete,,5d9b065d02814f00138bd31a,computer,Desktop or Laptop,Windows 10,Chrome 77.0.3865.90,1368x912,1368x753,,Demographics,2,No,response-1-month,5
4,1570441013215,07/10/2019 09:36:53,1570441014450,1,07/10/2019 10:36:54,9869,6,questionnaire-tubd,,3154730,5bdc47a4c9c9010001992eb8,871774,,complete,,5d9b065d02814f00138bd31a,computer,Desktop or Laptop,Windows 10,Chrome 77.0.3865.90,1368x912,1368x753,,Demographics,2,No,response-1-year,23
5,1570441013215,07/10/2019 09:36:53,1570441014451,1,07/10/2019 10:36:54,9869,6,questionnaire-tubd,,3154730,5bdc47a4c9c9010001992eb8,871774,,complete,,5d9b065d02814f00138bd31a,computer,Desktop or Laptop,Windows 10,Chrome 77.0.3865.90,1368x912,1368x753,,Demographics,2,No,response-4,Female
6,1570441013215,07/10/2019 09:36:53,1570441014452,1,07/10/2019 10:36:54,9869,6,questionnaire-tubd,,3154730,5bdc47a4c9c9010001992eb8,871774,,complete,,5d9b065d02814f00138bd31a,computer,Desktop or Laptop,Windows 10,Chrome 77.0.3865.90,1368x912,1368x753,,Demographics,2,No,response-4-quantised,2
7,1570441013215,07/10/2019 09:36:53,1570441014453,1,07/10/2019 10:36:54,9869,6,questionnaire-tubd,,3154730,5bdc47a4c9c9010001992eb8,871774,,complete,,5d9b065d02814f00138bd31a,computer,Desktop or Laptop,Windows 10,Chrome 77.0.3865.90,1368x912,1368x753,,Demographics,2,No,END QUESTIONNAIRE,21457
1,1570440977416,07/10/2019 09:36:17,1570440977915,1,07/10/2019 10:36:17,9869,6,questionnaire-tubd,,3154724,546878f8fdf99b1dac305237,871770,,complete,,5d9b06b47fc0400308123222,computer,Desktop or Laptop,Windows 10,Edge 18.18362,1366x768,1366x655,,Demographics,2,No,BEGIN QUESTIONNAIRE,
2,1570440997237,07/10/2019 09:36:37,1570440997816,1,07/10/2019 10:36:37,9869,6,questionnaire-tubd,,3154724,546878f8fdf99b1dac305237,871770,,complete,,5d9b06b47fc0400308123222,computer,Desktop or Laptop,Windows 10,Edge 18.18362,1366x768,1366x655,,Demographics,2,No,response-1-day,21
3,1570440997392,07/10/2019 09:36:37,1570440997823,1,07/10/2019 10:36:37,9869,6,questionnaire-tubd,,3154724,546878f8fdf99b1dac305237,871770,,complete,,5d9b06b47fc0400308123222,computer,Desktop or Laptop,Windows 10,Edge 18.18362,1366x768,1366x655,,Demographics,2,No,response-1-month,8
4,1570440997392,07/10/2019 09:36:37,1570440997824,1,07/10/2019 10:36:37,9869,6,questionnaire-tubd,,3154724,546878f8fdf99b1dac305237,871770,,complete,,5d9b06b47fc0400308123222,computer,Desktop or Laptop,Windows 10,Edge 18.18362,1366x768,1366x655,,Demographics,2,No,response-1-year,52
5,1570440997392,07/10/2019 09:36:37,1570440997825,1,07/10/2019 10:36:37,9869,6,questionnaire-tubd,,3154724,546878f8fdf99b1dac305237,871770,,complete,,5d9b06b47fc0400308123222,computer,Desktop or Laptop,Windows 10,Edge 18.18362,1366x768,1366x655,,Demographics,2,No,response-4,Female
6,1570440997392,07/10/2019 09:36:37,1570440997826,1,07/10/2019 10:36:37,9869,6,questionnaire-tubd,,3154724,546878f8fdf99b1dac305237,871770,,complete,,5d9b06b47fc0400308123222,computer,Desktop or Laptop,Windows 10,Edge 18.18362,1366x768,1366x655,,Demographics,2,No,response-4-quantised,2
7,1570440997392,07/10/2019 09:36:37,1570440997826,1,07/10/2019 10:36:37,9869,6,questionnaire-tubd,,3154724,546878f8fdf99b1dac305237,871770,,complete,,5d9b06b47fc0400308123222,computer,Desktop or Laptop,Windows 10,Edge 18.18362,1366x768,1366x655,,Demographics,2,No,END QUESTIONNAIRE,19911
1,1570440962137,07/10/2019 09:36:02,1570440964706,2,07/10/2019 11:36:04,9869,6,questionnaire-tubd,,3154716,5d96db52407aa6001b59d0cb,871769,,complete,,5d9b06b21fd37a00168b645a,computer,Desktop or Laptop,Windows 10,Chrome 77.0.3865.90,1366x768,1366x657,,Demographics,2,No,BEGIN QUESTIONNAIRE,
2,1570440969404,07/10/2019 09:36:09,1570440972040,2,07/10/2019 11:36:12,9869,6,questionnaire-tubd,,3154716,5d96db52407aa6001b59d0cb,871769,,complete,,5d9b06b21fd37a00168b645a,computer,Desktop or Laptop,Windows 10,Chrome 77.0.3865.90,1366x768,1366x657,,Demographics,2,No,response-1-day,0
3,1570440969513,07/10/2019 09:36:09,1570440972044,2,07/10/2019 11:36:12,9869,6,questionnaire-tubd,,3154716,5d96db52407aa6001b59d0cb,871769,,complete,,5d9b06b21fd37a00168b645a,computer,Desktop or Laptop,Windows 10,Chrome 77.0.3865.90,1366x768,1366x657,,Demographics,2,No,response-1-month,7
4,1570440969513,07/10/2019 09:36:09,1570440972044,2,07/10/2019 11:36:12,9869,6,questionnaire-tubd,,3154716,5d96db52407aa6001b59d0cb,871769,,complete,,5d9b06b21fd37a00168b645a,computer,Desktop or Laptop,Windows 10,Chrome 77.0.3865.90,1366x768,1366x657,,Demographics,2,No,response-1-year,19
5,1570440969513,07/10/2019 09:36:09,1570440972045,2,07/10/2019 11:36:12,9869,6,questionnaire-tubd,,3154716,5d96db52407aa6001b59d0cb,871769,,complete,,5d9b06b21fd37a00168b645a,computer,Desktop or Laptop,Windows 10,Chrome 77.0.3865.90,1366x768,1366x657,,Demographics,2,No,response-4,Female
6,1570440969513,07/10/2019 09:36:09,1570440972045,2,07/10/2019 11:36:12,9869,6,questionnaire-tubd,,3154716,5d96db52407aa6001b59d0cb,871769,,complete,,5d9b06b21fd37a00168b645a,computer,Desktop or Laptop,Windows 10,Chrome 77.0.3865.90,1366x768,1366x657,,Demographics,2,No,response-4-quantised,2
7,1570440969513,07/10/2019 09:36:09,1570440972045,2,07/10/2019 11:36:12,9869,6,questionnaire-tubd,,3154716,5d96db52407aa6001b59d0cb,871769,,complete,,5d9b06b21fd37a00168b645a,computer,Desktop or Laptop,Windows 10,Chrome 77.0.3865.90,1366x768,1366x657,,Demographics,2,No,END QUESTIONNAIRE,7339
1,1570440958647,07/10/2019 09:35:58,1570440958721,3,07/10/2019 12:35:58,9869,6,questionnaire-tubd,,3154713,5c73e0e1df19050016a5f8ea,871766,,complete,,5d9b06add7b8d800160692bc,computer,Desktop or Laptop,Windows 8.1,Chrome 77.0.3865.90,1920x1080,1028x706,,Demographics,2,No,BEGIN QUESTIONNAIRE,
2,1570440970754,07/10/2019 09:36:10,1570440970869,3,07/10/2019 12:36:10,9869,6,questionnaire-tubd,,3154713,5c73e0e1df19050016a5f8ea,871766,,complete,,5d9b06add7b8d800160692bc,computer,Desktop or Laptop,Windows 8.1,Chrome 77.0.3865.90,1920x1080,1028x706,,Demographics,2,No,response-1-day,16
3,1570440970848,07/10/2019 09:36:10,1570440970871,3,07/10/2019 12:36:10,9869,6,questionnaire-tubd,,3154713,5c73e0e1df19050016a5f8ea,871766,,complete,,5d9b06add7b8d800160692bc,computer,Desktop or Laptop,Windows 8.1,Chrome 77.0.3865.90,1920x1080,1028x706,,Demographics,2,No,response-1-month,3
4,1570440970848,07/10/2019 09:36:10,1570440970871,3,07/10/2019 12:36:10,9869,6,questionnaire-tubd,,3154713,5c73e0e1df19050016a5f8ea,871766,,complete,,5d9b06add7b8d800160692bc,computer,Desktop or Laptop,Windows 8.1,Chrome 77.0.3865.90,1920x1080,1028x706,,Demographics,2,No,response-1-year,28
5,1570440970848,07/10/2019 09:36:10,1570440970871,3,07/10/2019 12:36:10,9869,6,questionnaire-tubd,,3154713,5c73e0e1df19050016a5f8ea,871766,,complete,,5d9b06add7b8d800160692bc,computer,Desktop or Laptop,Windows 8.1,Chrome 77.0.3865.90,1920x1080,1028x706,,Demographics,2,No,response-4,Female
6,1570440970848,07/10/2019 09:36:10,1570440970871,3,07/10/2019 12:36:10,9869,6,questionnaire-tubd,,3154713,5c73e0e1df19050016a5f8ea,871766,,complete,,5d9b06add7b8d800160692bc,computer,Desktop or Laptop,Windows 8.1,Chrome 77.0.3865.90,1920x1080,1028x706,,Demographics,2,No,response-4-quantised,2
7,1570440970848,07/10/2019 09:36:10,1570440970872,3,07/10/2019 12:36:10,9869,6,questionnaire-tubd,,3154713,5c73e0e1df19050016a5f8ea,871766,,complete,,5d9b06add7b8d800160692bc,computer,Desktop or Laptop,Windows 8.1,Chrome 77.0.3865.90,1920x1080,1028x706,,Demographics,2,No,END QUESTIONNAIRE,12151
1,1570440949632,07/10/2019 09:35:49,1570440950851,1,07/10/2019 10:35:50,9869,6,questionnaire-tubd,,3154711,5bfd4ac2aa5fa30001365d96,871761,,complete,,5d9b065a82d2fc03cf6802ea,computer,Desktop or Laptop,Windows 10,Chrome 77.0.3865.90,1093x615,1094x504,,Demographics,2,No,BEGIN QUESTIONNAIRE,
2,1570440976351,07/10/2019 09:36:16,1570440977441,1,07/10/2019 10:36:17,9869,6,questionnaire-tubd,,3154711,5bfd4ac2aa5fa30001365d96,871761,,complete,,5d9b065a82d2fc03cf6802ea,computer,Desktop or Laptop,Windows 10,Chrome 77.0.3865.90,1093x615,1094x504,,Demographics,2,No,response-1-day,4
3,1570440976477,07/10/2019 09:36:16,1570440977446,1,07/10/2019 10:36:17,9869,6,questionnaire-tubd,,3154711,5bfd4ac2aa5fa30001365d96,871761,,complete,,5d9b065a82d2fc03cf6802ea,computer,Desktop or Laptop,Windows 10,Chrome 77.0.3865.90,1093x615,1094x504,,Demographics,2,No,response-1-month,1
4,1570440976477,07/10/2019 09:36:16,1570440977447,1,07/10/2019 10:36:17,9869,6,questionnaire-tubd,,3154711,5bfd4ac2aa5fa30001365d96,871761,,complete,,5d9b065a82d2fc03cf6802ea,computer,Desktop or Laptop,Windows 10,Chrome 77.0.3865.90,1093x615,1094x504,,Demographics,2,No,response-1-year,40
5,1570440976477,07/10/2019 09:36:16,1570440977447,1,07/10/2019 10:36:17,9869,6,questionnaire-tubd,,3154711,5bfd4ac2aa5fa30001365d96,871761,,complete,,5d9b065a82d2fc03cf6802ea,computer,Desktop or Laptop,Windows 10,Chrome 77.0.3865.90,1093x615,1094x504,,Demographics,2,No,response-4,Female
6,1570440976477,07/10/2019 09:36:16,1570440977448,1,07/10/2019 10:36:17,9869,6,questionnaire-tubd,,3154711,5bfd4ac2aa5fa30001365d96,871761,,complete,,5d9b065a82d2fc03cf6802ea,computer,Desktop or Laptop,Windows 10,Chrome 77.0.3865.90,1093x615,1094x504,,Demographics,2,No,response-4-quantised,2
7,1570440976477,07/10/2019 09:36:16,1570440977448,1,07/10/2019 10:36:17,9869,6,questionnaire-tubd,,3154711,5bfd4ac2aa5fa30001365d96,871761,,complete,,5d9b065a82d2fc03cf6802ea,computer,Desktop or Laptop,Windows 10,Chrome 77.0.3865.90,1093x615,1094x504,,Demographics,2,No,END QUESTIONNAIRE,26598
1,1570440930049,07/10/2019 09:35:30,1570440929869,1,07/10/2019 10:35:29,9869,6,questionnaire-tubd,,3154706,56ba31bd89726800057fa1a0,871768,,complete,,5d9b06b6c03dd4001880a714,computer,Desktop or Laptop,Windows 10,Chrome 77.0.3865.90,1920x1080,1920x937,,Demographics,2,No,BEGIN QUESTIONNAIRE,
2,1570440940862,07/10/2019 09:35:40,1570440940749,1,07/10/2019 10:35:40,9869,6,questionnaire-tubd,,3154706,56ba31bd89726800057fa1a0,871768,,complete,,5d9b06b6c03dd4001880a714,computer,Desktop or Laptop,Windows 10,Chrome 77.0.3865.90,1920x1080,1920x937,,Demographics,2,No,response-1-day,18
3,1570440940940,07/10/2019 09:35:40,1570440940751,1,07/10/2019 10:35:40,9869,6,questionnaire-tubd,,3154706,56ba31bd89726800057fa1a0,871768,,complete,,5d9b06b6c03dd4001880a714,computer,Desktop or Laptop,Windows 10,Chrome 77.0.3865.90,1920x1080,1920x937,,Demographics,2,No,response-1-month,6
4,1570440940940,07/10/2019 09:35:40,1570440940751,1,07/10/2019 10:35:40,9869,6,questionnaire-tubd,,3154706,56ba31bd89726800057fa1a0,871768,,complete,,5d9b06b6c03dd4001880a714,computer,Desktop or Laptop,Windows 10,Chrome 77.0.3865.90,1920x1080,1920x937,,Demographics,2,No,response-1-year,38
5,1570440940940,07/10/2019 09:35:40,1570440940751,1,07/10/2019 10:35:40,9869,6,questionnaire-tubd,,3154706,56ba31bd89726800057fa1a0,871768,,complete,,5d9b06b6c03dd4001880a714,computer,Desktop or Laptop,Windows 10,Chrome 77.0.3865.90,1920x1080,1920x937,,Demographics,2,No,response-4,Male
6,1570440940940,07/10/2019 09:35:40,1570440940751,1,07/10/2019 10:35:40,9869,6,questionnaire-tubd,,3154706,56ba31bd89726800057fa1a0,871768,,complete,,5d9b06b6c03dd4001880a714,computer,Desktop or Laptop,Windows 10,Chrome 77.0.3865.90,1920x1080,1920x937,,Demographics,2,No,response-4-quantised,1
7,1570440940940,07/10/2019 09:35:40,1570440940751,1,07/10/2019 10:35:40,9869,6,questionnaire-tubd,,3154706,56ba31bd89726800057fa1a0,871768,,complete,,5d9b06b6c03dd4001880a714,computer,Desktop or Laptop,Windows 10,Chrome 77.0.3865.90,1920x1080,1920x937,,Demographics,2,No,END QUESTIONNAIRE,10882
1,1570440924431,07/10/2019 09:35:24,1570440925481,1,07/10/2019 10:35:25,9869,6,questionnaire-tubd,,3154705,5ae5a589c67d830001ce8c73,871767,,complete,,5d9b06ade4f8b40016833397,computer,Desktop or Laptop,Windows 7,Chrome 77.0.3865.90,1366x768,1366x625,,Demographics,2,No,BEGIN QUESTIONNAIRE,
2,1570440964887,07/10/2019 09:36:04,1570440965912,1,07/10/2019 10:36:05,9869,6,questionnaire-tubd,,3154705,5ae5a589c67d830001ce8c73,871767,,complete,,5d9b06ade4f8b40016833397,computer,Desktop or Laptop,Windows 7,Chrome 77.0.3865.90,1366x768,1366x625,,Demographics,2,No,response-1-day,17
3,1570440965027,07/10/2019 09:36:05,1570440965948,1,07/10/2019 10:36:05,9869,6,questionnaire-tubd,,3154705,5ae5a589c67d830001ce8c73,871767,,complete,,5d9b06ade4f8b40016833397,computer,Desktop or Laptop,Windows 7,Chrome 77.0.3865.90,1366x768,1366x625,,Demographics,2,No,response-1-month,3
4,1570440965027,07/10/2019 09:36:05,1570440965950,1,07/10/2019 10:36:05,9869,6,questionnaire-tubd,,3154705,5ae5a589c67d830001ce8c73,871767,,complete,,5d9b06ade4f8b40016833397,computer,Desktop or Laptop,Windows 7,Chrome 77.0.3865.90,1366x768,1366x625,,Demographics,2,No,response-1-year,65
5,1570440965027,07/10/2019 09:36:05,1570440965951,1,07/10/2019 10:36:05,9869,6,questionnaire-tubd,,3154705,5ae5a589c67d830001ce8c73,871767,,complete,,5d9b06ade4f8b40016833397,computer,Desktop or Laptop,Windows 7,Chrome 77.0.3865.90,1366x768,1366x625,,Demographics,2,No,response-4,Female
6,1570440965027,07/10/2019 09:36:05,1570440965954,1,07/10/2019 10:36:05,9869,6,questionnaire-tubd,,3154705,5ae5a589c67d830001ce8c73,871767,,complete,,5d9b06ade4f8b40016833397,computer,Desktop or Laptop,Windows 7,Chrome 77.0.3865.90,1366x768,1366x625,,Demographics,2,No,response-4-quantised,2
7,1570440965027,07/10/2019 09:36:05,1570440965955,1,07/10/2019 10:36:05,9869,6,questionnaire-tubd,,3154705,5ae5a589c67d830001ce8c73,871767,,complete,,5d9b06ade4f8b40016833397,computer,Desktop or Laptop,Windows 7,Chrome 77.0.3865.90,1366x768,1366x625,,Demographics,2,No,END QUESTIONNAIRE,40475
1,1570440880485,07/10/2019 09:34:40,1570440881712,1,07/10/2019 10:34:41,9869,6,questionnaire-tubd,,3154691,5a33fa26db3d8c00013ebdca,871765,,complete,,5d9b069701556d0014fa84a4,computer,Desktop or Laptop,Windows 7,Chrome 77.0.3865.90,1366x768,1350x604,,Demographics,2,No,BEGIN QUESTIONNAIRE,
2,1570440891849,07/10/2019 09:34:51,1570440893119,1,07/10/2019 10:34:53,9869,6,questionnaire-tubd,,3154691,5a33fa26db3d8c00013ebdca,871765,,complete,,5d9b069701556d0014fa84a4,computer,Desktop or Laptop,Windows 7,Chrome 77.0.3865.90,1366x768,1350x604,,Demographics,2,No,response-1-day,27
3,1570440891912,07/10/2019 09:34:51,1570440893122,1,07/10/2019 10:34:53,9869,6,questionnaire-tubd,,3154691,5a33fa26db3d8c00013ebdca,871765,,complete,,5d9b069701556d0014fa84a4,computer,Desktop or Laptop,Windows 7,Chrome 77.0.3865.90,1366x768,1350x604,,Demographics,2,No,response-1-month,5
4,1570440891912,07/10/2019 09:34:51,1570440893122,1,07/10/2019 10:34:53,9869,6,questionnaire-tubd,,3154691,5a33fa26db3d8c00013ebdca,871765,,complete,,5d9b069701556d0014fa84a4,computer,Desktop or Laptop,Windows 7,Chrome 77.0.3865.90,1366x768,1350x604,,Demographics,2,No,response-1-year,32
5,1570440891912,07/10/2019 09:34:51,1570440893122,1,07/10/2019 10:34:53,9869,6,questionnaire-tubd,,3154691,5a33fa26db3d8c00013ebdca,871765,,complete,,5d9b069701556d0014fa84a4,computer,Desktop or Laptop,Windows 7,Chrome 77.0.3865.90,1366x768,1350x604,,Demographics,2,No,response-4,Female
6,1570440891912,07/10/2019 09:34:51,1570440893122,1,07/10/2019 10:34:53,9869,6,questionnaire-tubd,,3154691,5a33fa26db3d8c00013ebdca,871765,,complete,,5d9b069701556d0014fa84a4,computer,Desktop or Laptop,Windows 7,Chrome 77.0.3865.90,1366x768,1350x604,,Demographics,2,No,response-4-quantised,2
7,1570440891912,07/10/2019 09:34:51,1570440893122,1,07/10/2019 10:34:53,9869,6,questionnaire-tubd,,3154691,5a33fa26db3d8c00013ebdca,871765,,complete,,5d9b069701556d0014fa84a4,computer,Desktop or Laptop,Windows 7,Chrome 77.0.3865.90,1366x768,1350x604,,Demographics,2,No,END QUESTIONNAIRE,11410
1,1570440876109,07/10/2019 09:34:36,1570440876366,2,07/10/2019 11:34:36,9869,6,questionnaire-tubd,,3154690,5b744b0240fb9b000104c686,871764,,complete,,5d9b0653e525f100166c05f4,computer,Desktop or Laptop,Windows 10,Chrome 77.0.3865.90,1920x1080,1920x937,,Demographics,2,No,BEGIN QUESTIONNAIRE,
2,1570440885823,07/10/2019 09:34:45,1570440886125,2,07/10/2019 11:34:46,9869,6,questionnaire-tubd,,3154690,5b744b0240fb9b000104c686,871764,,complete,,5d9b0653e525f100166c05f4,computer,Desktop or Laptop,Windows 10,Chrome 77.0.3865.90,1920x1080,1920x937,,Demographics,2,No,response-1-day,7
3,1570440885933,07/10/2019 09:34:45,1570440886127,2,07/10/2019 11:34:46,9869,6,questionnaire-tubd,,3154690,5b744b0240fb9b000104c686,871764,,complete,,5d9b0653e525f100166c05f4,computer,Desktop or Laptop,Windows 10,Chrome 77.0.3865.90,1920x1080,1920x937,,Demographics,2,No,response-1-month,3
4,1570440885933,07/10/2019 09:34:45,1570440886127,2,07/10/2019 11:34:46,9869,6,questionnaire-tubd,,3154690,5b744b0240fb9b000104c686,871764,,complete,,5d9b0653e525f100166c05f4,computer,Desktop or Laptop,Windows 10,Chrome 77.0.3865.90,1920x1080,1920x937,,Demographics,2,No,response-1-year,23
5,1570440885933,07/10/2019 09:34:45,1570440886128,2,07/10/2019 11:34:46,9869,6,questionnaire-tubd,,3154690,5b744b0240fb9b000104c686,871764,,complete,,5d9b0653e525f100166c05f4,computer,Desktop or Laptop,Windows 10,Chrome 77.0.3865.90,1920x1080,1920x937,,Demographics,2,No,response-4,Male
6,1570440885933,07/10/2019 09:34:45,1570440886128,2,07/10/2019 11:34:46,9869,6,questionnaire-tubd,,3154690,5b744b0240fb9b000104c686,871764,,complete,,5d9b0653e525f100166c05f4,computer,Desktop or Laptop,Windows 10,Chrome 77.0.3865.90,1920x1080,1920x937,,Demographics,2,No,response-4-quantised,1
7,1570440885933,07/10/2019 09:34:45,1570440886128,2,07/10/2019 11:34:46,9869,6,questionnaire-tubd,,3154690,5b744b0240fb9b000104c686,871764,,complete,,5d9b0653e525f100166c05f4,computer,Desktop or Laptop,Windows 10,Chrome 77.0.3865.90,1920x1080,1920x937,,Demographics,2,No,END QUESTIONNAIRE,9763
1,1570440871930,07/10/2019 09:34:31,1570440871153,2,07/10/2019 11:34:31,9869,6,questionnaire-tubd,,3154689,5d4219cf93d00000151fee91,871760,,complete,,5d9b0656d6e5640016b9155f,computer,Desktop or Laptop,Windows 8.1,Chrome 77.0.3865.90,1920x1080,1920x937,,Demographics,2,No,BEGIN QUESTIONNAIRE,
2,1570440884071,07/10/2019 09:34:44,1570440883333,2,07/10/2019 11:34:43,9869,6,questionnaire-tubd,,3154689,5d4219cf93d00000151fee91,871760,,complete,,5d9b0656d6e5640016b9155f,computer,Desktop or Laptop,Windows 8.1,Chrome 77.0.3865.90,1920x1080,1920x937,,Demographics,2,No,response-1-day,9
3,1570440884211,07/10/2019 09:34:44,1570440883335,2,07/10/2019 11:34:43,9869,6,questionnaire-tubd,,3154689,5d4219cf93d00000151fee91,871760,,complete,,5d9b0656d6e5640016b9155f,computer,Desktop or Laptop,Windows 8.1,Chrome 77.0.3865.90,1920x1080,1920x937,,Demographics,2,No,response-1-month,0
4,1570440884211,07/10/2019 09:34:44,1570440883335,2,07/10/2019 11:34:43,9869,6,questionnaire-tubd,,3154689,5d4219cf93d00000151fee91,871760,,complete,,5d9b0656d6e5640016b9155f,computer,Desktop or Laptop,Windows 8.1,Chrome 77.0.3865.90,1920x1080,1920x937,,Demographics,2,No,response-1-year,31
5,1570440884211,07/10/2019 09:34:44,1570440883335,2,07/10/2019 11:34:43,9869,6,questionnaire-tubd,,3154689,5d4219cf93d00000151fee91,871760,,complete,,5d9b0656d6e5640016b9155f,computer,Desktop or Laptop,Windows 8.1,Chrome 77.0.3865.90,1920x1080,1920x937,,Demographics,2,No,response-4,Female
6,1570440884211,07/10/2019 09:34:44,1570440883335,2,07/10/2019 11:34:43,9869,6,questionnaire-tubd,,3154689,5d4219cf93d00000151fee91,871760,,complete,,5d9b0656d6e5640016b9155f,computer,Desktop or Laptop,Windows 8.1,Chrome 77.0.3865.90,1920x1080,1920x937,,Demographics,2,No,response-4-quantised,2
7,1570440884211,07/10/2019 09:34:44,1570440883335,2,07/10/2019 11:34:43,9869,6,questionnaire-tubd,,3154689,5d4219cf93d00000151fee91,871760,,complete,,5d9b0656d6e5640016b9155f,computer,Desktop or Laptop,Windows 8.1,Chrome 77.0.3865.90,1920x1080,1920x937,,Demographics,2,No,END QUESTIONNAIRE,12182
1,1570440869883,07/10/2019 09:34:29,1570440873241,1,07/10/2019 10:34:33,9869,6,questionnaire-tubd,,3154688,5c954a2e86080d00012fb856,871762,,complete,,5d9b0679c0d20102be6fc4ea,computer,Desktop or Laptop,Windows 10,Chrome 77.0.3865.90,1366x768,1366x695,,Demographics,2,No,BEGIN QUESTIONNAIRE,
2,1570440886807,07/10/2019 09:34:46,1570440890190,1,07/10/2019 10:34:50,9869,6,questionnaire-tubd,,3154688,5c954a2e86080d00012fb856,871762,,complete,,5d9b0679c0d20102be6fc4ea,computer,Desktop or Laptop,Windows 10,Chrome 77.0.3865.90,1366x768,1366x695,,Demographics,2,No,response-1-day,25
3,1570440886949,07/10/2019 09:34:46,1570440890195,1,07/10/2019 10:34:50,9869,6,questionnaire-tubd,,3154688,5c954a2e86080d00012fb856,871762,,complete,,5d9b0679c0d20102be6fc4ea,computer,Desktop or Laptop,Windows 10,Chrome 77.0.3865.90,1366x768,1366x695,,Demographics,2,No,response-1-month,10
4,1570440886949,07/10/2019 09:34:46,1570440890196,1,07/10/2019 10:34:50,9869,6,questionnaire-tubd,,3154688,5c954a2e86080d00012fb856,871762,,complete,,5d9b0679c0d20102be6fc4ea,computer,Desktop or Laptop,Windows 10,Chrome 77.0.3865.90,1366x768,1366x695,,Demographics,2,No,response-1-year,20
5,1570440886949,07/10/2019 09:34:46,1570440890196,1,07/10/2019 10:34:50,9869,6,questionnaire-tubd,,3154688,5c954a2e86080d00012fb856,871762,,complete,,5d9b0679c0d20102be6fc4ea,computer,Desktop or Laptop,Windows 10,Chrome 77.0.3865.90,1366x768,1366x695,,Demographics,2,No,response-4,Male
6,1570440886949,07/10/2019 09:34:46,1570440890196,1,07/10/2019 10:34:50,9869,6,questionnaire-tubd,,3154688,5c954a2e86080d00012fb856,871762,,complete,,5d9b0679c0d20102be6fc4ea,computer,Desktop or Laptop,Windows 10,Chrome 77.0.3865.90,1366x768,1366x695,,Demographics,2,No,response-4-quantised,1
7,1570440886949,07/10/2019 09:34:46,1570440890197,1,07/10/2019 10:34:50,9869,6,questionnaire-tubd,,3154688,5c954a2e86080d00012fb856,871762,,complete,,5d9b0679c0d20102be6fc4ea,computer,Desktop or Laptop,Windows 10,Chrome 77.0.3865.90,1366x768,1366x695,,Demographics,2,No,END QUESTIONNAIRE,16956
1,1570440864781,07/10/2019 09:34:24,1570440864519,1,07/10/2019 10:34:24,9869,6,questionnaire-tubd,,3154686,5c0007fdbcf60c00011af2b9,871763,,complete,,5d9b0680ab191100123fbdba,computer,Desktop or Laptop,Windows 10,Chrome 77.0.3865.90,1280x720,1280x610,,Demographics,2,No,BEGIN QUESTIONNAIRE,
2,1570440893147,07/10/2019 09:34:53,1570440892941,1,07/10/2019 10:34:52,9869,6,questionnaire-tubd,,3154686,5c0007fdbcf60c00011af2b9,871763,,complete,,5d9b0680ab191100123fbdba,computer,Desktop or Laptop,Windows 10,Chrome 77.0.3865.90,1280x720,1280x610,,Demographics,2,No,response-1-day,19
3,1570440893240,07/10/2019 09:34:53,1570440892943,1,07/10/2019 10:34:52,9869,6,questionnaire-tubd,,3154686,5c0007fdbcf60c00011af2b9,871763,,complete,,5d9b0680ab191100123fbdba,computer,Desktop or Laptop,Windows 10,Chrome 77.0.3865.90,1280x720,1280x610,,Demographics,2,No,response-1-month,0
4,1570440893240,07/10/2019 09:34:53,1570440892943,1,07/10/2019 10:34:52,9869,6,questionnaire-tubd,,3154686,5c0007fdbcf60c00011af2b9,871763,,complete,,5d9b0680ab191100123fbdba,computer,Desktop or Laptop,Windows 10,Chrome 77.0.3865.90,1280x720,1280x610,,Demographics,2,No,response-1-year,22
5,1570440893240,07/10/2019 09:34:53,1570440892943,1,07/10/2019 10:34:52,9869,6,questionnaire-tubd,,3154686,5c0007fdbcf60c00011af2b9,871763,,complete,,5d9b0680ab191100123fbdba,computer,Desktop or Laptop,Windows 10,Chrome 77.0.3865.90,1280x720,1280x610,,Demographics,2,No,response-4,Female
6,1570440893240,07/10/2019 09:34:53,1570440892943,1,07/10/2019 10:34:52,9869,6,questionnaire-tubd,,3154686,5c0007fdbcf60c00011af2b9,871763,,complete,,5d9b0680ab191100123fbdba,computer,Desktop or Laptop,Windows 10,Chrome 77.0.3865.90,1280x720,1280x610,,Demographics,2,No,response-4-quantised,2
7,1570440893240,07/10/2019 09:34:53,1570440892944,1,07/10/2019 10:34:52,9869,6,questionnaire-tubd,,3154686,5c0007fdbcf60c00011af2b9,871763,,complete,,5d9b0680ab191100123fbdba,computer,Desktop or Laptop,Windows 10,Chrome 77.0.3865.90,1280x720,1280x610,,Demographics,2,No,END QUESTIONNAIRE,28424
END OF FILE
