﻿Event Index,UTC Timestamp,UTC Date,Local Timestamp,Local Timezone,Local Date,Experiment ID,Experiment Version,Tree Node Key,Repeat Key,Schedule ID,Participant Public ID,Participant Private ID,Participant Starting Group,Participant Status,Participant Completion Code,Participant External Session ID,Participant Device Type,Participant Device,Participant OS,Participant Browser,Participant Monitor Size,Participant Viewport Size,Checkpoint,Task Name,Task Version,Randomise questionnaire elements?,Question Key,Response
1,1570440864656,07/10/2019 09:34:24,1570440864467,1,07/10/2019 10:34:24,9869,6,questionnaire-yhkg,,3154687,5b5e1e7c8b862c0001568d52,871759,,complete,,5d9b06351abbe700124a0247,computer,Desktop or Laptop,Windows 10,Chrome 77.0.3865.90,1920x1080,1920x979,,Bruno sequence instructions,3,No,BEGIN QUESTIONNAIRE,
2,1570440939518,07/10/2019 09:35:39,1570440939405,1,07/10/2019 10:35:39,9869,6,questionnaire-yhkg,,3154687,5b5e1e7c8b862c0001568d52,871759,,complete,,5d9b06351abbe700124a0247,computer,Desktop or Laptop,Windows 10,Chrome 77.0.3865.90,1920x1080,1920x979,,Bruno sequence instructions,3,No,END QUESTIONNAIRE,74938
1,1570440885556,07/10/2019 09:34:45,1570440884777,2,07/10/2019 11:34:44,9869,6,questionnaire-yhkg,,3154692,5d4219cf93d00000151fee91,871760,,complete,,5d9b0656d6e5640016b9155f,computer,Desktop or Laptop,Windows 8.1,Chrome 77.0.3865.90,1920x1080,1920x937,,Bruno sequence instructions,3,No,BEGIN QUESTIONNAIRE,
2,1570440949913,07/10/2019 09:35:49,1570440949167,2,07/10/2019 11:35:49,9869,6,questionnaire-yhkg,,3154692,5d4219cf93d00000151fee91,871760,,complete,,5d9b0656d6e5640016b9155f,computer,Desktop or Laptop,Windows 8.1,Chrome 77.0.3865.90,1920x1080,1920x937,,Bruno sequence instructions,3,No,END QUESTIONNAIRE,64390
1,1570440887136,07/10/2019 09:34:47,1570440887399,2,07/10/2019 11:34:47,9869,6,questionnaire-yhkg,,3154693,5b744b0240fb9b000104c686,871764,,complete,,5d9b0653e525f100166c05f4,computer,Desktop or Laptop,Windows 10,Chrome 77.0.3865.90,1920x1080,1920x937,,Bruno sequence instructions,3,No,BEGIN QUESTIONNAIRE,
2,1570440888870,07/10/2019 09:34:48,1570440889137,2,07/10/2019 11:34:49,9869,6,questionnaire-yhkg,,3154693,5b744b0240fb9b000104c686,871764,,complete,,5d9b0653e525f100166c05f4,computer,Desktop or Laptop,Windows 10,Chrome 77.0.3865.90,1920x1080,1920x937,,Bruno sequence instructions,3,No,END QUESTIONNAIRE,1738
1,1570440888917,07/10/2019 09:34:48,1570440892196,1,07/10/2019 10:34:52,9869,6,questionnaire-yhkg,,3154695,5c954a2e86080d00012fb856,871762,,complete,,5d9b0679c0d20102be6fc4ea,computer,Desktop or Laptop,Windows 10,Chrome 77.0.3865.90,1366x768,1366x695,,Bruno sequence instructions,3,No,BEGIN QUESTIONNAIRE,
2,1570440958616,07/10/2019 09:35:58,1570440962024,1,07/10/2019 10:36:02,9869,6,questionnaire-yhkg,,3154695,5c954a2e86080d00012fb856,871762,,complete,,5d9b0679c0d20102be6fc4ea,computer,Desktop or Laptop,Windows 10,Chrome 77.0.3865.90,1366x768,1349x695,,Bruno sequence instructions,3,No,END QUESTIONNAIRE,69828
1,1570440893272,07/10/2019 09:34:53,1570440894504,1,07/10/2019 10:34:54,9869,6,questionnaire-yhkg,,3154698,5a33fa26db3d8c00013ebdca,871765,,complete,,5d9b069701556d0014fa84a4,computer,Desktop or Laptop,Windows 7,Chrome 77.0.3865.90,1366x768,1350x604,,Bruno sequence instructions,3,No,BEGIN QUESTIONNAIRE,
2,1570440919394,07/10/2019 09:35:19,1570440920684,1,07/10/2019 10:35:20,9869,6,questionnaire-yhkg,,3154698,5a33fa26db3d8c00013ebdca,871765,,complete,,5d9b069701556d0014fa84a4,computer,Desktop or Laptop,Windows 7,Chrome 77.0.3865.90,1366x768,1333x604,,Bruno sequence instructions,3,No,END QUESTIONNAIRE,26180
1,1570440894508,07/10/2019 09:34:54,1570440894265,1,07/10/2019 10:34:54,9869,6,questionnaire-yhkg,,3154699,5c0007fdbcf60c00011af2b9,871763,,complete,,5d9b0680ab191100123fbdba,computer,Desktop or Laptop,Windows 10,Chrome 77.0.3865.90,1280x720,1280x610,,Bruno sequence instructions,3,No,BEGIN QUESTIONNAIRE,
2,1570440986560,07/10/2019 09:36:26,1570440985701,1,07/10/2019 10:36:25,9869,6,questionnaire-yhkg,,3154699,5c0007fdbcf60c00011af2b9,871763,,complete,,5d9b0680ab191100123fbdba,computer,Desktop or Laptop,Windows 10,Chrome 77.0.3865.90,1280x720,1263x610,,Bruno sequence instructions,3,No,END QUESTIONNAIRE,91436
1,1570440942143,07/10/2019 09:35:42,1570440941959,1,07/10/2019 10:35:41,9869,6,questionnaire-yhkg,,3154709,56ba31bd89726800057fa1a0,871768,,complete,,5d9b06b6c03dd4001880a714,computer,Desktop or Laptop,Windows 10,Chrome 77.0.3865.90,1920x1080,1920x937,,Bruno sequence instructions,3,No,BEGIN QUESTIONNAIRE,
2,1570440986232,07/10/2019 09:36:26,1570440985217,1,07/10/2019 10:36:25,9869,6,questionnaire-yhkg,,3154709,56ba31bd89726800057fa1a0,871768,,complete,,5d9b06b6c03dd4001880a714,computer,Desktop or Laptop,Windows 10,Chrome 77.0.3865.90,1920x1080,1920x937,,Bruno sequence instructions,3,No,END QUESTIONNAIRE,43258
1,1570440968936,07/10/2019 09:36:08,1570440969951,1,07/10/2019 10:36:09,9869,6,questionnaire-yhkg,,3154719,5ae5a589c67d830001ce8c73,871767,,complete,,5d9b06ade4f8b40016833397,computer,Desktop or Laptop,Windows 7,Chrome 77.0.3865.90,1366x768,1366x625,,Bruno sequence instructions,3,No,BEGIN QUESTIONNAIRE,
2,1570441075751,07/10/2019 09:37:55,1570441076815,1,07/10/2019 10:37:56,9869,6,questionnaire-yhkg,,3154719,5ae5a589c67d830001ce8c73,871767,,complete,,5d9b06ade4f8b40016833397,computer,Desktop or Laptop,Windows 7,Chrome 77.0.3865.90,1366x768,1349x625,,Bruno sequence instructions,3,No,END QUESTIONNAIRE,106864
1,1570440971473,07/10/2019 09:36:11,1570440974047,2,07/10/2019 11:36:14,9869,6,questionnaire-yhkg,,3154720,5d96db52407aa6001b59d0cb,871769,,complete,,5d9b06b21fd37a00168b645a,computer,Desktop or Laptop,Windows 10,Chrome 77.0.3865.90,1366x768,1366x657,,Bruno sequence instructions,3,No,BEGIN QUESTIONNAIRE,
2,1570441023426,07/10/2019 09:37:03,1570441026070,2,07/10/2019 11:37:06,9869,6,questionnaire-yhkg,,3154720,5d96db52407aa6001b59d0cb,871769,,complete,,5d9b06b21fd37a00168b645a,computer,Desktop or Laptop,Windows 10,Chrome 77.0.3865.90,1366x768,1349x657,,Bruno sequence instructions,3,No,END QUESTIONNAIRE,52023
1,1570440972239,07/10/2019 09:36:12,1570440972286,3,07/10/2019 12:36:12,9869,6,questionnaire-yhkg,,3154723,5c73e0e1df19050016a5f8ea,871766,,complete,,5d9b06add7b8d800160692bc,computer,Desktop or Laptop,Windows 8.1,Chrome 77.0.3865.90,1920x1080,1028x706,,Bruno sequence instructions,3,No,BEGIN QUESTIONNAIRE,
2,1570441018595,07/10/2019 09:36:58,1570441018658,3,07/10/2019 12:36:58,9869,6,questionnaire-yhkg,,3154723,5c73e0e1df19050016a5f8ea,871766,,complete,,5d9b06add7b8d800160692bc,computer,Desktop or Laptop,Windows 8.1,Chrome 77.0.3865.90,1920x1080,1011x706,,Bruno sequence instructions,3,No,END QUESTIONNAIRE,46372
1,1570440978337,07/10/2019 09:36:18,1570440979551,1,07/10/2019 10:36:19,9869,6,questionnaire-yhkg,,3154725,5bfd4ac2aa5fa30001365d96,871761,,complete,,5d9b065a82d2fc03cf6802ea,computer,Desktop or Laptop,Windows 10,Chrome 77.0.3865.90,1093x615,1094x504,,Bruno sequence instructions,3,No,BEGIN QUESTIONNAIRE,
2,1570441010966,07/10/2019 09:36:50,1570441011875,1,07/10/2019 10:36:51,9869,6,questionnaire-yhkg,,3154725,5bfd4ac2aa5fa30001365d96,871761,,complete,,5d9b065a82d2fc03cf6802ea,computer,Desktop or Laptop,Windows 10,Chrome 77.0.3865.90,1093x615,1077x504,,Bruno sequence instructions,3,No,END QUESTIONNAIRE,32324
1,1570441000226,07/10/2019 09:36:40,1570441000657,1,07/10/2019 10:36:40,9869,6,questionnaire-yhkg,,3154732,546878f8fdf99b1dac305237,871770,,complete,,5d9b06b47fc0400308123222,computer,Desktop or Laptop,Windows 10,Edge 18.18362,1366x768,1366x655,,Bruno sequence instructions,3,No,BEGIN QUESTIONNAIRE,
2,1570441029612,07/10/2019 09:37:09,1570441030034,1,07/10/2019 10:37:10,9869,6,questionnaire-yhkg,,3154732,546878f8fdf99b1dac305237,871770,,complete,,5d9b06b47fc0400308123222,computer,Desktop or Laptop,Windows 10,Edge 18.18362,1366x768,1350x655,,Bruno sequence instructions,3,No,END QUESTIONNAIRE,29377
1,1570441015221,07/10/2019 09:36:55,1570441016813,1,07/10/2019 10:36:56,9869,6,questionnaire-yhkg,,3154738,5bdc47a4c9c9010001992eb8,871774,,complete,,5d9b065d02814f00138bd31a,computer,Desktop or Laptop,Windows 10,Chrome 77.0.3865.90,1368x912,1368x753,,Bruno sequence instructions,3,No,BEGIN QUESTIONNAIRE,
2,1570441046574,07/10/2019 09:37:26,1570441048125,1,07/10/2019 10:37:28,9869,6,questionnaire-yhkg,,3154738,5bdc47a4c9c9010001992eb8,871774,,complete,,5d9b065d02814f00138bd31a,computer,Desktop or Laptop,Windows 10,Chrome 77.0.3865.90,1368x912,1351x753,,Bruno sequence instructions,3,No,END QUESTIONNAIRE,31312
1,1570441019392,07/10/2019 09:36:59,1570441018342,1,07/10/2019 10:36:58,9869,6,questionnaire-yhkg,,3154741,5aadb6d1811b2000016f75f7,871771,,complete,,5d9b06dd32715c00165c7dd2,computer,Desktop or Laptop,Windows 10,Chrome 77.0.3865.90,1368x912,1368x802,,Bruno sequence instructions,3,No,BEGIN QUESTIONNAIRE,
2,1570441037154,07/10/2019 09:37:17,1570441036164,1,07/10/2019 10:37:16,9869,6,questionnaire-yhkg,,3154741,5aadb6d1811b2000016f75f7,871771,,complete,,5d9b06dd32715c00165c7dd2,computer,Desktop or Laptop,Windows 10,Chrome 77.0.3865.90,1368x912,1351x802,,Bruno sequence instructions,3,No,END QUESTIONNAIRE,17822
1,1570441029484,07/10/2019 09:37:09,1570441029214,1,07/10/2019 10:37:09,9869,6,questionnaire-yhkg,,3154750,5a5761ebac5624000153b4f6,871772,,complete,,5d9b06d53342a002bb65aeac,computer,Desktop or Laptop,Windows 10,Chrome 77.0.3865.90,1366x768,1304x697,,Bruno sequence instructions,3,No,BEGIN QUESTIONNAIRE,
2,1570441078542,07/10/2019 09:37:58,1570441078414,1,07/10/2019 10:37:58,9869,6,questionnaire-yhkg,,3154750,5a5761ebac5624000153b4f6,871772,,complete,,5d9b06d53342a002bb65aeac,computer,Desktop or Laptop,Windows 10,Chrome 77.0.3865.90,1366x768,1287x697,,Bruno sequence instructions,3,No,END QUESTIONNAIRE,49200
1,1570441028937,07/10/2019 09:37:08,1570441028874,2,07/10/2019 11:37:08,9869,6,questionnaire-yhkg,,3154751,5d42a10951bca600155fe28e,871777,,complete,,5d9b0705c0255a00179c6b2a,computer,Desktop or Laptop,Windows 10,Chrome 77.0.3865.90,1920x1080,1920x969,,Bruno sequence instructions,3,No,BEGIN QUESTIONNAIRE,
2,1570441068871,07/10/2019 09:37:48,1570441068839,2,07/10/2019 11:37:48,9869,6,questionnaire-yhkg,,3154751,5d42a10951bca600155fe28e,871777,,complete,,5d9b0705c0255a00179c6b2a,computer,Desktop or Laptop,Windows 10,Chrome 77.0.3865.90,1920x1080,1920x969,,Bruno sequence instructions,3,No,END QUESTIONNAIRE,39965
1,1570441046012,07/10/2019 09:37:26,1570441045901,2,07/10/2019 11:37:25,9869,6,questionnaire-yhkg,,3154759,5d3afc9c1e62af0001b027be,871773,,complete,,5d9b06e29d2a700012869ada,computer,Desktop or Laptop,Windows 8,Firefox 69.0,1366x768,1366x693,,Bruno sequence instructions,3,No,BEGIN QUESTIONNAIRE,
2,1570441074454,07/10/2019 09:37:54,1570441074387,2,07/10/2019 11:37:54,9869,6,questionnaire-yhkg,,3154759,5d3afc9c1e62af0001b027be,871773,,complete,,5d9b06e29d2a700012869ada,computer,Desktop or Laptop,Windows 8,Firefox 69.0,1366x768,1349x693,,Bruno sequence instructions,3,No,END QUESTIONNAIRE,28486
1,1570441054397,07/10/2019 09:37:34,1570441054655,1,07/10/2019 10:37:34,9869,6,questionnaire-yhkg,,3154765,5ad20ccab438910001ac9b03,871776,,complete,,5d9b0700da246c0346f609e9,computer,Desktop or Laptop,Windows 10,Edge 18.17763,1536x864,1536x751,,Bruno sequence instructions,3,No,BEGIN QUESTIONNAIRE,
2,1570441113458,07/10/2019 09:38:33,1570441113739,1,07/10/2019 10:38:33,9869,6,questionnaire-yhkg,,3154765,5ad20ccab438910001ac9b03,871776,,complete,,5d9b0700da246c0346f609e9,computer,Desktop or Laptop,Windows 10,Edge 18.17763,1536x864,1520x751,,Bruno sequence instructions,3,No,END QUESTIONNAIRE,59084
1,1570441084434,07/10/2019 09:38:04,1570441084329,1,07/10/2019 10:38:04,9869,6,questionnaire-yhkg,,3154783,5c39f4e8bef9a20001e41ba4,871790,,complete,,5d9b074150714f0333c6d280,computer,Desktop or Laptop,Mac OS 10.10.5,Chrome 77.0.3865.90,1366x768,1366x656,,Bruno sequence instructions,3,No,BEGIN QUESTIONNAIRE,
2,1570441119662,07/10/2019 09:38:39,1570441119597,1,07/10/2019 10:38:39,9869,6,questionnaire-yhkg,,3154783,5c39f4e8bef9a20001e41ba4,871790,,complete,,5d9b074150714f0333c6d280,computer,Desktop or Laptop,Mac OS 10.10.5,Chrome 77.0.3865.90,1366x768,1366x656,,Bruno sequence instructions,3,No,END QUESTIONNAIRE,35268
1,1570441094524,07/10/2019 09:38:14,1570441094426,1,07/10/2019 10:38:14,9869,6,questionnaire-yhkg,,3154787,5d533167ecc842000130756c,871782,,complete,,5d9b07215d0f1c028d7204de,computer,Desktop or Laptop,Mac OS 10.11.6,Chrome 76.0.3809.132,1280x800,1202x584,,Bruno sequence instructions,3,No,BEGIN QUESTIONNAIRE,
2,1570441242503,07/10/2019 09:40:42,1570441242408,1,07/10/2019 10:40:42,9869,6,questionnaire-yhkg,,3154787,5d533167ecc842000130756c,871782,,complete,,5d9b07215d0f1c028d7204de,computer,Desktop or Laptop,Mac OS 10.11.6,Chrome 76.0.3809.132,1280x800,1202x584,,Bruno sequence instructions,3,No,END QUESTIONNAIRE,147983
1,1570441094399,07/10/2019 09:38:14,1570441564333,1,07/10/2019 10:46:04,9869,6,questionnaire-yhkg,,3154788,58a6d9a769733b0001af67e1,871786,,complete,,5d9b07361abbe700154a04e2,computer,Desktop or Laptop,Windows 7,Chrome 77.0.3865.90,1680x1050,1680x939,,Bruno sequence instructions,3,No,BEGIN QUESTIONNAIRE,
2,1570441149077,07/10/2019 09:39:09,1570441618933,1,07/10/2019 10:46:58,9869,6,questionnaire-yhkg,,3154788,58a6d9a769733b0001af67e1,871786,,complete,,5d9b07361abbe700154a04e2,computer,Desktop or Laptop,Windows 7,Chrome 77.0.3865.90,1680x1050,1680x939,,Bruno sequence instructions,3,No,END QUESTIONNAIRE,54600
1,1570441097539,07/10/2019 09:38:17,1570441098879,1,07/10/2019 10:38:18,9869,6,questionnaire-yhkg,,3154794,5c74441226920800163fd93c,871785,,complete,,5d9b072826df7003d9921bb6,computer,Desktop or Laptop,Windows 10,Firefox 69.0,1600x900,1600x764,,Bruno sequence instructions,3,No,BEGIN QUESTIONNAIRE,
2,1570441147827,07/10/2019 09:39:07,1570441149220,1,07/10/2019 10:39:09,9869,6,questionnaire-yhkg,,3154794,5c74441226920800163fd93c,871785,,complete,,5d9b072826df7003d9921bb6,computer,Desktop or Laptop,Windows 10,Firefox 69.0,1600x900,1583x764,,Bruno sequence instructions,3,No,END QUESTIONNAIRE,50341
1,1570441099026,07/10/2019 09:38:19,1570441098997,1,07/10/2019 10:38:18,9869,6,questionnaire-yhkg,,3154795,5ce00c12ccdf040015e933f1,871789,,complete,,5d9b073b8fd9900016372c9b,computer,Desktop or Laptop,Windows 10,Chrome 77.0.3865.90,1366x768,1366x625,,Bruno sequence instructions,3,No,BEGIN QUESTIONNAIRE,
2,1570441136600,07/10/2019 09:38:56,1570441136597,1,07/10/2019 10:38:56,9869,6,questionnaire-yhkg,,3154795,5ce00c12ccdf040015e933f1,871789,,complete,,5d9b073b8fd9900016372c9b,computer,Desktop or Laptop,Windows 10,Chrome 77.0.3865.90,1366x768,1349x625,,Bruno sequence instructions,3,No,END QUESTIONNAIRE,37600
1,1570441110829,07/10/2019 09:38:30,1570441106786,1,07/10/2019 10:38:26,9869,6,questionnaire-yhkg,,3154799,5ccf487d8c978d00167c53bd,871779,,complete,,5d9b07014ce5d302eb848025,computer,Desktop or Laptop,Windows 10,Chrome 77.0.3865.90,1360x768,1360x695,,Bruno sequence instructions,3,No,BEGIN QUESTIONNAIRE,
2,1570441190201,07/10/2019 09:39:50,1570441186211,1,07/10/2019 10:39:46,9869,6,questionnaire-yhkg,,3154799,5ccf487d8c978d00167c53bd,871779,,complete,,5d9b07014ce5d302eb848025,computer,Desktop or Laptop,Windows 10,Chrome 77.0.3865.90,1360x768,1343x695,,Bruno sequence instructions,3,No,END QUESTIONNAIRE,79425
1,1570441113207,07/10/2019 09:38:33,1570441089151,11,07/10/2019 20:38:09,9869,6,questionnaire-yhkg,,3154800,5ba09ec3061141000107657c,871792,,complete,,5d9b07494e3fe8001ad1d68b,computer,Desktop or Laptop,Windows 10,Chrome 77.0.3865.90,1920x1080,1920x1007,,Bruno sequence instructions,3,No,BEGIN QUESTIONNAIRE,
2,1570441129675,07/10/2019 09:38:49,1570441105670,11,07/10/2019 20:38:25,9869,6,questionnaire-yhkg,,3154800,5ba09ec3061141000107657c,871792,,complete,,5d9b07494e3fe8001ad1d68b,computer,Desktop or Laptop,Windows 10,Chrome 77.0.3865.90,1920x1080,1920x1007,,Bruno sequence instructions,3,No,END QUESTIONNAIRE,16519
1,1570441112598,07/10/2019 09:38:32,1570441113250,2,07/10/2019 11:38:33,9869,6,questionnaire-yhkg,,3154801,5ce2e278f177190001371a0a,871783,,complete,,5d9b072fdf2d7102c4e21920,computer,Desktop or Laptop,Windows 8.1,Chrome 77.0.3865.90,1366x768,1366x657,,Bruno sequence instructions,3,No,BEGIN QUESTIONNAIRE,
2,1570441121476,07/10/2019 09:38:41,1570441122162,2,07/10/2019 11:38:42,9869,6,questionnaire-yhkg,,3154801,5ce2e278f177190001371a0a,871783,,complete,,5d9b072fdf2d7102c4e21920,computer,Desktop or Laptop,Windows 8.1,Chrome 77.0.3865.90,1366x768,1349x657,,Bruno sequence instructions,3,No,END QUESTIONNAIRE,8912
1,1570441122320,07/10/2019 09:38:42,1570441116959,2,07/10/2019 11:38:36,9869,6,questionnaire-yhkg,,3154807,5c97b9bdb18d000001e1b0fb,871784,,complete,,5d9b07208e606500153d4a3b,computer,Desktop or Laptop,Windows 10,Chrome 77.0.3865.90,1280x1024,1280x881,,Bruno sequence instructions,3,No,BEGIN QUESTIONNAIRE,
2,1570441180968,07/10/2019 09:39:40,1570441175616,2,07/10/2019 11:39:35,9869,6,questionnaire-yhkg,,3154807,5c97b9bdb18d000001e1b0fb,871784,,complete,,5d9b07208e606500153d4a3b,computer,Desktop or Laptop,Windows 10,Chrome 77.0.3865.90,1280x1024,1280x881,,Bruno sequence instructions,3,No,END QUESTIONNAIRE,58656
1,1570441120568,07/10/2019 09:38:40,1570441124229,1,07/10/2019 10:38:44,9869,6,questionnaire-yhkg,,3154808,5bcdcec677740000016ad642,871793,,complete,,5d9b07627c3eea0018bcc5b3,computer,Desktop or Laptop,Windows 10,Chrome 77.0.3865.90,2560x1440,1676x1231,,Bruno sequence instructions,3,No,BEGIN QUESTIONNAIRE,
2,1570441177186,07/10/2019 09:39:37,1570441180891,1,07/10/2019 10:39:40,9869,6,questionnaire-yhkg,,3154808,5bcdcec677740000016ad642,871793,,complete,,5d9b07627c3eea0018bcc5b3,computer,Desktop or Laptop,Windows 10,Chrome 77.0.3865.90,2560x1440,1676x1231,,Bruno sequence instructions,3,No,END QUESTIONNAIRE,56662
1,1570441131628,07/10/2019 09:38:51,1570441130626,3,07/10/2019 12:38:50,9869,6,questionnaire-yhkg,,3154813,5d8c9182bc22d700191aef2b,871787,,complete,,5d9b071746a93c0013005d0f,computer,Desktop or Laptop,Windows 10,Firefox 69.0,1536x864,1536x750,,Bruno sequence instructions,3,No,BEGIN QUESTIONNAIRE,
2,1570441215562,07/10/2019 09:40:15,1570441214647,3,07/10/2019 12:40:14,9869,6,questionnaire-yhkg,,3154813,5d8c9182bc22d700191aef2b,871787,,complete,,5d9b071746a93c0013005d0f,computer,Desktop or Laptop,Windows 10,Firefox 69.0,1536x864,1519x750,,Bruno sequence instructions,3,No,END QUESTIONNAIRE,84021
1,1570441156298,07/10/2019 09:39:16,1570441156006,1,07/10/2019 10:39:16,9869,6,questionnaire-yhkg,,3154823,5788bc4082f7f90001ee7a6c,871797,,complete,,5d9b076f7f79070015f9315e,computer,Desktop or Laptop,Windows 10,Firefox 68.0,1280x720,1280x594,,Bruno sequence instructions,3,No,BEGIN QUESTIONNAIRE,
2,1570441192936,07/10/2019 09:39:52,1570441192643,1,07/10/2019 10:39:52,9869,6,questionnaire-yhkg,,3154823,5788bc4082f7f90001ee7a6c,871797,,complete,,5d9b076f7f79070015f9315e,computer,Desktop or Laptop,Windows 10,Firefox 68.0,1280x720,1263x594,,Bruno sequence instructions,3,No,END QUESTIONNAIRE,36637
1,1570441174996,07/10/2019 09:39:34,1570441174829,1,07/10/2019 10:39:34,9869,6,questionnaire-yhkg,,3154832,5973c94134b844000168d12f,871798,,complete,,5d9b078862b81002d9e8cacb,computer,Desktop or Laptop,Windows 10,Chrome 77.0.3865.90,1366x768,1366x625,,Bruno sequence instructions,3,No,BEGIN QUESTIONNAIRE,
2,1570441228696,07/10/2019 09:40:28,1570441228605,1,07/10/2019 10:40:28,9869,6,questionnaire-yhkg,,3154832,5973c94134b844000168d12f,871798,,complete,,5d9b078862b81002d9e8cacb,computer,Desktop or Laptop,Windows 10,Chrome 77.0.3865.90,1366x768,1349x625,,Bruno sequence instructions,3,No,END QUESTIONNAIRE,53776
1,1570441180436,07/10/2019 09:39:40,1570441182188,1,07/10/2019 10:39:42,9869,6,questionnaire-yhkg,,3154837,56015f0877f33b000ecb28e2,871796,,complete,,5d9b07666b8071001690e6f8,computer,Desktop or Laptop,Windows 10,Chrome 77.0.3865.90,2560x1080,1707x671,,Bruno sequence instructions,3,No,BEGIN QUESTIONNAIRE,
2,1570441277690,07/10/2019 09:41:17,1570441279434,1,07/10/2019 10:41:19,9869,6,questionnaire-yhkg,,3154837,56015f0877f33b000ecb28e2,871796,,complete,,5d9b07666b8071001690e6f8,computer,Desktop or Laptop,Windows 10,Chrome 77.0.3865.90,2560x1080,1695x671,,Bruno sequence instructions,3,No,END QUESTIONNAIRE,97246
1,1570441185115,07/10/2019 09:39:45,1570441185000,1,07/10/2019 10:39:45,9869,6,questionnaire-yhkg,,3154839,5d559c77e9b57b001940c71f,871795,,complete,,5d9b07631e1e020015b1e623,computer,Desktop or Laptop,Mac OS 10.14.5,Safari 12.1.1,1440x900,1264x742,,Bruno sequence instructions,3,No,BEGIN QUESTIONNAIRE,
2,1570441187748,07/10/2019 09:39:47,1570441187677,1,07/10/2019 10:39:47,9869,6,questionnaire-yhkg,,3154839,5d559c77e9b57b001940c71f,871795,,complete,,5d9b07631e1e020015b1e623,computer,Desktop or Laptop,Mac OS 10.14.5,Safari 12.1.1,1440x900,1264x742,,Bruno sequence instructions,3,No,END QUESTIONNAIRE,2677
1,1570441188669,07/10/2019 09:39:48,1570441188565,1,07/10/2019 10:39:48,9869,6,questionnaire-yhkg,,3154843,5babd384952cba0001e86bdc,871791,,complete,,5d9b075102814f00138bd31c,computer,Desktop or Laptop,Windows 10,Chrome 77.0.3865.90,1920x1080,931x655,,Bruno sequence instructions,3,No,BEGIN QUESTIONNAIRE,
2,1570441261057,07/10/2019 09:41:01,1570441260981,1,07/10/2019 10:41:00,9869,6,questionnaire-yhkg,,3154843,5babd384952cba0001e86bdc,871791,,complete,,5d9b075102814f00138bd31c,computer,Desktop or Laptop,Windows 10,Chrome 77.0.3865.90,1920x1080,914x655,,Bruno sequence instructions,3,No,END QUESTIONNAIRE,72416
1,1570441204875,07/10/2019 09:40:04,1570441207763,11,07/10/2019 20:40:07,9869,6,questionnaire-yhkg,,3154849,5d3bfc3cfd969400182d0a36,871803,,complete,,5d9b07899cf6ab001982b611,computer,Desktop or Laptop,Windows 10,Chrome 77.0.3865.90,1536x864,1536x754,,Bruno sequence instructions,3,No,BEGIN QUESTIONNAIRE,
2,1570441221623,07/10/2019 09:40:21,1570441224562,11,07/10/2019 20:40:24,9869,6,questionnaire-yhkg,,3154849,5d3bfc3cfd969400182d0a36,871803,,complete,,5d9b07899cf6ab001982b611,computer,Desktop or Laptop,Windows 10,Chrome 77.0.3865.90,1536x864,1519x754,,Bruno sequence instructions,3,No,END QUESTIONNAIRE,16799
1,1570441206709,07/10/2019 09:40:06,1570441206586,1,07/10/2019 10:40:06,9869,6,questionnaire-yhkg,,3154852,5bbd09effa09af00011edec1,871788,,complete,,5d9b073a30e92d0015577ded,computer,Desktop or Laptop,Mac OS 10.13.6,Safari 13.0.1,1440x900,1199x837,,Bruno sequence instructions,3,No,BEGIN QUESTIONNAIRE,
2,1570441242488,07/10/2019 09:40:42,1570441242436,1,07/10/2019 10:40:42,9869,6,questionnaire-yhkg,,3154852,5bbd09effa09af00011edec1,871788,,complete,,5d9b073a30e92d0015577ded,computer,Desktop or Laptop,Mac OS 10.13.6,Safari 13.0.1,1440x900,1199x837,,Bruno sequence instructions,3,No,END QUESTIONNAIRE,35850
1,1570441214425,07/10/2019 09:40:14,1570441211713,11,07/10/2019 20:40:11,9869,6,questionnaire-yhkg,,3154853,5aeb9b8375deca0001624e57,871805,,complete,,5d9b0788d3cea303b40f4aa9,computer,Desktop or Laptop,Windows 7,Chrome 77.0.3865.90,1920x1080,1920x947,,Bruno sequence instructions,3,No,BEGIN QUESTIONNAIRE,
2,1570441231917,07/10/2019 09:40:31,1570441229286,11,07/10/2019 20:40:29,9869,6,questionnaire-yhkg,,3154853,5aeb9b8375deca0001624e57,871805,,complete,,5d9b0788d3cea303b40f4aa9,computer,Desktop or Laptop,Windows 7,Chrome 77.0.3865.90,1920x1080,1920x947,,Bruno sequence instructions,3,No,END QUESTIONNAIRE,17574
1,1570441212018,07/10/2019 09:40:12,1570441212508,2,07/10/2019 11:40:12,9869,6,questionnaire-yhkg,,3154854,5c542a124e2ebe0001458bf9,871810,,complete,,5d9b078d9cf6ab001882b487,computer,Desktop or Laptop,Windows 10,Chrome 77.0.3865.90,1920x1080,1920x969,,Bruno sequence instructions,3,No,BEGIN QUESTIONNAIRE,
2,1570441255853,07/10/2019 09:40:55,1570441256392,2,07/10/2019 11:40:56,9869,6,questionnaire-yhkg,,3154854,5c542a124e2ebe0001458bf9,871810,,complete,,5d9b078d9cf6ab001882b487,computer,Desktop or Laptop,Windows 10,Chrome 77.0.3865.90,1920x1080,1920x969,,Bruno sequence instructions,3,No,END QUESTIONNAIRE,43884
1,1570441218914,07/10/2019 09:40:18,1570441218820,2,07/10/2019 11:40:18,9869,6,questionnaire-yhkg,,3154856,5c8a4f339917780016a4ee43,871804,,complete,,5d9b07771e1e020017b1e8fa,computer,Desktop or Laptop,Windows 10,Chrome 77.0.3865.90,1366x768,1366x667,,Bruno sequence instructions,3,No,BEGIN QUESTIONNAIRE,
2,1570441266406,07/10/2019 09:41:06,1570441266346,2,07/10/2019 11:41:06,9869,6,questionnaire-yhkg,,3154856,5c8a4f339917780016a4ee43,871804,,complete,,5d9b07771e1e020017b1e8fa,computer,Desktop or Laptop,Windows 10,Chrome 77.0.3865.90,1366x768,1349x667,,Bruno sequence instructions,3,No,END QUESTIONNAIRE,47526
1,1570441225174,07/10/2019 09:40:25,1570441225952,1,07/10/2019 10:40:25,9869,6,questionnaire-yhkg,,3154858,5d03b5abd95b760017c46e18,871800,,complete,,5d9b078589c03c001940f337,computer,Desktop or Laptop,Windows 10,Chrome 77.0.3865.90,1366x768,1366x657,,Bruno sequence instructions,3,No,BEGIN QUESTIONNAIRE,
2,1570441279453,07/10/2019 09:41:19,1570441280132,1,07/10/2019 10:41:20,9869,6,questionnaire-yhkg,,3154858,5d03b5abd95b760017c46e18,871800,,complete,,5d9b078589c03c001940f337,computer,Desktop or Laptop,Windows 10,Chrome 77.0.3865.90,1366x768,1349x657,,Bruno sequence instructions,3,No,END QUESTIONNAIRE,54181
1,1570441246634,07/10/2019 09:40:46,1570441241477,2,07/10/2019 11:40:41,9869,6,questionnaire-yhkg,,3154870,5cde8688c194e8001c7adc1d,871807,,complete,,5d9b07acea7ad90015ed0e60,computer,Desktop or Laptop,Windows 10,Chrome 77.0.3865.90,1920x1080,1920x937,,Bruno sequence instructions,3,No,BEGIN QUESTIONNAIRE,
2,1570441318886,07/10/2019 09:41:58,1570441313749,2,07/10/2019 11:41:53,9869,6,questionnaire-yhkg,,3154870,5cde8688c194e8001c7adc1d,871807,,complete,,5d9b07acea7ad90015ed0e60,computer,Desktop or Laptop,Windows 10,Chrome 77.0.3865.90,1920x1080,1920x937,,Bruno sequence instructions,3,No,END QUESTIONNAIRE,72273
1,1570441250425,07/10/2019 09:40:50,1570441242124,2,07/10/2019 11:40:42,9869,6,questionnaire-yhkg,,3154871,5beac39baec9ef0001e9b21f,871806,,complete,,5d9b0774d0e628001893a40d,computer,Desktop or Laptop,Mac OS 10.14.6,Safari 13.0.1,1440x900,1438x748,,Bruno sequence instructions,3,No,BEGIN QUESTIONNAIRE,
2,1570441366410,07/10/2019 09:42:46,1570441357416,2,07/10/2019 11:42:37,9869,6,questionnaire-yhkg,,3154871,5beac39baec9ef0001e9b21f,871806,,complete,,5d9b0774d0e628001893a40d,computer,Desktop or Laptop,Mac OS 10.14.6,Safari 13.0.1,1440x900,1438x748,,Bruno sequence instructions,3,No,END QUESTIONNAIRE,115292
1,1570441254288,07/10/2019 09:40:54,1570441236656,11,07/10/2019 20:40:36,9869,6,questionnaire-yhkg,,3154872,5b7d5b512b57a900019151a7,871801,,complete,,5d9b077ff5597f02ddaa8f1e,computer,Desktop or Laptop,Windows 7,Waterfox 56.2.14,1920x1080,1920x984,,Bruno sequence instructions,3,No,BEGIN QUESTIONNAIRE,
2,1570441323574,07/10/2019 09:42:03,1570441305379,11,07/10/2019 20:41:45,9869,6,questionnaire-yhkg,,3154872,5b7d5b512b57a900019151a7,871801,,complete,,5d9b077ff5597f02ddaa8f1e,computer,Desktop or Laptop,Windows 7,Waterfox 56.2.14,1920x1080,1920x984,,Bruno sequence instructions,3,No,END QUESTIONNAIRE,68723
1,1570441257119,07/10/2019 09:40:57,1570441257038,1,07/10/2019 10:40:57,9869,6,questionnaire-yhkg,,3154873,5d61423130bf0c001519c81f,871778,,complete,,5d9b0701d3d0ac0015ddb00b,computer,Desktop or Laptop,Mac OS 10.14.0,Chrome 76.0.3809.132,1280x800,1280x720,,Bruno sequence instructions,3,No,BEGIN QUESTIONNAIRE,
2,1570441324746,07/10/2019 09:42:04,1570441324665,1,07/10/2019 10:42:04,9869,6,questionnaire-yhkg,,3154873,5d61423130bf0c001519c81f,871778,,complete,,5d9b0701d3d0ac0015ddb00b,computer,Desktop or Laptop,Mac OS 10.14.0,Chrome 76.0.3809.132,1280x800,1280x720,,Bruno sequence instructions,3,No,END QUESTIONNAIRE,67626
1,1570441331123,07/10/2019 09:42:11,1570441330947,1,07/10/2019 10:42:10,9869,6,questionnaire-yhkg,,3154894,5cca17d9c98aa20001355eb0,871811,,complete,,5d9b07f2bd598e00190a3df4,computer,Desktop or Laptop,Windows 10,Chrome 77.0.3865.90,1280x721,1280x578,,Bruno sequence instructions,3,No,BEGIN QUESTIONNAIRE,
2,1570441390176,07/10/2019 09:43:10,1570441390009,1,07/10/2019 10:43:10,9869,6,questionnaire-yhkg,,3154894,5cca17d9c98aa20001355eb0,871811,,complete,,5d9b07f2bd598e00190a3df4,computer,Desktop or Laptop,Windows 10,Chrome 77.0.3865.90,1280x721,1263x578,,Bruno sequence instructions,3,No,END QUESTIONNAIRE,59062
1,1570441342640,07/10/2019 09:42:22,1570441341687,1,07/10/2019 10:42:21,9869,6,questionnaire-yhkg,,3154896,5c49e145b54bd00001badf83,871802,,complete,,5d9b070e581ba40017a5a6a5,computer,Desktop or Laptop,Mac OS 10.11.6,Safari 9.1.2,1280x800,1280x739,,Bruno sequence instructions,3,No,BEGIN QUESTIONNAIRE,
2,1570441472057,07/10/2019 09:44:32,1570441471979,1,07/10/2019 10:44:31,9869,6,questionnaire-yhkg,,3154896,5c49e145b54bd00001badf83,871802,,complete,,5d9b070e581ba40017a5a6a5,computer,Desktop or Laptop,Mac OS 10.11.6,Safari 9.1.2,1280x800,1265x739,,Bruno sequence instructions,3,No,END QUESTIONNAIRE,130292
1,1570441347547,07/10/2019 09:42:27,1570441348008,2,07/10/2019 11:42:28,9869,6,questionnaire-yhkg,,3154897,5c50b34345e51c00017ca16b,871816,,complete,,5d9b0775325ed90014056512,computer,Desktop or Laptop,Windows 10,Chrome 77.0.3865.90,1920x1200,1920x1057,,Bruno sequence instructions,3,No,BEGIN QUESTIONNAIRE,
2,1570441384623,07/10/2019 09:43:04,1570441385119,2,07/10/2019 11:43:05,9869,6,questionnaire-yhkg,,3154897,5c50b34345e51c00017ca16b,871816,,complete,,5d9b0775325ed90014056512,computer,Desktop or Laptop,Windows 10,Chrome 77.0.3865.90,1920x1200,1920x1057,,Bruno sequence instructions,3,No,END QUESTIONNAIRE,37111
1,1570441542075,07/10/2019 09:45:42,1570441541977,1,07/10/2019 10:45:41,9869,6,questionnaire-yhkg,,3154918,5b95819daa1729000192b956,871813,,complete,,5d9b076a1cda3a03034953ea,computer,Desktop or Laptop,Mac OS 10.14.5,Safari 12.1.1,1920x1080,1920x926,,Bruno sequence instructions,3,No,BEGIN QUESTIONNAIRE,
2,1570441659369,07/10/2019 09:47:39,1570441659039,1,07/10/2019 10:47:39,9869,6,questionnaire-yhkg,,3154918,5b95819daa1729000192b956,871813,,complete,,5d9b076a1cda3a03034953ea,computer,Desktop or Laptop,Mac OS 10.14.5,Safari 12.1.1,1920x1080,1920x926,,Bruno sequence instructions,3,No,END QUESTIONNAIRE,117062
END OF FILE
