﻿Event Index,UTC Timestamp,UTC Date,Local Timestamp,Local Timezone,Local Date,Experiment ID,Experiment Version,Tree Node Key,Repeat Key,Schedule ID,Participant Public ID,Participant Private ID,Participant Starting Group,Participant Status,Participant Completion Code,Participant External Session ID,Participant Device Type,Participant Device,Participant OS,Participant Browser,Participant Monitor Size,Participant Viewport Size,Checkpoint,Task Name,Task Version,Randomise questionnaire elements?,Question Key,Response
1,1575988418263,10/12/2019 14:33:38,1575988417305,0,10/12/2019 14:33:37,11864,3,questionnaire-ws45,,3506504,BLIND,991904,,complete,,5defac9070a801000d77507b,computer,Desktop or Laptop,Windows 10,Chrome 78.0.3904.108,1536x864,1536x722,,Demographics HYBRID,3,No,BEGIN QUESTIONNAIRE,
2,1575988430252,10/12/2019 14:33:50,1575988429263,0,10/12/2019 14:33:49,11864,3,questionnaire-ws45,,3506504,BLIND,991904,,complete,,5defac9070a801000d77507b,computer,Desktop or Laptop,Windows 10,Chrome 78.0.3904.108,1536x864,1536x722,,Demographics HYBRID,3,No,response-1-day,22
3,1575988430330,10/12/2019 14:33:50,1575988429264,0,10/12/2019 14:33:49,11864,3,questionnaire-ws45,,3506504,BLIND,991904,,complete,,5defac9070a801000d77507b,computer,Desktop or Laptop,Windows 10,Chrome 78.0.3904.108,1536x864,1536x722,,Demographics HYBRID,3,No,response-1-month,5
4,1575988430330,10/12/2019 14:33:50,1575988429264,0,10/12/2019 14:33:49,11864,3,questionnaire-ws45,,3506504,BLIND,991904,,complete,,5defac9070a801000d77507b,computer,Desktop or Laptop,Windows 10,Chrome 78.0.3904.108,1536x864,1536x722,,Demographics HYBRID,3,No,response-1-year,25
5,1575988430330,10/12/2019 14:33:50,1575988429264,0,10/12/2019 14:33:49,11864,3,questionnaire-ws45,,3506504,BLIND,991904,,complete,,5defac9070a801000d77507b,computer,Desktop or Laptop,Windows 10,Chrome 78.0.3904.108,1536x864,1536x722,,Demographics HYBRID,3,No,response-4,Male
6,1575988430330,10/12/2019 14:33:50,1575988429264,0,10/12/2019 14:33:49,11864,3,questionnaire-ws45,,3506504,BLIND,991904,,complete,,5defac9070a801000d77507b,computer,Desktop or Laptop,Windows 10,Chrome 78.0.3904.108,1536x864,1536x722,,Demographics HYBRID,3,No,response-4-quantised,1
7,1575988430330,10/12/2019 14:33:50,1575988429264,0,10/12/2019 14:33:49,11864,3,questionnaire-ws45,,3506504,BLIND,991904,,complete,,5defac9070a801000d77507b,computer,Desktop or Laptop,Windows 10,Chrome 78.0.3904.108,1536x864,1536x722,,Demographics HYBRID,3,No,END QUESTIONNAIRE,11959
1,1575988450520,10/12/2019 14:34:10,1575988450053,0,10/12/2019 14:34:10,11864,3,questionnaire-ws45,,3506507,BLIND,991903,,complete,,5defac7ef9a01d000b8350fb,computer,Desktop or Laptop,Windows 10,Firefox 71.0,1920x1080,1920x966,,Demographics HYBRID,3,No,BEGIN QUESTIONNAIRE,
2,1575988467538,10/12/2019 14:34:27,1575988467139,0,10/12/2019 14:34:27,11864,3,questionnaire-ws45,,3506507,BLIND,991903,,complete,,5defac7ef9a01d000b8350fb,computer,Desktop or Laptop,Windows 10,Firefox 71.0,1920x1080,1920x966,,Demographics HYBRID,3,No,response-1-day,13
3,1575988467631,10/12/2019 14:34:27,1575988467141,0,10/12/2019 14:34:27,11864,3,questionnaire-ws45,,3506507,BLIND,991903,,complete,,5defac7ef9a01d000b8350fb,computer,Desktop or Laptop,Windows 10,Firefox 71.0,1920x1080,1920x966,,Demographics HYBRID,3,No,response-1-month,2
4,1575988467631,10/12/2019 14:34:27,1575988467141,0,10/12/2019 14:34:27,11864,3,questionnaire-ws45,,3506507,BLIND,991903,,complete,,5defac7ef9a01d000b8350fb,computer,Desktop or Laptop,Windows 10,Firefox 71.0,1920x1080,1920x966,,Demographics HYBRID,3,No,response-1-year,59
5,1575988467631,10/12/2019 14:34:27,1575988467141,0,10/12/2019 14:34:27,11864,3,questionnaire-ws45,,3506507,BLIND,991903,,complete,,5defac7ef9a01d000b8350fb,computer,Desktop or Laptop,Windows 10,Firefox 71.0,1920x1080,1920x966,,Demographics HYBRID,3,No,response-4,Male
6,1575988467631,10/12/2019 14:34:27,1575988467141,0,10/12/2019 14:34:27,11864,3,questionnaire-ws45,,3506507,BLIND,991903,,complete,,5defac7ef9a01d000b8350fb,computer,Desktop or Laptop,Windows 10,Firefox 71.0,1920x1080,1920x966,,Demographics HYBRID,3,No,response-4-quantised,1
7,1575988467631,10/12/2019 14:34:27,1575988467141,0,10/12/2019 14:34:27,11864,3,questionnaire-ws45,,3506507,BLIND,991903,,complete,,5defac7ef9a01d000b8350fb,computer,Desktop or Laptop,Windows 10,Firefox 71.0,1920x1080,1920x966,,Demographics HYBRID,3,No,END QUESTIONNAIRE,17088
1,1575988676962,10/12/2019 14:37:56,1575988676289,0,10/12/2019 14:37:56,11864,3,questionnaire-ws45,,3506536,BLIND,991908,,complete,,5defad29b75698000f435cdf,computer,Desktop or Laptop,Windows 10,Chrome 78.0.3904.108,1920x1080,1920x975,,Demographics HYBRID,3,No,BEGIN QUESTIONNAIRE,
2,1575988682400,10/12/2019 14:38:02,1575988681791,0,10/12/2019 14:38:01,11864,3,questionnaire-ws45,,3506536,BLIND,991908,,complete,,5defad29b75698000f435cdf,computer,Desktop or Laptop,Windows 10,Chrome 78.0.3904.108,1920x1080,1920x975,,Demographics HYBRID,3,No,response-1-day,0
3,1575988682525,10/12/2019 14:38:02,1575988681793,0,10/12/2019 14:38:01,11864,3,questionnaire-ws45,,3506536,BLIND,991908,,complete,,5defad29b75698000f435cdf,computer,Desktop or Laptop,Windows 10,Chrome 78.0.3904.108,1920x1080,1920x975,,Demographics HYBRID,3,No,response-1-month,0
4,1575988682525,10/12/2019 14:38:02,1575988681793,0,10/12/2019 14:38:01,11864,3,questionnaire-ws45,,3506536,BLIND,991908,,complete,,5defad29b75698000f435cdf,computer,Desktop or Laptop,Windows 10,Chrome 78.0.3904.108,1920x1080,1920x975,,Demographics HYBRID,3,No,response-1-year,0
5,1575988682525,10/12/2019 14:38:02,1575988681793,0,10/12/2019 14:38:01,11864,3,questionnaire-ws45,,3506536,BLIND,991908,,complete,,5defad29b75698000f435cdf,computer,Desktop or Laptop,Windows 10,Chrome 78.0.3904.108,1920x1080,1920x975,,Demographics HYBRID,3,No,response-4,Male
6,1575988682525,10/12/2019 14:38:02,1575988681793,0,10/12/2019 14:38:01,11864,3,questionnaire-ws45,,3506536,BLIND,991908,,complete,,5defad29b75698000f435cdf,computer,Desktop or Laptop,Windows 10,Chrome 78.0.3904.108,1920x1080,1920x975,,Demographics HYBRID,3,No,response-4-quantised,1
7,1575988682525,10/12/2019 14:38:02,1575988681793,0,10/12/2019 14:38:01,11864,3,questionnaire-ws45,,3506536,BLIND,991908,,complete,,5defad29b75698000f435cdf,computer,Desktop or Laptop,Windows 10,Chrome 78.0.3904.108,1920x1080,1920x975,,Demographics HYBRID,3,No,END QUESTIONNAIRE,5504
1,1575988858285,10/12/2019 14:40:58,1575988857868,0,10/12/2019 14:40:57,11864,3,questionnaire-ws45,,3506561,BLIND,991923,,complete,,5defae22193325000e926b63,computer,Desktop or Laptop,Windows 10,Edge 18.17763,2021x1137,2021x984,,Demographics HYBRID,3,No,BEGIN QUESTIONNAIRE,
2,1575988868974,10/12/2019 14:41:08,1575988868483,0,10/12/2019 14:41:08,11864,3,questionnaire-ws45,,3506561,BLIND,991923,,complete,,5defae22193325000e926b63,computer,Desktop or Laptop,Windows 10,Edge 18.17763,2021x1137,2021x984,,Demographics HYBRID,3,No,response-1-day,24
3,1575988869293,10/12/2019 14:41:09,1575988868485,0,10/12/2019 14:41:08,11864,3,questionnaire-ws45,,3506561,BLIND,991923,,complete,,5defae22193325000e926b63,computer,Desktop or Laptop,Windows 10,Edge 18.17763,2021x1137,2021x984,,Demographics HYBRID,3,No,response-1-month,6
4,1575988869293,10/12/2019 14:41:09,1575988868485,0,10/12/2019 14:41:08,11864,3,questionnaire-ws45,,3506561,BLIND,991923,,complete,,5defae22193325000e926b63,computer,Desktop or Laptop,Windows 10,Edge 18.17763,2021x1137,2021x984,,Demographics HYBRID,3,No,response-1-year,29
5,1575988869293,10/12/2019 14:41:09,1575988868486,0,10/12/2019 14:41:08,11864,3,questionnaire-ws45,,3506561,BLIND,991923,,complete,,5defae22193325000e926b63,computer,Desktop or Laptop,Windows 10,Edge 18.17763,2021x1137,2021x984,,Demographics HYBRID,3,No,response-4,Female
6,1575988869293,10/12/2019 14:41:09,1575988868486,0,10/12/2019 14:41:08,11864,3,questionnaire-ws45,,3506561,BLIND,991923,,complete,,5defae22193325000e926b63,computer,Desktop or Laptop,Windows 10,Edge 18.17763,2021x1137,2021x984,,Demographics HYBRID,3,No,response-4-quantised,2
7,1575988869293,10/12/2019 14:41:09,1575988868486,0,10/12/2019 14:41:08,11864,3,questionnaire-ws45,,3506561,BLIND,991923,,complete,,5defae22193325000e926b63,computer,Desktop or Laptop,Windows 10,Edge 18.17763,2021x1137,2021x984,,Demographics HYBRID,3,No,END QUESTIONNAIRE,10618
1,1575988862584,10/12/2019 14:41:02,1575988861837,0,10/12/2019 14:41:01,11864,3,questionnaire-ws45,,3506564,BLIND,991920,,complete,,5defadf7d7457d000bd6408e,computer,Desktop or Laptop,Windows 10,Edge 18.18362,1366x768,1366x655,,Demographics HYBRID,3,No,BEGIN QUESTIONNAIRE,
2,1575988884028,10/12/2019 14:41:24,1575988883326,0,10/12/2019 14:41:23,11864,3,questionnaire-ws45,,3506564,BLIND,991920,,complete,,5defadf7d7457d000bd6408e,computer,Desktop or Laptop,Windows 10,Edge 18.18362,1366x768,1366x655,,Demographics HYBRID,3,No,response-1-day,17
3,1575988884137,10/12/2019 14:41:24,1575988883329,0,10/12/2019 14:41:23,11864,3,questionnaire-ws45,,3506564,BLIND,991920,,complete,,5defadf7d7457d000bd6408e,computer,Desktop or Laptop,Windows 10,Edge 18.18362,1366x768,1366x655,,Demographics HYBRID,3,No,response-1-month,0
4,1575988884137,10/12/2019 14:41:24,1575988883329,0,10/12/2019 14:41:23,11864,3,questionnaire-ws45,,3506564,BLIND,991920,,complete,,5defadf7d7457d000bd6408e,computer,Desktop or Laptop,Windows 10,Edge 18.18362,1366x768,1366x655,,Demographics HYBRID,3,No,response-1-year,37
5,1575988884137,10/12/2019 14:41:24,1575988883330,0,10/12/2019 14:41:23,11864,3,questionnaire-ws45,,3506564,BLIND,991920,,complete,,5defadf7d7457d000bd6408e,computer,Desktop or Laptop,Windows 10,Edge 18.18362,1366x768,1366x655,,Demographics HYBRID,3,No,response-4,Male
6,1575988884137,10/12/2019 14:41:24,1575988883330,0,10/12/2019 14:41:23,11864,3,questionnaire-ws45,,3506564,BLIND,991920,,complete,,5defadf7d7457d000bd6408e,computer,Desktop or Laptop,Windows 10,Edge 18.18362,1366x768,1366x655,,Demographics HYBRID,3,No,response-4-quantised,1
7,1575988884137,10/12/2019 14:41:24,1575988883330,0,10/12/2019 14:41:23,11864,3,questionnaire-ws45,,3506564,BLIND,991920,,complete,,5defadf7d7457d000bd6408e,computer,Desktop or Laptop,Windows 10,Edge 18.18362,1366x768,1366x655,,Demographics HYBRID,3,No,END QUESTIONNAIRE,21493
1,1575989133783,10/12/2019 14:45:33,1575989134323,0,10/12/2019 14:45:34,11864,3,questionnaire-ws45,,3506607,BLIND,991938,,complete,,5defaf1da2d343000a010f50,computer,Desktop or Laptop,Windows 10,Chrome 78.0.3904.108,1920x1080,1361x937,,Demographics HYBRID,3,No,BEGIN QUESTIONNAIRE,
2,1575989154949,10/12/2019 14:45:54,1575989155503,0,10/12/2019 14:45:55,11864,3,questionnaire-ws45,,3506607,BLIND,991938,,complete,,5defaf1da2d343000a010f50,computer,Desktop or Laptop,Windows 10,Chrome 78.0.3904.108,1920x1080,1361x937,,Demographics HYBRID,3,No,response-1-day,20
3,1575989155011,10/12/2019 14:45:55,1575989155507,0,10/12/2019 14:45:55,11864,3,questionnaire-ws45,,3506607,BLIND,991938,,complete,,5defaf1da2d343000a010f50,computer,Desktop or Laptop,Windows 10,Chrome 78.0.3904.108,1920x1080,1361x937,,Demographics HYBRID,3,No,response-1-month,9
4,1575989155011,10/12/2019 14:45:55,1575989155507,0,10/12/2019 14:45:55,11864,3,questionnaire-ws45,,3506607,BLIND,991938,,complete,,5defaf1da2d343000a010f50,computer,Desktop or Laptop,Windows 10,Chrome 78.0.3904.108,1920x1080,1361x937,,Demographics HYBRID,3,No,response-1-year,39
5,1575989155011,10/12/2019 14:45:55,1575989155507,0,10/12/2019 14:45:55,11864,3,questionnaire-ws45,,3506607,BLIND,991938,,complete,,5defaf1da2d343000a010f50,computer,Desktop or Laptop,Windows 10,Chrome 78.0.3904.108,1920x1080,1361x937,,Demographics HYBRID,3,No,response-4,Male
6,1575989155011,10/12/2019 14:45:55,1575989155507,0,10/12/2019 14:45:55,11864,3,questionnaire-ws45,,3506607,BLIND,991938,,complete,,5defaf1da2d343000a010f50,computer,Desktop or Laptop,Windows 10,Chrome 78.0.3904.108,1920x1080,1361x937,,Demographics HYBRID,3,No,response-4-quantised,1
7,1575989155011,10/12/2019 14:45:55,1575989155507,0,10/12/2019 14:45:55,11864,3,questionnaire-ws45,,3506607,BLIND,991938,,complete,,5defaf1da2d343000a010f50,computer,Desktop or Laptop,Windows 10,Chrome 78.0.3904.108,1920x1080,1361x937,,Demographics HYBRID,3,No,END QUESTIONNAIRE,21184
1,1575989161205,10/12/2019 14:46:01,1575989162226,0,10/12/2019 14:46:02,11864,3,questionnaire-ws45,,3506612,BLIND,991943,,complete,,5defae20113451000b0052f4,computer,Desktop or Laptop,Mac OS 10.13.6,Safari 11.1.2,1440x900,1440x839,,Demographics HYBRID,3,No,BEGIN QUESTIONNAIRE,
2,1575989178141,10/12/2019 14:46:18,1575989179198,0,10/12/2019 14:46:19,11864,3,questionnaire-ws45,,3506612,BLIND,991943,,complete,,5defae20113451000b0052f4,computer,Desktop or Laptop,Mac OS 10.13.6,Safari 11.1.2,1440x900,1440x839,,Demographics HYBRID,3,No,response-1-day,17
3,1575989178219,10/12/2019 14:46:18,1575989179200,0,10/12/2019 14:46:19,11864,3,questionnaire-ws45,,3506612,BLIND,991943,,complete,,5defae20113451000b0052f4,computer,Desktop or Laptop,Mac OS 10.13.6,Safari 11.1.2,1440x900,1440x839,,Demographics HYBRID,3,No,response-1-month,1
4,1575989178219,10/12/2019 14:46:18,1575989179200,0,10/12/2019 14:46:19,11864,3,questionnaire-ws45,,3506612,BLIND,991943,,complete,,5defae20113451000b0052f4,computer,Desktop or Laptop,Mac OS 10.13.6,Safari 11.1.2,1440x900,1440x839,,Demographics HYBRID,3,No,response-1-year,22
5,1575989178219,10/12/2019 14:46:18,1575989179200,0,10/12/2019 14:46:19,11864,3,questionnaire-ws45,,3506612,BLIND,991943,,complete,,5defae20113451000b0052f4,computer,Desktop or Laptop,Mac OS 10.13.6,Safari 11.1.2,1440x900,1440x839,,Demographics HYBRID,3,No,response-4,Female
6,1575989178219,10/12/2019 14:46:18,1575989179200,0,10/12/2019 14:46:19,11864,3,questionnaire-ws45,,3506612,BLIND,991943,,complete,,5defae20113451000b0052f4,computer,Desktop or Laptop,Mac OS 10.13.6,Safari 11.1.2,1440x900,1440x839,,Demographics HYBRID,3,No,response-4-quantised,2
7,1575989178219,10/12/2019 14:46:18,1575989179200,0,10/12/2019 14:46:19,11864,3,questionnaire-ws45,,3506612,BLIND,991943,,complete,,5defae20113451000b0052f4,computer,Desktop or Laptop,Mac OS 10.13.6,Safari 11.1.2,1440x900,1440x839,,Demographics HYBRID,3,No,END QUESTIONNAIRE,16974
1,1575989191563,10/12/2019 14:46:31,1575989193868,0,10/12/2019 14:46:33,11864,3,questionnaire-ws45,,3506621,BLIND,991942,,complete,,5defaf74237082000e99e34c,computer,Desktop or Laptop,Windows 10,Edge 18.17763,1699x956,1699x805,,Demographics HYBRID,3,No,BEGIN QUESTIONNAIRE,
2,1575989210598,10/12/2019 14:46:50,1575989212952,0,10/12/2019 14:46:52,11864,3,questionnaire-ws45,,3506621,BLIND,991942,,complete,,5defaf74237082000e99e34c,computer,Desktop or Laptop,Windows 10,Edge 18.17763,1699x956,1699x805,,Demographics HYBRID,3,No,response-1-day,18
3,1575989210693,10/12/2019 14:46:50,1575989212955,0,10/12/2019 14:46:52,11864,3,questionnaire-ws45,,3506621,BLIND,991942,,complete,,5defaf74237082000e99e34c,computer,Desktop or Laptop,Windows 10,Edge 18.17763,1699x956,1699x805,,Demographics HYBRID,3,No,response-1-month,3
4,1575989210693,10/12/2019 14:46:50,1575989212955,0,10/12/2019 14:46:52,11864,3,questionnaire-ws45,,3506621,BLIND,991942,,complete,,5defaf74237082000e99e34c,computer,Desktop or Laptop,Windows 10,Edge 18.17763,1699x956,1699x805,,Demographics HYBRID,3,No,response-1-year,18
5,1575989210693,10/12/2019 14:46:50,1575989212955,0,10/12/2019 14:46:52,11864,3,questionnaire-ws45,,3506621,BLIND,991942,,complete,,5defaf74237082000e99e34c,computer,Desktop or Laptop,Windows 10,Edge 18.17763,1699x956,1699x805,,Demographics HYBRID,3,No,response-4,Female
6,1575989210693,10/12/2019 14:46:50,1575989212955,0,10/12/2019 14:46:52,11864,3,questionnaire-ws45,,3506621,BLIND,991942,,complete,,5defaf74237082000e99e34c,computer,Desktop or Laptop,Windows 10,Edge 18.17763,1699x956,1699x805,,Demographics HYBRID,3,No,response-4-quantised,2
7,1575989210693,10/12/2019 14:46:50,1575989212955,0,10/12/2019 14:46:52,11864,3,questionnaire-ws45,,3506621,BLIND,991942,,complete,,5defaf74237082000e99e34c,computer,Desktop or Laptop,Windows 10,Edge 18.17763,1699x956,1699x805,,Demographics HYBRID,3,No,END QUESTIONNAIRE,19087
1,1575989210254,10/12/2019 14:46:50,1575989209812,0,10/12/2019 14:46:49,11864,3,questionnaire-ws45,,3506625,BLIND,991944,,complete,,5defaf701683d4000c775c3b,computer,Desktop or Laptop,Linux x86_64,Chrome 78.0.3904.108,360x780,980x1788,,Demographics HYBRID,3,No,BEGIN QUESTIONNAIRE,
2,1575989226337,10/12/2019 14:47:06,1575989225921,0,10/12/2019 14:47:05,11864,3,questionnaire-ws45,,3506625,BLIND,991944,,complete,,5defaf701683d4000c775c3b,computer,Desktop or Laptop,Linux x86_64,Chrome 78.0.3904.108,360x780,980x1788,,Demographics HYBRID,3,No,response-1-day,12
3,1575989226599,10/12/2019 14:47:06,1575989225924,0,10/12/2019 14:47:05,11864,3,questionnaire-ws45,,3506625,BLIND,991944,,complete,,5defaf701683d4000c775c3b,computer,Desktop or Laptop,Linux x86_64,Chrome 78.0.3904.108,360x780,980x1788,,Demographics HYBRID,3,No,response-1-month,10
4,1575989226599,10/12/2019 14:47:06,1575989225925,0,10/12/2019 14:47:05,11864,3,questionnaire-ws45,,3506625,BLIND,991944,,complete,,5defaf701683d4000c775c3b,computer,Desktop or Laptop,Linux x86_64,Chrome 78.0.3904.108,360x780,980x1788,,Demographics HYBRID,3,No,response-1-year,22
5,1575989226599,10/12/2019 14:47:06,1575989225925,0,10/12/2019 14:47:05,11864,3,questionnaire-ws45,,3506625,BLIND,991944,,complete,,5defaf701683d4000c775c3b,computer,Desktop or Laptop,Linux x86_64,Chrome 78.0.3904.108,360x780,980x1788,,Demographics HYBRID,3,No,response-4,Female
6,1575989226599,10/12/2019 14:47:06,1575989225925,0,10/12/2019 14:47:05,11864,3,questionnaire-ws45,,3506625,BLIND,991944,,complete,,5defaf701683d4000c775c3b,computer,Desktop or Laptop,Linux x86_64,Chrome 78.0.3904.108,360x780,980x1788,,Demographics HYBRID,3,No,response-4-quantised,2
7,1575989226599,10/12/2019 14:47:06,1575989225925,0,10/12/2019 14:47:05,11864,3,questionnaire-ws45,,3506625,BLIND,991944,,complete,,5defaf701683d4000c775c3b,computer,Desktop or Laptop,Linux x86_64,Chrome 78.0.3904.108,360x780,980x1788,,Demographics HYBRID,3,No,END QUESTIONNAIRE,16113
1,1575989245006,10/12/2019 14:47:25,1575989244852,0,10/12/2019 14:47:24,11864,3,questionnaire-ws45,,3506633,BLIND,991941,,complete,,5defaf4b9296ba000d7f0461,computer,Desktop or Laptop,Windows 10,Edge 18.18362,1745x982,1745x879,,Demographics HYBRID,3,No,BEGIN QUESTIONNAIRE,
2,1575989257289,10/12/2019 14:47:37,1575989257164,0,10/12/2019 14:47:37,11864,3,questionnaire-ws45,,3506633,BLIND,991941,,complete,,5defaf4b9296ba000d7f0461,computer,Desktop or Laptop,Windows 10,Edge 18.18362,1745x982,1745x879,,Demographics HYBRID,3,No,response-1-day,20
3,1575989257473,10/12/2019 14:47:37,1575989257178,0,10/12/2019 14:47:37,11864,3,questionnaire-ws45,,3506633,BLIND,991941,,complete,,5defaf4b9296ba000d7f0461,computer,Desktop or Laptop,Windows 10,Edge 18.18362,1745x982,1745x879,,Demographics HYBRID,3,No,response-1-month,2
4,1575989257473,10/12/2019 14:47:37,1575989257179,0,10/12/2019 14:47:37,11864,3,questionnaire-ws45,,3506633,BLIND,991941,,complete,,5defaf4b9296ba000d7f0461,computer,Desktop or Laptop,Windows 10,Edge 18.18362,1745x982,1745x879,,Demographics HYBRID,3,No,response-1-year,45
5,1575989257473,10/12/2019 14:47:37,1575989257179,0,10/12/2019 14:47:37,11864,3,questionnaire-ws45,,3506633,BLIND,991941,,complete,,5defaf4b9296ba000d7f0461,computer,Desktop or Laptop,Windows 10,Edge 18.18362,1745x982,1745x879,,Demographics HYBRID,3,No,response-4,Female
6,1575989257473,10/12/2019 14:47:37,1575989257179,0,10/12/2019 14:47:37,11864,3,questionnaire-ws45,,3506633,BLIND,991941,,complete,,5defaf4b9296ba000d7f0461,computer,Desktop or Laptop,Windows 10,Edge 18.18362,1745x982,1745x879,,Demographics HYBRID,3,No,response-4-quantised,2
7,1575989257473,10/12/2019 14:47:37,1575989257179,0,10/12/2019 14:47:37,11864,3,questionnaire-ws45,,3506633,BLIND,991941,,complete,,5defaf4b9296ba000d7f0461,computer,Desktop or Laptop,Windows 10,Edge 18.18362,1745x982,1745x879,,Demographics HYBRID,3,No,END QUESTIONNAIRE,12327
1,1575989249506,10/12/2019 14:47:29,1575989248226,0,10/12/2019 14:47:28,11864,3,questionnaire-ws45,,3506634,BLIND,991948,,complete,,5defafba40960c000e99fb0a,computer,Desktop or Laptop,Windows 10,Chrome 78.0.3904.108,1680x1050,1680x939,,Demographics HYBRID,3,No,BEGIN QUESTIONNAIRE,
2,1575989260715,10/12/2019 14:47:40,1575989259483,0,10/12/2019 14:47:39,11864,3,questionnaire-ws45,,3506634,BLIND,991948,,complete,,5defafba40960c000e99fb0a,computer,Desktop or Laptop,Windows 10,Chrome 78.0.3904.108,1680x1050,1680x939,,Demographics HYBRID,3,No,response-1-day,4
3,1575989260777,10/12/2019 14:47:40,1575989259484,0,10/12/2019 14:47:39,11864,3,questionnaire-ws45,,3506634,BLIND,991948,,complete,,5defafba40960c000e99fb0a,computer,Desktop or Laptop,Windows 10,Chrome 78.0.3904.108,1680x1050,1680x939,,Demographics HYBRID,3,No,response-1-month,8
4,1575989260777,10/12/2019 14:47:40,1575989259484,0,10/12/2019 14:47:39,11864,3,questionnaire-ws45,,3506634,BLIND,991948,,complete,,5defafba40960c000e99fb0a,computer,Desktop or Laptop,Windows 10,Chrome 78.0.3904.108,1680x1050,1680x939,,Demographics HYBRID,3,No,response-1-year,19
5,1575989260777,10/12/2019 14:47:40,1575989259485,0,10/12/2019 14:47:39,11864,3,questionnaire-ws45,,3506634,BLIND,991948,,complete,,5defafba40960c000e99fb0a,computer,Desktop or Laptop,Windows 10,Chrome 78.0.3904.108,1680x1050,1680x939,,Demographics HYBRID,3,No,response-4,Male
6,1575989260777,10/12/2019 14:47:40,1575989259485,0,10/12/2019 14:47:39,11864,3,questionnaire-ws45,,3506634,BLIND,991948,,complete,,5defafba40960c000e99fb0a,computer,Desktop or Laptop,Windows 10,Chrome 78.0.3904.108,1680x1050,1680x939,,Demographics HYBRID,3,No,response-4-quantised,1
7,1575989260777,10/12/2019 14:47:40,1575989259485,0,10/12/2019 14:47:39,11864,3,questionnaire-ws45,,3506634,BLIND,991948,,complete,,5defafba40960c000e99fb0a,computer,Desktop or Laptop,Windows 10,Chrome 78.0.3904.108,1680x1050,1680x939,,Demographics HYBRID,3,No,END QUESTIONNAIRE,11259
1,1575989264989,10/12/2019 14:47:44,1575989264824,0,10/12/2019 14:47:44,11864,3,questionnaire-ws45,,3506641,BLIND,991950,,complete,,5defafdecf944e000ae1ed49,computer,Desktop or Laptop,Windows 10,Edge 18.18362,2048x1152,2048x1002,,Demographics HYBRID,3,No,BEGIN QUESTIONNAIRE,
2,1575989269664,10/12/2019 14:47:49,1575989269543,0,10/12/2019 14:47:49,11864,3,questionnaire-ws45,,3506641,BLIND,991950,,complete,,5defafdecf944e000ae1ed49,computer,Desktop or Laptop,Windows 10,Edge 18.18362,2048x1152,2048x1002,,Demographics HYBRID,3,No,response-1-day,0
3,1575989269742,10/12/2019 14:47:49,1575989269546,0,10/12/2019 14:47:49,11864,3,questionnaire-ws45,,3506641,BLIND,991950,,complete,,5defafdecf944e000ae1ed49,computer,Desktop or Laptop,Windows 10,Edge 18.18362,2048x1152,2048x1002,,Demographics HYBRID,3,No,response-1-month,0
4,1575989269742,10/12/2019 14:47:49,1575989269546,0,10/12/2019 14:47:49,11864,3,questionnaire-ws45,,3506641,BLIND,991950,,complete,,5defafdecf944e000ae1ed49,computer,Desktop or Laptop,Windows 10,Edge 18.18362,2048x1152,2048x1002,,Demographics HYBRID,3,No,response-1-year,0
5,1575989269742,10/12/2019 14:47:49,1575989269547,0,10/12/2019 14:47:49,11864,3,questionnaire-ws45,,3506641,BLIND,991950,,complete,,5defafdecf944e000ae1ed49,computer,Desktop or Laptop,Windows 10,Edge 18.18362,2048x1152,2048x1002,,Demographics HYBRID,3,No,response-4,Female
6,1575989269742,10/12/2019 14:47:49,1575989269547,0,10/12/2019 14:47:49,11864,3,questionnaire-ws45,,3506641,BLIND,991950,,complete,,5defafdecf944e000ae1ed49,computer,Desktop or Laptop,Windows 10,Edge 18.18362,2048x1152,2048x1002,,Demographics HYBRID,3,No,response-4-quantised,2
7,1575989269742,10/12/2019 14:47:49,1575989269547,0,10/12/2019 14:47:49,11864,3,questionnaire-ws45,,3506641,BLIND,991950,,complete,,5defafdecf944e000ae1ed49,computer,Desktop or Laptop,Windows 10,Edge 18.18362,2048x1152,2048x1002,,Demographics HYBRID,3,No,END QUESTIONNAIRE,4723
1,1575989306321,10/12/2019 14:48:26,1575989306231,0,10/12/2019 14:48:26,11864,3,questionnaire-ws45,,3506661,BLIND,991954,,complete,,5defb00cadea1f000cf66d73,computer,Desktop or Laptop,Windows 7,Chrome 78.0.3904.108,1920x1080,1920x969,,Demographics HYBRID,3,No,BEGIN QUESTIONNAIRE,
2,1575989319065,10/12/2019 14:48:39,1575989318999,0,10/12/2019 14:48:38,11864,3,questionnaire-ws45,,3506661,BLIND,991954,,complete,,5defb00cadea1f000cf66d73,computer,Desktop or Laptop,Windows 7,Chrome 78.0.3904.108,1920x1080,1920x969,,Demographics HYBRID,3,No,response-1-day,15
3,1575989319112,10/12/2019 14:48:39,1575989319001,0,10/12/2019 14:48:39,11864,3,questionnaire-ws45,,3506661,BLIND,991954,,complete,,5defb00cadea1f000cf66d73,computer,Desktop or Laptop,Windows 7,Chrome 78.0.3904.108,1920x1080,1920x969,,Demographics HYBRID,3,No,response-1-month,4
4,1575989319112,10/12/2019 14:48:39,1575989319002,0,10/12/2019 14:48:39,11864,3,questionnaire-ws45,,3506661,BLIND,991954,,complete,,5defb00cadea1f000cf66d73,computer,Desktop or Laptop,Windows 7,Chrome 78.0.3904.108,1920x1080,1920x969,,Demographics HYBRID,3,No,response-1-year,18
5,1575989319112,10/12/2019 14:48:39,1575989319002,0,10/12/2019 14:48:39,11864,3,questionnaire-ws45,,3506661,BLIND,991954,,complete,,5defb00cadea1f000cf66d73,computer,Desktop or Laptop,Windows 7,Chrome 78.0.3904.108,1920x1080,1920x969,,Demographics HYBRID,3,No,response-4,Male
6,1575989319112,10/12/2019 14:48:39,1575989319002,0,10/12/2019 14:48:39,11864,3,questionnaire-ws45,,3506661,BLIND,991954,,complete,,5defb00cadea1f000cf66d73,computer,Desktop or Laptop,Windows 7,Chrome 78.0.3904.108,1920x1080,1920x969,,Demographics HYBRID,3,No,response-4-quantised,1
7,1575989319112,10/12/2019 14:48:39,1575989319003,0,10/12/2019 14:48:39,11864,3,questionnaire-ws45,,3506661,BLIND,991954,,complete,,5defb00cadea1f000cf66d73,computer,Desktop or Laptop,Windows 7,Chrome 78.0.3904.108,1920x1080,1920x969,,Demographics HYBRID,3,No,END QUESTIONNAIRE,12772
1,1575989319909,10/12/2019 14:48:39,1575989319772,0,10/12/2019 14:48:39,11864,3,questionnaire-ws45,,3506665,BLIND,991953,,complete,,5defb00ab41fdb000ca6d652,computer,Desktop or Laptop,Linux x86_64,Chrome 78.0.3904.108,412x892,980x1915,,Demographics HYBRID,3,No,BEGIN QUESTIONNAIRE,
2,1575989335556,10/12/2019 14:48:55,1575989335474,0,10/12/2019 14:48:55,11864,3,questionnaire-ws45,,3506665,BLIND,991953,,complete,,5defb00ab41fdb000ca6d652,computer,Desktop or Laptop,Linux x86_64,Chrome 78.0.3904.108,412x892,980x1915,,Demographics HYBRID,3,No,response-1-day,13
3,1575989335634,10/12/2019 14:48:55,1575989335479,0,10/12/2019 14:48:55,11864,3,questionnaire-ws45,,3506665,BLIND,991953,,complete,,5defb00ab41fdb000ca6d652,computer,Desktop or Laptop,Linux x86_64,Chrome 78.0.3904.108,412x892,980x1915,,Demographics HYBRID,3,No,response-1-month,3
4,1575989335634,10/12/2019 14:48:55,1575989335479,0,10/12/2019 14:48:55,11864,3,questionnaire-ws45,,3506665,BLIND,991953,,complete,,5defb00ab41fdb000ca6d652,computer,Desktop or Laptop,Linux x86_64,Chrome 78.0.3904.108,412x892,980x1915,,Demographics HYBRID,3,No,response-1-year,21
5,1575989335634,10/12/2019 14:48:55,1575989335480,0,10/12/2019 14:48:55,11864,3,questionnaire-ws45,,3506665,BLIND,991953,,complete,,5defb00ab41fdb000ca6d652,computer,Desktop or Laptop,Linux x86_64,Chrome 78.0.3904.108,412x892,980x1915,,Demographics HYBRID,3,No,response-4,Male
6,1575989335634,10/12/2019 14:48:55,1575989335480,0,10/12/2019 14:48:55,11864,3,questionnaire-ws45,,3506665,BLIND,991953,,complete,,5defb00ab41fdb000ca6d652,computer,Desktop or Laptop,Linux x86_64,Chrome 78.0.3904.108,412x892,980x1915,,Demographics HYBRID,3,No,response-4-quantised,1
7,1575989335634,10/12/2019 14:48:55,1575989335480,0,10/12/2019 14:48:55,11864,3,questionnaire-ws45,,3506665,BLIND,991953,,complete,,5defb00ab41fdb000ca6d652,computer,Desktop or Laptop,Linux x86_64,Chrome 78.0.3904.108,412x892,980x1915,,Demographics HYBRID,3,No,END QUESTIONNAIRE,15708
1,1575989392637,10/12/2019 14:49:52,1575989391530,0,10/12/2019 14:49:51,11864,3,questionnaire-ws45,,3506689,BLIND,991960,,complete,,5defb04b389e8f000b6b2d5b,computer,Desktop or Laptop,Windows 10,Chrome 78.0.3904.108,1600x1200,1600x1089,,Demographics HYBRID,3,No,BEGIN QUESTIONNAIRE,
2,1575989401265,10/12/2019 14:50:01,1575989400198,0,10/12/2019 14:50:00,11864,3,questionnaire-ws45,,3506689,BLIND,991960,,complete,,5defb04b389e8f000b6b2d5b,computer,Desktop or Laptop,Windows 10,Chrome 78.0.3904.108,1600x1200,1600x1089,,Demographics HYBRID,3,No,response-1-day,0
3,1575989401343,10/12/2019 14:50:01,1575989400200,0,10/12/2019 14:50:00,11864,3,questionnaire-ws45,,3506689,BLIND,991960,,complete,,5defb04b389e8f000b6b2d5b,computer,Desktop or Laptop,Windows 10,Chrome 78.0.3904.108,1600x1200,1600x1089,,Demographics HYBRID,3,No,response-1-month,10
4,1575989401343,10/12/2019 14:50:01,1575989400200,0,10/12/2019 14:50:00,11864,3,questionnaire-ws45,,3506689,BLIND,991960,,complete,,5defb04b389e8f000b6b2d5b,computer,Desktop or Laptop,Windows 10,Chrome 78.0.3904.108,1600x1200,1600x1089,,Demographics HYBRID,3,No,response-1-year,32
5,1575989401343,10/12/2019 14:50:01,1575989400200,0,10/12/2019 14:50:00,11864,3,questionnaire-ws45,,3506689,BLIND,991960,,complete,,5defb04b389e8f000b6b2d5b,computer,Desktop or Laptop,Windows 10,Chrome 78.0.3904.108,1600x1200,1600x1089,,Demographics HYBRID,3,No,response-4,Female
6,1575989401343,10/12/2019 14:50:01,1575989400200,0,10/12/2019 14:50:00,11864,3,questionnaire-ws45,,3506689,BLIND,991960,,complete,,5defb04b389e8f000b6b2d5b,computer,Desktop or Laptop,Windows 10,Chrome 78.0.3904.108,1600x1200,1600x1089,,Demographics HYBRID,3,No,response-4-quantised,2
7,1575989401343,10/12/2019 14:50:01,1575989400200,0,10/12/2019 14:50:00,11864,3,questionnaire-ws45,,3506689,BLIND,991960,,complete,,5defb04b389e8f000b6b2d5b,computer,Desktop or Laptop,Windows 10,Chrome 78.0.3904.108,1600x1200,1600x1089,,Demographics HYBRID,3,No,END QUESTIONNAIRE,8670
1,1575989398514,10/12/2019 14:49:58,1575989389471,0,10/12/2019 14:49:49,11864,3,questionnaire-ws45,,3506690,BLIND,991957,,complete,,5defaf9ca61a75000e4c9c01,computer,Desktop or Laptop,Windows 10,Chrome 78.0.3904.108,1366x768,1366x657,,Demographics HYBRID,3,No,BEGIN QUESTIONNAIRE,
2,1575989420189,10/12/2019 14:50:20,1575989411077,0,10/12/2019 14:50:11,11864,3,questionnaire-ws45,,3506690,BLIND,991957,,complete,,5defaf9ca61a75000e4c9c01,computer,Desktop or Laptop,Windows 10,Chrome 78.0.3904.108,1366x768,1366x657,,Demographics HYBRID,3,No,response-1-day,17
3,1575989420314,10/12/2019 14:50:20,1575989411081,0,10/12/2019 14:50:11,11864,3,questionnaire-ws45,,3506690,BLIND,991957,,complete,,5defaf9ca61a75000e4c9c01,computer,Desktop or Laptop,Windows 10,Chrome 78.0.3904.108,1366x768,1366x657,,Demographics HYBRID,3,No,response-1-month,4
4,1575989420314,10/12/2019 14:50:20,1575989411082,0,10/12/2019 14:50:11,11864,3,questionnaire-ws45,,3506690,BLIND,991957,,complete,,5defaf9ca61a75000e4c9c01,computer,Desktop or Laptop,Windows 10,Chrome 78.0.3904.108,1366x768,1366x657,,Demographics HYBRID,3,No,response-1-year,28
5,1575989420314,10/12/2019 14:50:20,1575989411082,0,10/12/2019 14:50:11,11864,3,questionnaire-ws45,,3506690,BLIND,991957,,complete,,5defaf9ca61a75000e4c9c01,computer,Desktop or Laptop,Windows 10,Chrome 78.0.3904.108,1366x768,1366x657,,Demographics HYBRID,3,No,response-4,Female
6,1575989420314,10/12/2019 14:50:20,1575989411083,0,10/12/2019 14:50:11,11864,3,questionnaire-ws45,,3506690,BLIND,991957,,complete,,5defaf9ca61a75000e4c9c01,computer,Desktop or Laptop,Windows 10,Chrome 78.0.3904.108,1366x768,1366x657,,Demographics HYBRID,3,No,response-4-quantised,2
7,1575989420314,10/12/2019 14:50:20,1575989411084,0,10/12/2019 14:50:11,11864,3,questionnaire-ws45,,3506690,BLIND,991957,,complete,,5defaf9ca61a75000e4c9c01,computer,Desktop or Laptop,Windows 10,Chrome 78.0.3904.108,1366x768,1366x657,,Demographics HYBRID,3,No,END QUESTIONNAIRE,21614
1,1575989405281,10/12/2019 14:50:05,1575989404137,0,10/12/2019 14:50:04,11864,3,questionnaire-ws45,,3506698,BLIND,991962,,complete,,5defb051624657000fae4c93,computer,Desktop or Laptop,Windows 10,Chrome 78.0.3904.108,1440x900,1440x789,,Demographics HYBRID,3,No,BEGIN QUESTIONNAIRE,
2,1575989416282,10/12/2019 14:50:16,1575989415203,0,10/12/2019 14:50:15,11864,3,questionnaire-ws45,,3506698,BLIND,991962,,complete,,5defb051624657000fae4c93,computer,Desktop or Laptop,Windows 10,Chrome 78.0.3904.108,1440x900,1440x789,,Demographics HYBRID,3,No,response-1-day,7
3,1575989416345,10/12/2019 14:50:16,1575989415204,0,10/12/2019 14:50:15,11864,3,questionnaire-ws45,,3506698,BLIND,991962,,complete,,5defb051624657000fae4c93,computer,Desktop or Laptop,Windows 10,Chrome 78.0.3904.108,1440x900,1440x789,,Demographics HYBRID,3,No,response-1-month,8
4,1575989416345,10/12/2019 14:50:16,1575989415205,0,10/12/2019 14:50:15,11864,3,questionnaire-ws45,,3506698,BLIND,991962,,complete,,5defb051624657000fae4c93,computer,Desktop or Laptop,Windows 10,Chrome 78.0.3904.108,1440x900,1440x789,,Demographics HYBRID,3,No,response-1-year,18
5,1575989416345,10/12/2019 14:50:16,1575989415205,0,10/12/2019 14:50:15,11864,3,questionnaire-ws45,,3506698,BLIND,991962,,complete,,5defb051624657000fae4c93,computer,Desktop or Laptop,Windows 10,Chrome 78.0.3904.108,1440x900,1440x789,,Demographics HYBRID,3,No,response-4,Male
6,1575989416345,10/12/2019 14:50:16,1575989415205,0,10/12/2019 14:50:15,11864,3,questionnaire-ws45,,3506698,BLIND,991962,,complete,,5defb051624657000fae4c93,computer,Desktop or Laptop,Windows 10,Chrome 78.0.3904.108,1440x900,1440x789,,Demographics HYBRID,3,No,response-4-quantised,1
7,1575989416345,10/12/2019 14:50:16,1575989415205,0,10/12/2019 14:50:15,11864,3,questionnaire-ws45,,3506698,BLIND,991962,,complete,,5defb051624657000fae4c93,computer,Desktop or Laptop,Windows 10,Chrome 78.0.3904.108,1440x900,1440x789,,Demographics HYBRID,3,No,END QUESTIONNAIRE,11068
1,1575989471200,10/12/2019 14:51:11,1575989471535,0,10/12/2019 14:51:11,11864,3,questionnaire-ws45,,3506718,BLIND,991969,,complete,,5defb07986a750000da8d544,computer,Desktop or Laptop,Windows 10,Chrome 78.0.3904.108,1280x720,1280x578,,Demographics HYBRID,3,No,BEGIN QUESTIONNAIRE,
2,1575989486308,10/12/2019 14:51:26,1575989486694,0,10/12/2019 14:51:26,11864,3,questionnaire-ws45,,3506718,BLIND,991969,,complete,,5defb07986a750000da8d544,computer,Desktop or Laptop,Windows 10,Chrome 78.0.3904.108,1280x720,1280x578,,Demographics HYBRID,3,No,response-1-day,0
3,1575989486387,10/12/2019 14:51:26,1575989486695,0,10/12/2019 14:51:26,11864,3,questionnaire-ws45,,3506718,BLIND,991969,,complete,,5defb07986a750000da8d544,computer,Desktop or Laptop,Windows 10,Chrome 78.0.3904.108,1280x720,1280x578,,Demographics HYBRID,3,No,response-1-month,6
4,1575989486387,10/12/2019 14:51:26,1575989486696,0,10/12/2019 14:51:26,11864,3,questionnaire-ws45,,3506718,BLIND,991969,,complete,,5defb07986a750000da8d544,computer,Desktop or Laptop,Windows 10,Chrome 78.0.3904.108,1280x720,1280x578,,Demographics HYBRID,3,No,response-1-year,45
5,1575989486387,10/12/2019 14:51:26,1575989486696,0,10/12/2019 14:51:26,11864,3,questionnaire-ws45,,3506718,BLIND,991969,,complete,,5defb07986a750000da8d544,computer,Desktop or Laptop,Windows 10,Chrome 78.0.3904.108,1280x720,1280x578,,Demographics HYBRID,3,No,response-4,Female
6,1575989486387,10/12/2019 14:51:26,1575989486696,0,10/12/2019 14:51:26,11864,3,questionnaire-ws45,,3506718,BLIND,991969,,complete,,5defb07986a750000da8d544,computer,Desktop or Laptop,Windows 10,Chrome 78.0.3904.108,1280x720,1280x578,,Demographics HYBRID,3,No,response-4-quantised,2
7,1575989486387,10/12/2019 14:51:26,1575989486696,0,10/12/2019 14:51:26,11864,3,questionnaire-ws45,,3506718,BLIND,991969,,complete,,5defb07986a750000da8d544,computer,Desktop or Laptop,Windows 10,Chrome 78.0.3904.108,1280x720,1280x578,,Demographics HYBRID,3,No,END QUESTIONNAIRE,15161
1,1575989491357,10/12/2019 14:51:31,1575989491167,0,10/12/2019 14:51:31,11864,3,questionnaire-ws45,,3506727,BLIND,991964,,complete,,5defb065bf5f14000dd13fa7,computer,Desktop or Laptop,Mac OS 10.15.1,Chrome 78.0.3904.108,1280x800,1280x612,,Demographics HYBRID,3,No,BEGIN QUESTIONNAIRE,
2,1575989512668,10/12/2019 14:51:52,1575989512508,0,10/12/2019 14:51:52,11864,3,questionnaire-ws45,,3506727,BLIND,991964,,complete,,5defb065bf5f14000dd13fa7,computer,Desktop or Laptop,Mac OS 10.15.1,Chrome 78.0.3904.108,1280x800,1280x612,,Demographics HYBRID,3,No,response-1-day,12
3,1575989512745,10/12/2019 14:51:52,1575989512510,0,10/12/2019 14:51:52,11864,3,questionnaire-ws45,,3506727,BLIND,991964,,complete,,5defb065bf5f14000dd13fa7,computer,Desktop or Laptop,Mac OS 10.15.1,Chrome 78.0.3904.108,1280x800,1280x612,,Demographics HYBRID,3,No,response-1-month,2
4,1575989512745,10/12/2019 14:51:52,1575989512510,0,10/12/2019 14:51:52,11864,3,questionnaire-ws45,,3506727,BLIND,991964,,complete,,5defb065bf5f14000dd13fa7,computer,Desktop or Laptop,Mac OS 10.15.1,Chrome 78.0.3904.108,1280x800,1280x612,,Demographics HYBRID,3,No,response-1-year,35
5,1575989512745,10/12/2019 14:51:52,1575989512510,0,10/12/2019 14:51:52,11864,3,questionnaire-ws45,,3506727,BLIND,991964,,complete,,5defb065bf5f14000dd13fa7,computer,Desktop or Laptop,Mac OS 10.15.1,Chrome 78.0.3904.108,1280x800,1280x612,,Demographics HYBRID,3,No,response-4,Female
6,1575989512745,10/12/2019 14:51:52,1575989512510,0,10/12/2019 14:51:52,11864,3,questionnaire-ws45,,3506727,BLIND,991964,,complete,,5defb065bf5f14000dd13fa7,computer,Desktop or Laptop,Mac OS 10.15.1,Chrome 78.0.3904.108,1280x800,1280x612,,Demographics HYBRID,3,No,response-4-quantised,2
7,1575989512745,10/12/2019 14:51:52,1575989512510,0,10/12/2019 14:51:52,11864,3,questionnaire-ws45,,3506727,BLIND,991964,,complete,,5defb065bf5f14000dd13fa7,computer,Desktop or Laptop,Mac OS 10.15.1,Chrome 78.0.3904.108,1280x800,1280x612,,Demographics HYBRID,3,No,END QUESTIONNAIRE,21343
1,1575989512996,10/12/2019 14:51:52,1575989514327,0,10/12/2019 14:51:54,11864,3,questionnaire-ws45,,3506737,BLIND,991973,,complete,,5defb08dd14385000e87183f,computer,Desktop or Laptop,Windows 10,Chrome 78.0.3904.108,1920x1080,1920x947,,Demographics HYBRID,3,No,BEGIN QUESTIONNAIRE,
2,1575989552040,10/12/2019 14:52:32,1575989553380,0,10/12/2019 14:52:33,11864,3,questionnaire-ws45,,3506737,BLIND,991973,,complete,,5defb08dd14385000e87183f,computer,Desktop or Laptop,Windows 10,Chrome 78.0.3904.108,1920x1080,1920x947,,Demographics HYBRID,3,No,response-1-day,23
3,1575989552103,10/12/2019 14:52:32,1575989553383,0,10/12/2019 14:52:33,11864,3,questionnaire-ws45,,3506737,BLIND,991973,,complete,,5defb08dd14385000e87183f,computer,Desktop or Laptop,Windows 10,Chrome 78.0.3904.108,1920x1080,1920x947,,Demographics HYBRID,3,No,response-1-month,3
4,1575989552103,10/12/2019 14:52:32,1575989553384,0,10/12/2019 14:52:33,11864,3,questionnaire-ws45,,3506737,BLIND,991973,,complete,,5defb08dd14385000e87183f,computer,Desktop or Laptop,Windows 10,Chrome 78.0.3904.108,1920x1080,1920x947,,Demographics HYBRID,3,No,response-1-year,66
5,1575989552103,10/12/2019 14:52:32,1575989553385,0,10/12/2019 14:52:33,11864,3,questionnaire-ws45,,3506737,BLIND,991973,,complete,,5defb08dd14385000e87183f,computer,Desktop or Laptop,Windows 10,Chrome 78.0.3904.108,1920x1080,1920x947,,Demographics HYBRID,3,No,response-4,Male
6,1575989552103,10/12/2019 14:52:32,1575989553386,0,10/12/2019 14:52:33,11864,3,questionnaire-ws45,,3506737,BLIND,991973,,complete,,5defb08dd14385000e87183f,computer,Desktop or Laptop,Windows 10,Chrome 78.0.3904.108,1920x1080,1920x947,,Demographics HYBRID,3,No,response-4-quantised,1
7,1575989552103,10/12/2019 14:52:32,1575989553387,0,10/12/2019 14:52:33,11864,3,questionnaire-ws45,,3506737,BLIND,991973,,complete,,5defb08dd14385000e87183f,computer,Desktop or Laptop,Windows 10,Chrome 78.0.3904.108,1920x1080,1920x947,,Demographics HYBRID,3,No,END QUESTIONNAIRE,39060
1,1575989525545,10/12/2019 14:52:05,1575989525259,0,10/12/2019 14:52:05,11864,3,questionnaire-ws45,,3506743,BLIND,991979,,complete,,5defb0eecf944e000ae1ed51,computer,Desktop or Laptop,Windows 7,Chrome 71.0.3578.98,1344x840,1493x778,,Demographics HYBRID,3,No,BEGIN QUESTIONNAIRE,
2,1575989537707,10/12/2019 14:52:17,1575989537410,0,10/12/2019 14:52:17,11864,3,questionnaire-ws45,,3506743,BLIND,991979,,complete,,5defb0eecf944e000ae1ed51,computer,Desktop or Laptop,Windows 7,Chrome 71.0.3578.98,1344x840,1493x778,,Demographics HYBRID,3,No,response-1-day,9
3,1575989537989,10/12/2019 14:52:17,1575989537413,0,10/12/2019 14:52:17,11864,3,questionnaire-ws45,,3506743,BLIND,991979,,complete,,5defb0eecf944e000ae1ed51,computer,Desktop or Laptop,Windows 7,Chrome 71.0.3578.98,1344x840,1493x778,,Demographics HYBRID,3,No,response-1-month,10
4,1575989537989,10/12/2019 14:52:17,1575989537413,0,10/12/2019 14:52:17,11864,3,questionnaire-ws45,,3506743,BLIND,991979,,complete,,5defb0eecf944e000ae1ed51,computer,Desktop or Laptop,Windows 7,Chrome 71.0.3578.98,1344x840,1493x778,,Demographics HYBRID,3,No,response-1-year,36
5,1575989537989,10/12/2019 14:52:17,1575989537413,0,10/12/2019 14:52:17,11864,3,questionnaire-ws45,,3506743,BLIND,991979,,complete,,5defb0eecf944e000ae1ed51,computer,Desktop or Laptop,Windows 7,Chrome 71.0.3578.98,1344x840,1493x778,,Demographics HYBRID,3,No,response-4,Female
6,1575989537989,10/12/2019 14:52:17,1575989537414,0,10/12/2019 14:52:17,11864,3,questionnaire-ws45,,3506743,BLIND,991979,,complete,,5defb0eecf944e000ae1ed51,computer,Desktop or Laptop,Windows 7,Chrome 71.0.3578.98,1344x840,1493x778,,Demographics HYBRID,3,No,response-4-quantised,2
7,1575989537989,10/12/2019 14:52:17,1575989537414,0,10/12/2019 14:52:17,11864,3,questionnaire-ws45,,3506743,BLIND,991979,,complete,,5defb0eecf944e000ae1ed51,computer,Desktop or Laptop,Windows 7,Chrome 71.0.3578.98,1344x840,1493x778,,Demographics HYBRID,3,No,END QUESTIONNAIRE,12156
1,1575989546239,10/12/2019 14:52:26,1575989545152,0,10/12/2019 14:52:25,11864,3,questionnaire-ws45,,3506750,BLIND,991981,,complete,,5defb0f8145f2a000eebbf0c,computer,Desktop or Laptop,Windows 10,Chrome 78.0.3904.108,1600x900,1600x828,,Demographics HYBRID,3,No,BEGIN QUESTIONNAIRE,
2,1575989558638,10/12/2019 14:52:38,1575989557558,0,10/12/2019 14:52:37,11864,3,questionnaire-ws45,,3506750,BLIND,991981,,complete,,5defb0f8145f2a000eebbf0c,computer,Desktop or Laptop,Windows 10,Chrome 78.0.3904.108,1600x900,1600x828,,Demographics HYBRID,3,No,response-1-day,1
3,1575989558732,10/12/2019 14:52:38,1575989557561,0,10/12/2019 14:52:37,11864,3,questionnaire-ws45,,3506750,BLIND,991981,,complete,,5defb0f8145f2a000eebbf0c,computer,Desktop or Laptop,Windows 10,Chrome 78.0.3904.108,1600x900,1600x828,,Demographics HYBRID,3,No,response-1-month,7
4,1575989558732,10/12/2019 14:52:38,1575989557562,0,10/12/2019 14:52:37,11864,3,questionnaire-ws45,,3506750,BLIND,991981,,complete,,5defb0f8145f2a000eebbf0c,computer,Desktop or Laptop,Windows 10,Chrome 78.0.3904.108,1600x900,1600x828,,Demographics HYBRID,3,No,response-1-year,25
5,1575989558732,10/12/2019 14:52:38,1575989557562,0,10/12/2019 14:52:37,11864,3,questionnaire-ws45,,3506750,BLIND,991981,,complete,,5defb0f8145f2a000eebbf0c,computer,Desktop or Laptop,Windows 10,Chrome 78.0.3904.108,1600x900,1600x828,,Demographics HYBRID,3,No,response-4,Male
6,1575989558732,10/12/2019 14:52:38,1575989557563,0,10/12/2019 14:52:37,11864,3,questionnaire-ws45,,3506750,BLIND,991981,,complete,,5defb0f8145f2a000eebbf0c,computer,Desktop or Laptop,Windows 10,Chrome 78.0.3904.108,1600x900,1600x828,,Demographics HYBRID,3,No,response-4-quantised,1
7,1575989558732,10/12/2019 14:52:38,1575989557564,0,10/12/2019 14:52:37,11864,3,questionnaire-ws45,,3506750,BLIND,991981,,complete,,5defb0f8145f2a000eebbf0c,computer,Desktop or Laptop,Windows 10,Chrome 78.0.3904.108,1600x900,1600x828,,Demographics HYBRID,3,No,END QUESTIONNAIRE,12413
1,1575989561093,10/12/2019 14:52:41,1575989561027,0,10/12/2019 14:52:41,11864,3,questionnaire-ws45,,3506755,BLIND,991983,,complete,,5defb1178ea31d000d7ab83f,computer,Desktop or Laptop,Windows 7,Chrome 78.0.3904.108,1920x1080,959x519,,Demographics HYBRID,3,No,BEGIN QUESTIONNAIRE,
2,1575989563942,10/12/2019 14:52:43,1575989563918,0,10/12/2019 14:52:43,11864,3,questionnaire-ws45,,3506755,BLIND,991983,,complete,,5defb1178ea31d000d7ab83f,computer,Desktop or Laptop,Windows 7,Chrome 78.0.3904.108,1920x1080,959x519,,Demographics HYBRID,3,No,response-1-day,0
3,1575989564021,10/12/2019 14:52:44,1575989563920,0,10/12/2019 14:52:43,11864,3,questionnaire-ws45,,3506755,BLIND,991983,,complete,,5defb1178ea31d000d7ab83f,computer,Desktop or Laptop,Windows 7,Chrome 78.0.3904.108,1920x1080,959x519,,Demographics HYBRID,3,No,response-1-month,0
4,1575989564021,10/12/2019 14:52:44,1575989563920,0,10/12/2019 14:52:43,11864,3,questionnaire-ws45,,3506755,BLIND,991983,,complete,,5defb1178ea31d000d7ab83f,computer,Desktop or Laptop,Windows 7,Chrome 78.0.3904.108,1920x1080,959x519,,Demographics HYBRID,3,No,response-1-year,0
5,1575989564021,10/12/2019 14:52:44,1575989563921,0,10/12/2019 14:52:43,11864,3,questionnaire-ws45,,3506755,BLIND,991983,,complete,,5defb1178ea31d000d7ab83f,computer,Desktop or Laptop,Windows 7,Chrome 78.0.3904.108,1920x1080,959x519,,Demographics HYBRID,3,No,response-4,Female
6,1575989564021,10/12/2019 14:52:44,1575989563921,0,10/12/2019 14:52:43,11864,3,questionnaire-ws45,,3506755,BLIND,991983,,complete,,5defb1178ea31d000d7ab83f,computer,Desktop or Laptop,Windows 7,Chrome 78.0.3904.108,1920x1080,959x519,,Demographics HYBRID,3,No,response-4-quantised,2
7,1575989564021,10/12/2019 14:52:44,1575989563921,0,10/12/2019 14:52:43,11864,3,questionnaire-ws45,,3506755,BLIND,991983,,complete,,5defb1178ea31d000d7ab83f,computer,Desktop or Laptop,Windows 7,Chrome 78.0.3904.108,1920x1080,959x519,,Demographics HYBRID,3,No,END QUESTIONNAIRE,2894
1,1575989565629,10/12/2019 14:52:45,1575989558666,0,10/12/2019 14:52:38,11864,3,questionnaire-ws45,,3506758,BLIND,991982,,complete,,5defb0fb1683d4000e193453,computer,Desktop or Laptop,Windows 7,Chrome 78.0.3904.108,1360x768,1360x625,,Demographics HYBRID,3,No,BEGIN QUESTIONNAIRE,
2,1575989585101,10/12/2019 14:53:05,1575989578158,0,10/12/2019 14:52:58,11864,3,questionnaire-ws45,,3506758,BLIND,991982,,complete,,5defb0fb1683d4000e193453,computer,Desktop or Laptop,Windows 7,Chrome 78.0.3904.108,1360x768,1360x625,,Demographics HYBRID,3,No,response-1-day,29
3,1575989585157,10/12/2019 14:53:05,1575989578164,0,10/12/2019 14:52:58,11864,3,questionnaire-ws45,,3506758,BLIND,991982,,complete,,5defb0fb1683d4000e193453,computer,Desktop or Laptop,Windows 7,Chrome 78.0.3904.108,1360x768,1360x625,,Demographics HYBRID,3,No,response-1-month,6
4,1575989585157,10/12/2019 14:53:05,1575989578165,0,10/12/2019 14:52:58,11864,3,questionnaire-ws45,,3506758,BLIND,991982,,complete,,5defb0fb1683d4000e193453,computer,Desktop or Laptop,Windows 7,Chrome 78.0.3904.108,1360x768,1360x625,,Demographics HYBRID,3,No,response-1-year,32
5,1575989585157,10/12/2019 14:53:05,1575989578165,0,10/12/2019 14:52:58,11864,3,questionnaire-ws45,,3506758,BLIND,991982,,complete,,5defb0fb1683d4000e193453,computer,Desktop or Laptop,Windows 7,Chrome 78.0.3904.108,1360x768,1360x625,,Demographics HYBRID,3,No,response-4,Female
6,1575989585157,10/12/2019 14:53:05,1575989578166,0,10/12/2019 14:52:58,11864,3,questionnaire-ws45,,3506758,BLIND,991982,,complete,,5defb0fb1683d4000e193453,computer,Desktop or Laptop,Windows 7,Chrome 78.0.3904.108,1360x768,1360x625,,Demographics HYBRID,3,No,response-4-quantised,2
7,1575989585157,10/12/2019 14:53:05,1575989578167,0,10/12/2019 14:52:58,11864,3,questionnaire-ws45,,3506758,BLIND,991982,,complete,,5defb0fb1683d4000e193453,computer,Desktop or Laptop,Windows 7,Chrome 78.0.3904.108,1360x768,1360x625,,Demographics HYBRID,3,No,END QUESTIONNAIRE,19501
1,1575989569684,10/12/2019 14:52:49,1575989603885,0,10/12/2019 14:53:23,11864,3,questionnaire-ws45,,3506760,BLIND,991967,,complete,,5defb04cc1ef79000b5e5f8d,computer,Desktop or Laptop,Windows 10,Edge 18.17763,1280x720,1280x607,,Demographics HYBRID,3,No,BEGIN QUESTIONNAIRE,
2,1575989602421,10/12/2019 14:53:22,1575989636792,0,10/12/2019 14:53:56,11864,3,questionnaire-ws45,,3506760,BLIND,991967,,complete,,5defb04cc1ef79000b5e5f8d,computer,Desktop or Laptop,Windows 10,Edge 18.17763,1280x720,1280x607,,Demographics HYBRID,3,No,response-1-day,3
3,1575989602529,10/12/2019 14:53:22,1575989636797,0,10/12/2019 14:53:56,11864,3,questionnaire-ws45,,3506760,BLIND,991967,,complete,,5defb04cc1ef79000b5e5f8d,computer,Desktop or Laptop,Windows 10,Edge 18.17763,1280x720,1280x607,,Demographics HYBRID,3,No,response-1-month,7
4,1575989602529,10/12/2019 14:53:22,1575989636798,0,10/12/2019 14:53:56,11864,3,questionnaire-ws45,,3506760,BLIND,991967,,complete,,5defb04cc1ef79000b5e5f8d,computer,Desktop or Laptop,Windows 10,Edge 18.17763,1280x720,1280x607,,Demographics HYBRID,3,No,response-1-year,39
5,1575989602529,10/12/2019 14:53:22,1575989636798,0,10/12/2019 14:53:56,11864,3,questionnaire-ws45,,3506760,BLIND,991967,,complete,,5defb04cc1ef79000b5e5f8d,computer,Desktop or Laptop,Windows 10,Edge 18.17763,1280x720,1280x607,,Demographics HYBRID,3,No,response-4,Female
6,1575989602529,10/12/2019 14:53:22,1575989636798,0,10/12/2019 14:53:56,11864,3,questionnaire-ws45,,3506760,BLIND,991967,,complete,,5defb04cc1ef79000b5e5f8d,computer,Desktop or Laptop,Windows 10,Edge 18.17763,1280x720,1280x607,,Demographics HYBRID,3,No,response-4-quantised,2
7,1575989602529,10/12/2019 14:53:22,1575989636799,0,10/12/2019 14:53:56,11864,3,questionnaire-ws45,,3506760,BLIND,991967,,complete,,5defb04cc1ef79000b5e5f8d,computer,Desktop or Laptop,Windows 10,Edge 18.17763,1280x720,1280x607,,Demographics HYBRID,3,No,END QUESTIONNAIRE,32914
1,1575989708519,10/12/2019 14:55:08,1575989708470,0,10/12/2019 14:55:08,11864,3,questionnaire-ws45,,3506800,BLIND,991994,,complete,,5defb15ecac2ea000b63862c,computer,Desktop or Laptop,Windows 10,Chrome 78.0.3904.108,1536x864,1536x754,,Demographics HYBRID,3,No,BEGIN QUESTIONNAIRE,
2,1575989750848,10/12/2019 14:55:50,1575989750898,0,10/12/2019 14:55:50,11864,3,questionnaire-ws45,,3506800,BLIND,991994,,complete,,5defb15ecac2ea000b63862c,computer,Desktop or Laptop,Windows 10,Chrome 78.0.3904.108,1536x864,1536x754,,Demographics HYBRID,3,No,response-1-day,14
3,1575989750958,10/12/2019 14:55:50,1575989750904,0,10/12/2019 14:55:50,11864,3,questionnaire-ws45,,3506800,BLIND,991994,,complete,,5defb15ecac2ea000b63862c,computer,Desktop or Laptop,Windows 10,Chrome 78.0.3904.108,1536x864,1536x754,,Demographics HYBRID,3,No,response-1-month,8
4,1575989750958,10/12/2019 14:55:50,1575989750904,0,10/12/2019 14:55:50,11864,3,questionnaire-ws45,,3506800,BLIND,991994,,complete,,5defb15ecac2ea000b63862c,computer,Desktop or Laptop,Windows 10,Chrome 78.0.3904.108,1536x864,1536x754,,Demographics HYBRID,3,No,response-1-year,20
5,1575989750958,10/12/2019 14:55:50,1575989750904,0,10/12/2019 14:55:50,11864,3,questionnaire-ws45,,3506800,BLIND,991994,,complete,,5defb15ecac2ea000b63862c,computer,Desktop or Laptop,Windows 10,Chrome 78.0.3904.108,1536x864,1536x754,,Demographics HYBRID,3,No,response-4,Male
6,1575989750958,10/12/2019 14:55:50,1575989750905,0,10/12/2019 14:55:50,11864,3,questionnaire-ws45,,3506800,BLIND,991994,,complete,,5defb15ecac2ea000b63862c,computer,Desktop or Laptop,Windows 10,Chrome 78.0.3904.108,1536x864,1536x754,,Demographics HYBRID,3,No,response-4-quantised,1
7,1575989750958,10/12/2019 14:55:50,1575989750905,0,10/12/2019 14:55:50,11864,3,questionnaire-ws45,,3506800,BLIND,991994,,complete,,5defb15ecac2ea000b63862c,computer,Desktop or Laptop,Windows 10,Chrome 78.0.3904.108,1536x864,1536x754,,Demographics HYBRID,3,No,END QUESTIONNAIRE,42436
1,1575989767028,10/12/2019 14:56:07,1575989766867,0,10/12/2019 14:56:06,11864,3,questionnaire-ws45,,3506818,BLIND,991999,,complete,,5defb1d29de0c1000b0be5f5,computer,Desktop or Laptop,Windows 10,Chrome 78.0.3904.108,1920x1080,1920x969,,Demographics HYBRID,3,No,BEGIN QUESTIONNAIRE,
2,1575989779245,10/12/2019 14:56:19,1575989779122,0,10/12/2019 14:56:19,11864,3,questionnaire-ws45,,3506818,BLIND,991999,,complete,,5defb1d29de0c1000b0be5f5,computer,Desktop or Laptop,Windows 10,Chrome 78.0.3904.108,1920x1080,1920x969,,Demographics HYBRID,3,No,response-1-day,23
3,1575989779370,10/12/2019 14:56:19,1575989779123,0,10/12/2019 14:56:19,11864,3,questionnaire-ws45,,3506818,BLIND,991999,,complete,,5defb1d29de0c1000b0be5f5,computer,Desktop or Laptop,Windows 10,Chrome 78.0.3904.108,1920x1080,1920x969,,Demographics HYBRID,3,No,response-1-month,4
4,1575989779370,10/12/2019 14:56:19,1575989779123,0,10/12/2019 14:56:19,11864,3,questionnaire-ws45,,3506818,BLIND,991999,,complete,,5defb1d29de0c1000b0be5f5,computer,Desktop or Laptop,Windows 10,Chrome 78.0.3904.108,1920x1080,1920x969,,Demographics HYBRID,3,No,response-1-year,27
5,1575989779370,10/12/2019 14:56:19,1575989779123,0,10/12/2019 14:56:19,11864,3,questionnaire-ws45,,3506818,BLIND,991999,,complete,,5defb1d29de0c1000b0be5f5,computer,Desktop or Laptop,Windows 10,Chrome 78.0.3904.108,1920x1080,1920x969,,Demographics HYBRID,3,No,response-4,Female
6,1575989779370,10/12/2019 14:56:19,1575989779123,0,10/12/2019 14:56:19,11864,3,questionnaire-ws45,,3506818,BLIND,991999,,complete,,5defb1d29de0c1000b0be5f5,computer,Desktop or Laptop,Windows 10,Chrome 78.0.3904.108,1920x1080,1920x969,,Demographics HYBRID,3,No,response-4-quantised,2
7,1575989779370,10/12/2019 14:56:19,1575989779124,0,10/12/2019 14:56:19,11864,3,questionnaire-ws45,,3506818,BLIND,991999,,complete,,5defb1d29de0c1000b0be5f5,computer,Desktop or Laptop,Windows 10,Chrome 78.0.3904.108,1920x1080,1920x969,,Demographics HYBRID,3,No,END QUESTIONNAIRE,12257
1,1575989789741,10/12/2019 14:56:29,1575989790160,0,10/12/2019 14:56:30,11864,3,questionnaire-ws45,,3506829,BLIND,992000,,complete,,5defb1ccc358aa000eedb21b,computer,Desktop or Laptop,Windows 7,Chrome 72.0.3626.121,1280x1024,1280x881,,Demographics HYBRID,3,No,BEGIN QUESTIONNAIRE,
2,1575989797554,10/12/2019 14:56:37,1575989798052,0,10/12/2019 14:56:38,11864,3,questionnaire-ws45,,3506829,BLIND,992000,,complete,,5defb1ccc358aa000eedb21b,computer,Desktop or Laptop,Windows 7,Chrome 72.0.3626.121,1280x1024,1280x881,,Demographics HYBRID,3,No,response-1-day,7
3,1575989798008,10/12/2019 14:56:38,1575989798055,0,10/12/2019 14:56:38,11864,3,questionnaire-ws45,,3506829,BLIND,992000,,complete,,5defb1ccc358aa000eedb21b,computer,Desktop or Laptop,Windows 7,Chrome 72.0.3626.121,1280x1024,1280x881,,Demographics HYBRID,3,No,response-1-month,0
4,1575989798008,10/12/2019 14:56:38,1575989798055,0,10/12/2019 14:56:38,11864,3,questionnaire-ws45,,3506829,BLIND,992000,,complete,,5defb1ccc358aa000eedb21b,computer,Desktop or Laptop,Windows 7,Chrome 72.0.3626.121,1280x1024,1280x881,,Demographics HYBRID,3,No,response-1-year,24
5,1575989798008,10/12/2019 14:56:38,1575989798056,0,10/12/2019 14:56:38,11864,3,questionnaire-ws45,,3506829,BLIND,992000,,complete,,5defb1ccc358aa000eedb21b,computer,Desktop or Laptop,Windows 7,Chrome 72.0.3626.121,1280x1024,1280x881,,Demographics HYBRID,3,No,response-4,Male
6,1575989798008,10/12/2019 14:56:38,1575989798057,0,10/12/2019 14:56:38,11864,3,questionnaire-ws45,,3506829,BLIND,992000,,complete,,5defb1ccc358aa000eedb21b,computer,Desktop or Laptop,Windows 7,Chrome 72.0.3626.121,1280x1024,1280x881,,Demographics HYBRID,3,No,response-4-quantised,1
7,1575989798008,10/12/2019 14:56:38,1575989798057,0,10/12/2019 14:56:38,11864,3,questionnaire-ws45,,3506829,BLIND,992000,,complete,,5defb1ccc358aa000eedb21b,computer,Desktop or Laptop,Windows 7,Chrome 72.0.3626.121,1280x1024,1280x881,,Demographics HYBRID,3,No,END QUESTIONNAIRE,7897
1,1575989800601,10/12/2019 14:56:40,1575989800451,0,10/12/2019 14:56:40,11864,3,questionnaire-ws45,,3506841,BLIND,992005,,complete,,5defb20c650cd8000e83f498,computer,Desktop or Laptop,Windows 10,Chrome 78.0.3904.108,1920x1080,1211x692,,Demographics HYBRID,3,No,BEGIN QUESTIONNAIRE,
2,1575989908537,10/12/2019 14:58:28,1575989908520,0,10/12/2019 14:58:28,11864,3,questionnaire-ws45,,3506841,BLIND,992005,,complete,,5defb20c650cd8000e83f498,computer,Desktop or Laptop,Windows 10,Chrome 78.0.3904.108,1920x1080,1211x692,,Demographics HYBRID,3,No,response-1-day,20
3,1575989908614,10/12/2019 14:58:28,1575989908522,0,10/12/2019 14:58:28,11864,3,questionnaire-ws45,,3506841,BLIND,992005,,complete,,5defb20c650cd8000e83f498,computer,Desktop or Laptop,Windows 10,Chrome 78.0.3904.108,1920x1080,1211x692,,Demographics HYBRID,3,No,response-1-month,10
4,1575989908614,10/12/2019 14:58:28,1575989908522,0,10/12/2019 14:58:28,11864,3,questionnaire-ws45,,3506841,BLIND,992005,,complete,,5defb20c650cd8000e83f498,computer,Desktop or Laptop,Windows 10,Chrome 78.0.3904.108,1920x1080,1211x692,,Demographics HYBRID,3,No,response-1-year,32
5,1575989908614,10/12/2019 14:58:28,1575989908522,0,10/12/2019 14:58:28,11864,3,questionnaire-ws45,,3506841,BLIND,992005,,complete,,5defb20c650cd8000e83f498,computer,Desktop or Laptop,Windows 10,Chrome 78.0.3904.108,1920x1080,1211x692,,Demographics HYBRID,3,No,response-4,Male
6,1575989908614,10/12/2019 14:58:28,1575989908522,0,10/12/2019 14:58:28,11864,3,questionnaire-ws45,,3506841,BLIND,992005,,complete,,5defb20c650cd8000e83f498,computer,Desktop or Laptop,Windows 10,Chrome 78.0.3904.108,1920x1080,1211x692,,Demographics HYBRID,3,No,response-4-quantised,1
7,1575989908614,10/12/2019 14:58:28,1575989908522,0,10/12/2019 14:58:28,11864,3,questionnaire-ws45,,3506841,BLIND,992005,,complete,,5defb20c650cd8000e83f498,computer,Desktop or Laptop,Windows 10,Chrome 78.0.3904.108,1920x1080,1211x692,,Demographics HYBRID,3,No,END QUESTIONNAIRE,108071
1,1575989826631,10/12/2019 14:57:06,1575989827071,0,10/12/2019 14:57:07,11864,3,questionnaire-ws45,,3506847,BLIND,992008,,complete,,5defb1ef86a750000da8d54b,computer,Desktop or Laptop,Windows 10,Edge 18.18362,1366x768,1366x655,,Demographics HYBRID,3,No,BEGIN QUESTIONNAIRE,
2,1575989848569,10/12/2019 14:57:28,1575989848690,0,10/12/2019 14:57:28,11864,3,questionnaire-ws45,,3506847,BLIND,992008,,complete,,5defb1ef86a750000da8d54b,computer,Desktop or Laptop,Windows 10,Edge 18.18362,1366x768,1366x655,,Demographics HYBRID,3,No,response-1-day,0
3,1575989848679,10/12/2019 14:57:28,1575989848696,0,10/12/2019 14:57:28,11864,3,questionnaire-ws45,,3506847,BLIND,992008,,complete,,5defb1ef86a750000da8d54b,computer,Desktop or Laptop,Windows 10,Edge 18.18362,1366x768,1366x655,,Demographics HYBRID,3,No,response-1-month,6
4,1575989848679,10/12/2019 14:57:28,1575989848698,0,10/12/2019 14:57:28,11864,3,questionnaire-ws45,,3506847,BLIND,992008,,complete,,5defb1ef86a750000da8d54b,computer,Desktop or Laptop,Windows 10,Edge 18.18362,1366x768,1366x655,,Demographics HYBRID,3,No,response-1-year,42
5,1575989848679,10/12/2019 14:57:28,1575989848699,0,10/12/2019 14:57:28,11864,3,questionnaire-ws45,,3506847,BLIND,992008,,complete,,5defb1ef86a750000da8d54b,computer,Desktop or Laptop,Windows 10,Edge 18.18362,1366x768,1366x655,,Demographics HYBRID,3,No,response-4,Female
6,1575989848679,10/12/2019 14:57:28,1575989848699,0,10/12/2019 14:57:28,11864,3,questionnaire-ws45,,3506847,BLIND,992008,,complete,,5defb1ef86a750000da8d54b,computer,Desktop or Laptop,Windows 10,Edge 18.18362,1366x768,1366x655,,Demographics HYBRID,3,No,response-4-quantised,2
7,1575989848679,10/12/2019 14:57:28,1575989848700,0,10/12/2019 14:57:28,11864,3,questionnaire-ws45,,3506847,BLIND,992008,,complete,,5defb1ef86a750000da8d54b,computer,Desktop or Laptop,Windows 10,Edge 18.18362,1366x768,1366x655,,Demographics HYBRID,3,No,END QUESTIONNAIRE,21629
1,1575989830415,10/12/2019 14:57:10,1575989828446,0,10/12/2019 14:57:08,11864,3,questionnaire-ws45,,3506849,BLIND,991996,,complete,,5defb18410e359000c1346f6,computer,Desktop or Laptop,Windows 10,Edge 17.17134,1366x768,1366x651,,Demographics HYBRID,3,No,BEGIN QUESTIONNAIRE,
2,1575989865758,10/12/2019 14:57:45,1575989863836,0,10/12/2019 14:57:43,11864,3,questionnaire-ws45,,3506849,BLIND,991996,,complete,,5defb18410e359000c1346f6,computer,Desktop or Laptop,Windows 10,Edge 17.17134,1366x768,1366x651,,Demographics HYBRID,3,No,response-1-day,12
3,1575989865820,10/12/2019 14:57:45,1575989863838,0,10/12/2019 14:57:43,11864,3,questionnaire-ws45,,3506849,BLIND,991996,,complete,,5defb18410e359000c1346f6,computer,Desktop or Laptop,Windows 10,Edge 17.17134,1366x768,1366x651,,Demographics HYBRID,3,No,response-1-month,2
4,1575989865820,10/12/2019 14:57:45,1575989863839,0,10/12/2019 14:57:43,11864,3,questionnaire-ws45,,3506849,BLIND,991996,,complete,,5defb18410e359000c1346f6,computer,Desktop or Laptop,Windows 10,Edge 17.17134,1366x768,1366x651,,Demographics HYBRID,3,No,response-1-year,19
5,1575989865820,10/12/2019 14:57:45,1575989863839,0,10/12/2019 14:57:43,11864,3,questionnaire-ws45,,3506849,BLIND,991996,,complete,,5defb18410e359000c1346f6,computer,Desktop or Laptop,Windows 10,Edge 17.17134,1366x768,1366x651,,Demographics HYBRID,3,No,response-4,Female
6,1575989865820,10/12/2019 14:57:45,1575989863839,0,10/12/2019 14:57:43,11864,3,questionnaire-ws45,,3506849,BLIND,991996,,complete,,5defb18410e359000c1346f6,computer,Desktop or Laptop,Windows 10,Edge 17.17134,1366x768,1366x651,,Demographics HYBRID,3,No,response-4-quantised,2
7,1575989865820,10/12/2019 14:57:45,1575989863839,0,10/12/2019 14:57:43,11864,3,questionnaire-ws45,,3506849,BLIND,991996,,complete,,5defb18410e359000c1346f6,computer,Desktop or Laptop,Windows 10,Edge 17.17134,1366x768,1366x651,,Demographics HYBRID,3,No,END QUESTIONNAIRE,35393
1,1575989865195,10/12/2019 14:57:45,1575989865487,0,10/12/2019 14:57:45,11864,3,questionnaire-ws45,,3506865,BLIND,992012,,complete,,5defb235293445000bf7d388,computer,Desktop or Laptop,Windows 10,Firefox 71.0,1536x864,1536x738,,Demographics HYBRID,3,No,BEGIN QUESTIONNAIRE,
2,1575989881154,10/12/2019 14:58:01,1575989881498,0,10/12/2019 14:58:01,11864,3,questionnaire-ws45,,3506865,BLIND,992012,,complete,,5defb235293445000bf7d388,computer,Desktop or Laptop,Windows 10,Firefox 71.0,1536x864,1536x738,,Demographics HYBRID,3,No,response-1-day,26
3,1575989881263,10/12/2019 14:58:01,1575989881499,0,10/12/2019 14:58:01,11864,3,questionnaire-ws45,,3506865,BLIND,992012,,complete,,5defb235293445000bf7d388,computer,Desktop or Laptop,Windows 10,Firefox 71.0,1536x864,1536x738,,Demographics HYBRID,3,No,response-1-month,0
4,1575989881263,10/12/2019 14:58:01,1575989881499,0,10/12/2019 14:58:01,11864,3,questionnaire-ws45,,3506865,BLIND,992012,,complete,,5defb235293445000bf7d388,computer,Desktop or Laptop,Windows 10,Firefox 71.0,1536x864,1536x738,,Demographics HYBRID,3,No,response-1-year,19
5,1575989881263,10/12/2019 14:58:01,1575989881500,0,10/12/2019 14:58:01,11864,3,questionnaire-ws45,,3506865,BLIND,992012,,complete,,5defb235293445000bf7d388,computer,Desktop or Laptop,Windows 10,Firefox 71.0,1536x864,1536x738,,Demographics HYBRID,3,No,response-4,Male
6,1575989881263,10/12/2019 14:58:01,1575989881500,0,10/12/2019 14:58:01,11864,3,questionnaire-ws45,,3506865,BLIND,992012,,complete,,5defb235293445000bf7d388,computer,Desktop or Laptop,Windows 10,Firefox 71.0,1536x864,1536x738,,Demographics HYBRID,3,No,response-4-quantised,1
7,1575989881263,10/12/2019 14:58:01,1575989881500,0,10/12/2019 14:58:01,11864,3,questionnaire-ws45,,3506865,BLIND,992012,,complete,,5defb235293445000bf7d388,computer,Desktop or Laptop,Windows 10,Firefox 71.0,1536x864,1536x738,,Demographics HYBRID,3,No,END QUESTIONNAIRE,16013
1,1575989870867,10/12/2019 14:57:50,1575989873093,0,10/12/2019 14:57:53,11864,3,questionnaire-ws45,,3506870,BLIND,992007,,complete,,5defb1dbc1479d000f3622a8,computer,Desktop or Laptop,Windows 10,Chrome 78.0.3904.108,1360x768,1360x625,,Demographics HYBRID,3,No,BEGIN QUESTIONNAIRE,
2,1575989897433,10/12/2019 14:58:17,1575989899575,0,10/12/2019 14:58:19,11864,3,questionnaire-ws45,,3506870,BLIND,992007,,complete,,5defb1dbc1479d000f3622a8,computer,Desktop or Laptop,Windows 10,Chrome 78.0.3904.108,1360x768,1360x625,,Demographics HYBRID,3,No,response-1-day,14
3,1575989897495,10/12/2019 14:58:17,1575989899577,0,10/12/2019 14:58:19,11864,3,questionnaire-ws45,,3506870,BLIND,992007,,complete,,5defb1dbc1479d000f3622a8,computer,Desktop or Laptop,Windows 10,Chrome 78.0.3904.108,1360x768,1360x625,,Demographics HYBRID,3,No,response-1-month,10
4,1575989897495,10/12/2019 14:58:17,1575989899578,0,10/12/2019 14:58:19,11864,3,questionnaire-ws45,,3506870,BLIND,992007,,complete,,5defb1dbc1479d000f3622a8,computer,Desktop or Laptop,Windows 10,Chrome 78.0.3904.108,1360x768,1360x625,,Demographics HYBRID,3,No,response-1-year,37
5,1575989897495,10/12/2019 14:58:17,1575989899578,0,10/12/2019 14:58:19,11864,3,questionnaire-ws45,,3506870,BLIND,992007,,complete,,5defb1dbc1479d000f3622a8,computer,Desktop or Laptop,Windows 10,Chrome 78.0.3904.108,1360x768,1360x625,,Demographics HYBRID,3,No,response-4,Female
6,1575989897495,10/12/2019 14:58:17,1575989899578,0,10/12/2019 14:58:19,11864,3,questionnaire-ws45,,3506870,BLIND,992007,,complete,,5defb1dbc1479d000f3622a8,computer,Desktop or Laptop,Windows 10,Chrome 78.0.3904.108,1360x768,1360x625,,Demographics HYBRID,3,No,response-4-quantised,2
7,1575989897495,10/12/2019 14:58:17,1575989899578,0,10/12/2019 14:58:19,11864,3,questionnaire-ws45,,3506870,BLIND,992007,,complete,,5defb1dbc1479d000f3622a8,computer,Desktop or Laptop,Windows 10,Chrome 78.0.3904.108,1360x768,1360x625,,Demographics HYBRID,3,No,END QUESTIONNAIRE,26485
1,1575990136756,10/12/2019 15:02:16,1575990136558,0,10/12/2019 15:02:16,11864,3,questionnaire-ws45,,3506974,BLIND,992011,,complete,,5defb1dd4da172000def0e00,computer,Desktop or Laptop,Mac OS 10.11.6,Chrome 78.0.3904.87,1280x800,1280x606,,Demographics HYBRID,3,No,BEGIN QUESTIONNAIRE,
2,1575990162203,10/12/2019 15:02:42,1575990162049,0,10/12/2019 15:02:42,11864,3,questionnaire-ws45,,3506974,BLIND,992011,,complete,,5defb1dd4da172000def0e00,computer,Desktop or Laptop,Mac OS 10.11.6,Chrome 78.0.3904.87,1280x800,1280x606,,Demographics HYBRID,3,No,response-1-day,9
3,1575990162328,10/12/2019 15:02:42,1575990162051,0,10/12/2019 15:02:42,11864,3,questionnaire-ws45,,3506974,BLIND,992011,,complete,,5defb1dd4da172000def0e00,computer,Desktop or Laptop,Mac OS 10.11.6,Chrome 78.0.3904.87,1280x800,1280x606,,Demographics HYBRID,3,No,response-1-month,11
4,1575990162328,10/12/2019 15:02:42,1575990162051,0,10/12/2019 15:02:42,11864,3,questionnaire-ws45,,3506974,BLIND,992011,,complete,,5defb1dd4da172000def0e00,computer,Desktop or Laptop,Mac OS 10.11.6,Chrome 78.0.3904.87,1280x800,1280x606,,Demographics HYBRID,3,No,response-1-year,28
5,1575990162328,10/12/2019 15:02:42,1575990162051,0,10/12/2019 15:02:42,11864,3,questionnaire-ws45,,3506974,BLIND,992011,,complete,,5defb1dd4da172000def0e00,computer,Desktop or Laptop,Mac OS 10.11.6,Chrome 78.0.3904.87,1280x800,1280x606,,Demographics HYBRID,3,No,response-4,Male
6,1575990162328,10/12/2019 15:02:42,1575990162051,0,10/12/2019 15:02:42,11864,3,questionnaire-ws45,,3506974,BLIND,992011,,complete,,5defb1dd4da172000def0e00,computer,Desktop or Laptop,Mac OS 10.11.6,Chrome 78.0.3904.87,1280x800,1280x606,,Demographics HYBRID,3,No,response-4-quantised,1
7,1575990162328,10/12/2019 15:02:42,1575990162051,0,10/12/2019 15:02:42,11864,3,questionnaire-ws45,,3506974,BLIND,992011,,complete,,5defb1dd4da172000def0e00,computer,Desktop or Laptop,Mac OS 10.11.6,Chrome 78.0.3904.87,1280x800,1280x606,,Demographics HYBRID,3,No,END QUESTIONNAIRE,25493
1,1575990153756,10/12/2019 15:02:33,1575990153607,0,10/12/2019 15:02:33,11864,3,questionnaire-ws45,,3506984,BLIND,992043,,complete,,5defb216d78442000ac8ec4d,computer,Desktop or Laptop,Mac OS 10.13.6,Chrome 78.0.3904.108,1920x1080,1920x978,,Demographics HYBRID,3,No,BEGIN QUESTIONNAIRE,
2,1575990173929,10/12/2019 15:02:53,1575990173071,0,10/12/2019 15:02:53,11864,3,questionnaire-ws45,,3506984,BLIND,992043,,complete,,5defb216d78442000ac8ec4d,computer,Desktop or Laptop,Mac OS 10.13.6,Chrome 78.0.3904.108,1920x1080,1920x978,,Demographics HYBRID,3,No,response-1-day,29
3,1575990175305,10/12/2019 15:02:55,1575990173074,0,10/12/2019 15:02:53,11864,3,questionnaire-ws45,,3506984,BLIND,992043,,complete,,5defb216d78442000ac8ec4d,computer,Desktop or Laptop,Mac OS 10.13.6,Chrome 78.0.3904.108,1920x1080,1920x978,,Demographics HYBRID,3,No,response-1-month,5
4,1575990175305,10/12/2019 15:02:55,1575990173074,0,10/12/2019 15:02:53,11864,3,questionnaire-ws45,,3506984,BLIND,992043,,complete,,5defb216d78442000ac8ec4d,computer,Desktop or Laptop,Mac OS 10.13.6,Chrome 78.0.3904.108,1920x1080,1920x978,,Demographics HYBRID,3,No,response-1-year,30
5,1575990175305,10/12/2019 15:02:55,1575990173074,0,10/12/2019 15:02:53,11864,3,questionnaire-ws45,,3506984,BLIND,992043,,complete,,5defb216d78442000ac8ec4d,computer,Desktop or Laptop,Mac OS 10.13.6,Chrome 78.0.3904.108,1920x1080,1920x978,,Demographics HYBRID,3,No,response-4,Female
6,1575990175305,10/12/2019 15:02:55,1575990173074,0,10/12/2019 15:02:53,11864,3,questionnaire-ws45,,3506984,BLIND,992043,,complete,,5defb216d78442000ac8ec4d,computer,Desktop or Laptop,Mac OS 10.13.6,Chrome 78.0.3904.108,1920x1080,1920x978,,Demographics HYBRID,3,No,response-4-quantised,2
7,1575990175305,10/12/2019 15:02:55,1575990173075,0,10/12/2019 15:02:53,11864,3,questionnaire-ws45,,3506984,BLIND,992043,,complete,,5defb216d78442000ac8ec4d,computer,Desktop or Laptop,Mac OS 10.13.6,Chrome 78.0.3904.108,1920x1080,1920x978,,Demographics HYBRID,3,No,END QUESTIONNAIRE,19468
1,1575990231779,10/12/2019 15:03:51,1575990231384,0,10/12/2019 15:03:51,11864,3,questionnaire-ws45,,3507011,BLIND,992047,,complete,,5defb36e24b1ce000eaf0ddd,computer,Desktop or Laptop,Mac OS 10.12.6,Safari 12.0.2,1440x900,1440x772,,Demographics HYBRID,3,No,BEGIN QUESTIONNAIRE,
2,1575990247027,10/12/2019 15:04:07,1575990246742,0,10/12/2019 15:04:06,11864,3,questionnaire-ws45,,3507011,BLIND,992047,,complete,,5defb36e24b1ce000eaf0ddd,computer,Desktop or Laptop,Mac OS 10.12.6,Safari 12.0.2,1440x900,1440x772,,Demographics HYBRID,3,No,response-1-day,2
3,1575990247167,10/12/2019 15:04:07,1575990246744,0,10/12/2019 15:04:06,11864,3,questionnaire-ws45,,3507011,BLIND,992047,,complete,,5defb36e24b1ce000eaf0ddd,computer,Desktop or Laptop,Mac OS 10.12.6,Safari 12.0.2,1440x900,1440x772,,Demographics HYBRID,3,No,response-1-month,5
4,1575990247167,10/12/2019 15:04:07,1575990246744,0,10/12/2019 15:04:06,11864,3,questionnaire-ws45,,3507011,BLIND,992047,,complete,,5defb36e24b1ce000eaf0ddd,computer,Desktop or Laptop,Mac OS 10.12.6,Safari 12.0.2,1440x900,1440x772,,Demographics HYBRID,3,No,response-1-year,32
5,1575990247167,10/12/2019 15:04:07,1575990246744,0,10/12/2019 15:04:06,11864,3,questionnaire-ws45,,3507011,BLIND,992047,,complete,,5defb36e24b1ce000eaf0ddd,computer,Desktop or Laptop,Mac OS 10.12.6,Safari 12.0.2,1440x900,1440x772,,Demographics HYBRID,3,No,response-4,Female
6,1575990247167,10/12/2019 15:04:07,1575990246745,0,10/12/2019 15:04:06,11864,3,questionnaire-ws45,,3507011,BLIND,992047,,complete,,5defb36e24b1ce000eaf0ddd,computer,Desktop or Laptop,Mac OS 10.12.6,Safari 12.0.2,1440x900,1440x772,,Demographics HYBRID,3,No,response-4-quantised,2
7,1575990247167,10/12/2019 15:04:07,1575990246745,0,10/12/2019 15:04:06,11864,3,questionnaire-ws45,,3507011,BLIND,992047,,complete,,5defb36e24b1ce000eaf0ddd,computer,Desktop or Laptop,Mac OS 10.12.6,Safari 12.0.2,1440x900,1440x772,,Demographics HYBRID,3,No,END QUESTIONNAIRE,15361
1,1575990615586,10/12/2019 15:10:15,1575990692596,0,10/12/2019 15:11:32,11864,3,questionnaire-ws45,,3507110,BLIND,992072,,complete,,5defb49825d079000d25c4af,computer,Desktop or Laptop,Windows 10,Chrome 78.0.3904.108,1920x1080,1920x937,,Demographics HYBRID,3,No,BEGIN QUESTIONNAIRE,
2,1575990644782,10/12/2019 15:10:44,1575990721861,0,10/12/2019 15:12:01,11864,3,questionnaire-ws45,,3507110,BLIND,992072,,complete,,5defb49825d079000d25c4af,computer,Desktop or Laptop,Windows 10,Chrome 78.0.3904.108,1920x1080,1920x937,,Demographics HYBRID,3,No,response-1-day,12
3,1575990644860,10/12/2019 15:10:44,1575990721874,0,10/12/2019 15:12:01,11864,3,questionnaire-ws45,,3507110,BLIND,992072,,complete,,5defb49825d079000d25c4af,computer,Desktop or Laptop,Windows 10,Chrome 78.0.3904.108,1920x1080,1920x937,,Demographics HYBRID,3,No,response-1-month,1
4,1575990644860,10/12/2019 15:10:44,1575990721875,0,10/12/2019 15:12:01,11864,3,questionnaire-ws45,,3507110,BLIND,992072,,complete,,5defb49825d079000d25c4af,computer,Desktop or Laptop,Windows 10,Chrome 78.0.3904.108,1920x1080,1920x937,,Demographics HYBRID,3,No,response-1-year,39
5,1575990644860,10/12/2019 15:10:44,1575990721876,0,10/12/2019 15:12:01,11864,3,questionnaire-ws45,,3507110,BLIND,992072,,complete,,5defb49825d079000d25c4af,computer,Desktop or Laptop,Windows 10,Chrome 78.0.3904.108,1920x1080,1920x937,,Demographics HYBRID,3,No,response-4,Female
6,1575990644860,10/12/2019 15:10:44,1575990721878,0,10/12/2019 15:12:01,11864,3,questionnaire-ws45,,3507110,BLIND,992072,,complete,,5defb49825d079000d25c4af,computer,Desktop or Laptop,Windows 10,Chrome 78.0.3904.108,1920x1080,1920x937,,Demographics HYBRID,3,No,response-4-quantised,2
7,1575990644860,10/12/2019 15:10:44,1575990721879,0,10/12/2019 15:12:01,11864,3,questionnaire-ws45,,3507110,BLIND,992072,,complete,,5defb49825d079000d25c4af,computer,Desktop or Laptop,Windows 10,Chrome 78.0.3904.108,1920x1080,1920x937,,Demographics HYBRID,3,No,END QUESTIONNAIRE,29284
1,1575992973044,10/12/2019 15:49:33,1575992982692,0,10/12/2019 15:49:42,11864,3,questionnaire-ws45,,3507756,BLIND,992311,,complete,,5defbd92064700000ca97c5d,computer,Desktop or Laptop,Windows 10,Chrome 78.0.3904.108,1600x900,1778x841,,Demographics HYBRID,3,No,BEGIN QUESTIONNAIRE,
2,1575992994551,10/12/2019 15:49:54,1575993004204,0,10/12/2019 15:50:04,11864,3,questionnaire-ws45,,3507756,BLIND,992311,,complete,,5defbd92064700000ca97c5d,computer,Desktop or Laptop,Windows 10,Chrome 78.0.3904.108,1600x900,1778x841,,Demographics HYBRID,3,No,response-1-day,20
3,1575992994644,10/12/2019 15:49:54,1575993004207,0,10/12/2019 15:50:04,11864,3,questionnaire-ws45,,3507756,BLIND,992311,,complete,,5defbd92064700000ca97c5d,computer,Desktop or Laptop,Windows 10,Chrome 78.0.3904.108,1600x900,1778x841,,Demographics HYBRID,3,No,response-1-month,11
4,1575992994644,10/12/2019 15:49:54,1575993004208,0,10/12/2019 15:50:04,11864,3,questionnaire-ws45,,3507756,BLIND,992311,,complete,,5defbd92064700000ca97c5d,computer,Desktop or Laptop,Windows 10,Chrome 78.0.3904.108,1600x900,1778x841,,Demographics HYBRID,3,No,response-1-year,35
5,1575992994644,10/12/2019 15:49:54,1575993004208,0,10/12/2019 15:50:04,11864,3,questionnaire-ws45,,3507756,BLIND,992311,,complete,,5defbd92064700000ca97c5d,computer,Desktop or Laptop,Windows 10,Chrome 78.0.3904.108,1600x900,1778x841,,Demographics HYBRID,3,No,response-4,Male
6,1575992994644,10/12/2019 15:49:54,1575993004208,0,10/12/2019 15:50:04,11864,3,questionnaire-ws45,,3507756,BLIND,992311,,complete,,5defbd92064700000ca97c5d,computer,Desktop or Laptop,Windows 10,Chrome 78.0.3904.108,1600x900,1778x841,,Demographics HYBRID,3,No,response-4-quantised,1
7,1575992994644,10/12/2019 15:49:54,1575993004209,0,10/12/2019 15:50:04,11864,3,questionnaire-ws45,,3507756,BLIND,992311,,complete,,5defbd92064700000ca97c5d,computer,Desktop or Laptop,Windows 10,Chrome 78.0.3904.108,1600x900,1778x841,,Demographics HYBRID,3,No,END QUESTIONNAIRE,21518
1,1576063789278,11/12/2019 11:29:49,1576063755593,0,11/12/2019 11:29:15,11864,3,questionnaire-ws45,,3522878,BLIND,994421,,complete,,5df0d188b3cfca000dfb985b,computer,Desktop or Laptop,Windows 8.1,Chrome 78.0.3904.108,1366x768,2049x986,,Demographics HYBRID,3,No,BEGIN QUESTIONNAIRE,
2,1576063806165,11/12/2019 11:30:06,1576063772471,0,11/12/2019 11:29:32,11864,3,questionnaire-ws45,,3522878,BLIND,994421,,complete,,5df0d188b3cfca000dfb985b,computer,Desktop or Laptop,Windows 8.1,Chrome 78.0.3904.108,1366x768,2049x986,,Demographics HYBRID,3,No,response-1-day,0
3,1576063806275,11/12/2019 11:30:06,1576063772478,0,11/12/2019 11:29:32,11864,3,questionnaire-ws45,,3522878,BLIND,994421,,complete,,5df0d188b3cfca000dfb985b,computer,Desktop or Laptop,Windows 8.1,Chrome 78.0.3904.108,1366x768,2049x986,,Demographics HYBRID,3,No,response-1-month,2
4,1576063806275,11/12/2019 11:30:06,1576063772479,0,11/12/2019 11:29:32,11864,3,questionnaire-ws45,,3522878,BLIND,994421,,complete,,5df0d188b3cfca000dfb985b,computer,Desktop or Laptop,Windows 8.1,Chrome 78.0.3904.108,1366x768,2049x986,,Demographics HYBRID,3,No,response-1-year,35
5,1576063806275,11/12/2019 11:30:06,1576063772479,0,11/12/2019 11:29:32,11864,3,questionnaire-ws45,,3522878,BLIND,994421,,complete,,5df0d188b3cfca000dfb985b,computer,Desktop or Laptop,Windows 8.1,Chrome 78.0.3904.108,1366x768,2049x986,,Demographics HYBRID,3,No,response-4,Female
6,1576063806275,11/12/2019 11:30:06,1576063772480,0,11/12/2019 11:29:32,11864,3,questionnaire-ws45,,3522878,BLIND,994421,,complete,,5df0d188b3cfca000dfb985b,computer,Desktop or Laptop,Windows 8.1,Chrome 78.0.3904.108,1366x768,2049x986,,Demographics HYBRID,3,No,response-4-quantised,2
7,1576063806275,11/12/2019 11:30:06,1576063772481,0,11/12/2019 11:29:32,11864,3,questionnaire-ws45,,3522878,BLIND,994421,,complete,,5df0d188b3cfca000dfb985b,computer,Desktop or Laptop,Windows 8.1,Chrome 78.0.3904.108,1366x768,2049x986,,Demographics HYBRID,3,No,END QUESTIONNAIRE,16888
1,1575990289256,10/12/2019 15:04:49,1575990292618,0,10/12/2019 15:04:52,11864,3,questionnaire-ws45,,3507029,BLIND,992059,,complete,,5defb15bc1479d000d4a0154,computer,Desktop or Laptop,Windows 10,Chrome 78.0.3904.108,1366x768,1366x625,,Demographics HYBRID,3,No,BEGIN QUESTIONNAIRE,
2,1575990325649,10/12/2019 15:05:25,1575990329059,0,10/12/2019 15:05:29,11864,3,questionnaire-ws45,,3507029,BLIND,992059,,complete,,5defb15bc1479d000d4a0154,computer,Desktop or Laptop,Windows 10,Chrome 78.0.3904.108,1366x768,1366x625,,Demographics HYBRID,3,No,response-1-day,16
3,1575990325712,10/12/2019 15:05:25,1575990329065,0,10/12/2019 15:05:29,11864,3,questionnaire-ws45,,3507029,BLIND,992059,,complete,,5defb15bc1479d000d4a0154,computer,Desktop or Laptop,Windows 10,Chrome 78.0.3904.108,1366x768,1366x625,,Demographics HYBRID,3,No,response-1-month,4
4,1575990325712,10/12/2019 15:05:25,1575990329066,0,10/12/2019 15:05:29,11864,3,questionnaire-ws45,,3507029,BLIND,992059,,complete,,5defb15bc1479d000d4a0154,computer,Desktop or Laptop,Windows 10,Chrome 78.0.3904.108,1366x768,1366x625,,Demographics HYBRID,3,No,response-1-year,0
5,1575990325712,10/12/2019 15:05:25,1575990329066,0,10/12/2019 15:05:29,11864,3,questionnaire-ws45,,3507029,BLIND,992059,,complete,,5defb15bc1479d000d4a0154,computer,Desktop or Laptop,Windows 10,Chrome 78.0.3904.108,1366x768,1366x625,,Demographics HYBRID,3,No,response-4,Female
6,1575990325712,10/12/2019 15:05:25,1575990329066,0,10/12/2019 15:05:29,11864,3,questionnaire-ws45,,3507029,BLIND,992059,,complete,,5defb15bc1479d000d4a0154,computer,Desktop or Laptop,Windows 10,Chrome 78.0.3904.108,1366x768,1366x625,,Demographics HYBRID,3,No,response-4-quantised,2
7,1575990325712,10/12/2019 15:05:25,1575990329067,0,10/12/2019 15:05:29,11864,3,questionnaire-ws45,,3507029,BLIND,992059,,complete,,5defb15bc1479d000d4a0154,computer,Desktop or Laptop,Windows 10,Chrome 78.0.3904.108,1366x768,1366x625,,Demographics HYBRID,3,No,END QUESTIONNAIRE,36450
1,1575990287896,10/12/2019 15:04:47,1575990287392,0,10/12/2019 15:04:47,11864,3,questionnaire-ws45,,3507028,BLIND,992055,,complete,,5defb3c92cfe93000f8a8677,computer,Desktop or Laptop,Windows 10,Chrome 78.0.3904.108,1920x1080,1920x969,,Demographics HYBRID,3,No,BEGIN QUESTIONNAIRE,
2,1575990306199,10/12/2019 15:05:06,1575990305762,0,10/12/2019 15:05:05,11864,3,questionnaire-ws45,,3507028,BLIND,992055,,complete,,5defb3c92cfe93000f8a8677,computer,Desktop or Laptop,Windows 10,Chrome 78.0.3904.108,1920x1080,1920x969,,Demographics HYBRID,3,No,response-1-day,15
3,1575990306283,10/12/2019 15:05:06,1575990305769,0,10/12/2019 15:05:05,11864,3,questionnaire-ws45,,3507028,BLIND,992055,,complete,,5defb3c92cfe93000f8a8677,computer,Desktop or Laptop,Windows 10,Chrome 78.0.3904.108,1920x1080,1920x969,,Demographics HYBRID,3,No,response-1-month,4
4,1575990306283,10/12/2019 15:05:06,1575990305770,0,10/12/2019 15:05:05,11864,3,questionnaire-ws45,,3507028,BLIND,992055,,complete,,5defb3c92cfe93000f8a8677,computer,Desktop or Laptop,Windows 10,Chrome 78.0.3904.108,1920x1080,1920x969,,Demographics HYBRID,3,No,response-1-year,75
5,1575990306283,10/12/2019 15:05:06,1575990305770,0,10/12/2019 15:05:05,11864,3,questionnaire-ws45,,3507028,BLIND,992055,,complete,,5defb3c92cfe93000f8a8677,computer,Desktop or Laptop,Windows 10,Chrome 78.0.3904.108,1920x1080,1920x969,,Demographics HYBRID,3,No,response-4,Male
6,1575990306283,10/12/2019 15:05:06,1575990305770,0,10/12/2019 15:05:05,11864,3,questionnaire-ws45,,3507028,BLIND,992055,,complete,,5defb3c92cfe93000f8a8677,computer,Desktop or Laptop,Windows 10,Chrome 78.0.3904.108,1920x1080,1920x969,,Demographics HYBRID,3,No,response-4-quantised,1
7,1575990306283,10/12/2019 15:05:06,1575990305771,0,10/12/2019 15:05:05,11864,3,questionnaire-ws45,,3507028,BLIND,992055,,complete,,5defb3c92cfe93000f8a8677,computer,Desktop or Laptop,Windows 10,Chrome 78.0.3904.108,1920x1080,1920x969,,Demographics HYBRID,3,No,END QUESTIONNAIRE,18379
1,1575989968134,10/12/2019 14:59:28,1575989968863,0,10/12/2019 14:59:28,11864,3,questionnaire-ws45,,3506906,BLIND,992020,,complete,,5defb1822a9b63000a4b7d4f,computer,Desktop or Laptop,Windows 10,Chrome 78.0.3904.108,1920x1080,1920x937,,Demographics HYBRID,3,No,BEGIN QUESTIONNAIRE,
2,1575989982096,10/12/2019 14:59:42,1575989982896,0,10/12/2019 14:59:42,11864,3,questionnaire-ws45,,3506906,BLIND,992020,,complete,,5defb1822a9b63000a4b7d4f,computer,Desktop or Laptop,Windows 10,Chrome 78.0.3904.108,1920x1080,1920x937,,Demographics HYBRID,3,No,response-1-day,21
3,1575989982222,10/12/2019 14:59:42,1575989982898,0,10/12/2019 14:59:42,11864,3,questionnaire-ws45,,3506906,BLIND,992020,,complete,,5defb1822a9b63000a4b7d4f,computer,Desktop or Laptop,Windows 10,Chrome 78.0.3904.108,1920x1080,1920x937,,Demographics HYBRID,3,No,response-1-month,5
4,1575989982222,10/12/2019 14:59:42,1575989982898,0,10/12/2019 14:59:42,11864,3,questionnaire-ws45,,3506906,BLIND,992020,,complete,,5defb1822a9b63000a4b7d4f,computer,Desktop or Laptop,Windows 10,Chrome 78.0.3904.108,1920x1080,1920x937,,Demographics HYBRID,3,No,response-1-year,22
5,1575989982222,10/12/2019 14:59:42,1575989982898,0,10/12/2019 14:59:42,11864,3,questionnaire-ws45,,3506906,BLIND,992020,,complete,,5defb1822a9b63000a4b7d4f,computer,Desktop or Laptop,Windows 10,Chrome 78.0.3904.108,1920x1080,1920x937,,Demographics HYBRID,3,No,response-4,Female
6,1575989982222,10/12/2019 14:59:42,1575989982898,0,10/12/2019 14:59:42,11864,3,questionnaire-ws45,,3506906,BLIND,992020,,complete,,5defb1822a9b63000a4b7d4f,computer,Desktop or Laptop,Windows 10,Chrome 78.0.3904.108,1920x1080,1920x937,,Demographics HYBRID,3,No,response-4-quantised,2
7,1575989982222,10/12/2019 14:59:42,1575989982898,0,10/12/2019 14:59:42,11864,3,questionnaire-ws45,,3506906,BLIND,992020,,complete,,5defb1822a9b63000a4b7d4f,computer,Desktop or Laptop,Windows 10,Chrome 78.0.3904.108,1920x1080,1920x937,,Demographics HYBRID,3,No,END QUESTIONNAIRE,14035
1,1575989926242,10/12/2019 14:58:46,1575989927513,0,10/12/2019 14:58:47,11864,3,questionnaire-ws45,,3506893,BLIND,992010,,complete,,5defb206c358aa000bb95e67,computer,Desktop or Laptop,Windows 7,Chrome 78.0.3904.108,1920x1080,1920x937,,Demographics HYBRID,3,No,BEGIN QUESTIONNAIRE,
2,1575989933888,10/12/2019 14:58:53,1575989935241,0,10/12/2019 14:58:55,11864,3,questionnaire-ws45,,3506893,BLIND,992010,,complete,,5defb206c358aa000bb95e67,computer,Desktop or Laptop,Windows 7,Chrome 78.0.3904.108,1920x1080,1920x937,,Demographics HYBRID,3,No,response-1-day,28
3,1575989933967,10/12/2019 14:58:53,1575989935243,0,10/12/2019 14:58:55,11864,3,questionnaire-ws45,,3506893,BLIND,992010,,complete,,5defb206c358aa000bb95e67,computer,Desktop or Laptop,Windows 7,Chrome 78.0.3904.108,1920x1080,1920x937,,Demographics HYBRID,3,No,response-1-month,11
4,1575989933967,10/12/2019 14:58:53,1575989935244,0,10/12/2019 14:58:55,11864,3,questionnaire-ws45,,3506893,BLIND,992010,,complete,,5defb206c358aa000bb95e67,computer,Desktop or Laptop,Windows 7,Chrome 78.0.3904.108,1920x1080,1920x937,,Demographics HYBRID,3,No,response-1-year,22
5,1575989933967,10/12/2019 14:58:53,1575989935244,0,10/12/2019 14:58:55,11864,3,questionnaire-ws45,,3506893,BLIND,992010,,complete,,5defb206c358aa000bb95e67,computer,Desktop or Laptop,Windows 7,Chrome 78.0.3904.108,1920x1080,1920x937,,Demographics HYBRID,3,No,response-4,Male
6,1575989933967,10/12/2019 14:58:53,1575989935244,0,10/12/2019 14:58:55,11864,3,questionnaire-ws45,,3506893,BLIND,992010,,complete,,5defb206c358aa000bb95e67,computer,Desktop or Laptop,Windows 7,Chrome 78.0.3904.108,1920x1080,1920x937,,Demographics HYBRID,3,No,response-4-quantised,1
7,1575989933967,10/12/2019 14:58:53,1575989935244,0,10/12/2019 14:58:55,11864,3,questionnaire-ws45,,3506893,BLIND,992010,,complete,,5defb206c358aa000bb95e67,computer,Desktop or Laptop,Windows 7,Chrome 78.0.3904.108,1920x1080,1920x937,,Demographics HYBRID,3,No,END QUESTIONNAIRE,7731
1,1575989892614,10/12/2019 14:58:12,1575989892528,0,10/12/2019 14:58:12,11864,3,questionnaire-ws45,,3506880,BLIND,992016,,complete,,5defb1e8e94309000accc89e,computer,Desktop or Laptop,Windows 8.1,Chrome 78.0.3904.108,2048x1152,2048x1041,,Demographics HYBRID,3,No,BEGIN QUESTIONNAIRE,
2,1575989900908,10/12/2019 14:58:20,1575989900831,0,10/12/2019 14:58:20,11864,3,questionnaire-ws45,,3506880,BLIND,992016,,complete,,5defb1e8e94309000accc89e,computer,Desktop or Laptop,Windows 8.1,Chrome 78.0.3904.108,2048x1152,2048x1041,,Demographics HYBRID,3,No,response-1-day,0
3,1575989901001,10/12/2019 14:58:21,1575989900833,0,10/12/2019 14:58:20,11864,3,questionnaire-ws45,,3506880,BLIND,992016,,complete,,5defb1e8e94309000accc89e,computer,Desktop or Laptop,Windows 8.1,Chrome 78.0.3904.108,2048x1152,2048x1041,,Demographics HYBRID,3,No,response-1-month,8
4,1575989901001,10/12/2019 14:58:21,1575989900833,0,10/12/2019 14:58:20,11864,3,questionnaire-ws45,,3506880,BLIND,992016,,complete,,5defb1e8e94309000accc89e,computer,Desktop or Laptop,Windows 8.1,Chrome 78.0.3904.108,2048x1152,2048x1041,,Demographics HYBRID,3,No,response-1-year,25
5,1575989901001,10/12/2019 14:58:21,1575989900833,0,10/12/2019 14:58:20,11864,3,questionnaire-ws45,,3506880,BLIND,992016,,complete,,5defb1e8e94309000accc89e,computer,Desktop or Laptop,Windows 8.1,Chrome 78.0.3904.108,2048x1152,2048x1041,,Demographics HYBRID,3,No,response-4,Female
6,1575989901001,10/12/2019 14:58:21,1575989900834,0,10/12/2019 14:58:20,11864,3,questionnaire-ws45,,3506880,BLIND,992016,,complete,,5defb1e8e94309000accc89e,computer,Desktop or Laptop,Windows 8.1,Chrome 78.0.3904.108,2048x1152,2048x1041,,Demographics HYBRID,3,No,response-4-quantised,2
7,1575989901001,10/12/2019 14:58:21,1575989900834,0,10/12/2019 14:58:20,11864,3,questionnaire-ws45,,3506880,BLIND,992016,,complete,,5defb1e8e94309000accc89e,computer,Desktop or Laptop,Windows 8.1,Chrome 78.0.3904.108,2048x1152,2048x1041,,Demographics HYBRID,3,No,END QUESTIONNAIRE,8307
1,1575989631773,10/12/2019 14:53:51,1575989631791,0,10/12/2019 14:53:51,11864,3,questionnaire-ws45,,3506783,BLIND,991985,,complete,,5defb13c58a1a8000cb2cc3a,computer,Desktop or Laptop,Windows 10,Chrome 78.0.3904.108,1920x1080,1920x979,,Demographics HYBRID,3,No,BEGIN QUESTIONNAIRE,
2,1575989644330,10/12/2019 14:54:04,1575989644317,0,10/12/2019 14:54:04,11864,3,questionnaire-ws45,,3506783,BLIND,991985,,complete,,5defb13c58a1a8000cb2cc3a,computer,Desktop or Laptop,Windows 10,Chrome 78.0.3904.108,1920x1080,1920x979,,Demographics HYBRID,3,No,response-1-day,29
3,1575989644392,10/12/2019 14:54:04,1575989644318,0,10/12/2019 14:54:04,11864,3,questionnaire-ws45,,3506783,BLIND,991985,,complete,,5defb13c58a1a8000cb2cc3a,computer,Desktop or Laptop,Windows 10,Chrome 78.0.3904.108,1920x1080,1920x979,,Demographics HYBRID,3,No,response-1-month,6
4,1575989644392,10/12/2019 14:54:04,1575989644319,0,10/12/2019 14:54:04,11864,3,questionnaire-ws45,,3506783,BLIND,991985,,complete,,5defb13c58a1a8000cb2cc3a,computer,Desktop or Laptop,Windows 10,Chrome 78.0.3904.108,1920x1080,1920x979,,Demographics HYBRID,3,No,response-1-year,20
5,1575989644392,10/12/2019 14:54:04,1575989644319,0,10/12/2019 14:54:04,11864,3,questionnaire-ws45,,3506783,BLIND,991985,,complete,,5defb13c58a1a8000cb2cc3a,computer,Desktop or Laptop,Windows 10,Chrome 78.0.3904.108,1920x1080,1920x979,,Demographics HYBRID,3,No,response-4,Female
6,1575989644392,10/12/2019 14:54:04,1575989644319,0,10/12/2019 14:54:04,11864,3,questionnaire-ws45,,3506783,BLIND,991985,,complete,,5defb13c58a1a8000cb2cc3a,computer,Desktop or Laptop,Windows 10,Chrome 78.0.3904.108,1920x1080,1920x979,,Demographics HYBRID,3,No,response-4-quantised,2
7,1575989644392,10/12/2019 14:54:04,1575989644319,0,10/12/2019 14:54:04,11864,3,questionnaire-ws45,,3506783,BLIND,991985,,complete,,5defb13c58a1a8000cb2cc3a,computer,Desktop or Laptop,Windows 10,Chrome 78.0.3904.108,1920x1080,1920x979,,Demographics HYBRID,3,No,END QUESTIONNAIRE,12528
1,1575989628711,10/12/2019 14:53:48,1575989639264,0,10/12/2019 14:53:59,11864,3,questionnaire-ws45,,3506782,BLIND,991987,,complete,,5defb14f9dcdcd000d1d3a5d,computer,Desktop or Laptop,Windows 10,Chrome 78.0.3904.108,1536x864,1536x754,,Demographics HYBRID,3,No,BEGIN QUESTIONNAIRE,
2,1575989641418,10/12/2019 14:54:01,1575989652030,0,10/12/2019 14:54:12,11864,3,questionnaire-ws45,,3506782,BLIND,991987,,complete,,5defb14f9dcdcd000d1d3a5d,computer,Desktop or Laptop,Windows 10,Chrome 78.0.3904.108,1536x864,1536x754,,Demographics HYBRID,3,No,response-1-day,4
3,1575989641496,10/12/2019 14:54:01,1575989652034,0,10/12/2019 14:54:12,11864,3,questionnaire-ws45,,3506782,BLIND,991987,,complete,,5defb14f9dcdcd000d1d3a5d,computer,Desktop or Laptop,Windows 10,Chrome 78.0.3904.108,1536x864,1536x754,,Demographics HYBRID,3,No,response-1-month,4
4,1575989641496,10/12/2019 14:54:01,1575989652034,0,10/12/2019 14:54:12,11864,3,questionnaire-ws45,,3506782,BLIND,991987,,complete,,5defb14f9dcdcd000d1d3a5d,computer,Desktop or Laptop,Windows 10,Chrome 78.0.3904.108,1536x864,1536x754,,Demographics HYBRID,3,No,response-1-year,22
5,1575989641496,10/12/2019 14:54:01,1575989652035,0,10/12/2019 14:54:12,11864,3,questionnaire-ws45,,3506782,BLIND,991987,,complete,,5defb14f9dcdcd000d1d3a5d,computer,Desktop or Laptop,Windows 10,Chrome 78.0.3904.108,1536x864,1536x754,,Demographics HYBRID,3,No,response-4,Female
6,1575989641496,10/12/2019 14:54:01,1575989652035,0,10/12/2019 14:54:12,11864,3,questionnaire-ws45,,3506782,BLIND,991987,,complete,,5defb14f9dcdcd000d1d3a5d,computer,Desktop or Laptop,Windows 10,Chrome 78.0.3904.108,1536x864,1536x754,,Demographics HYBRID,3,No,response-4-quantised,2
7,1575989641496,10/12/2019 14:54:01,1575989652036,0,10/12/2019 14:54:12,11864,3,questionnaire-ws45,,3506782,BLIND,991987,,complete,,5defb14f9dcdcd000d1d3a5d,computer,Desktop or Laptop,Windows 10,Chrome 78.0.3904.108,1536x864,1536x754,,Demographics HYBRID,3,No,END QUESTIONNAIRE,12772
1,1575989484653,10/12/2019 14:51:24,1575989484564,0,10/12/2019 14:51:24,11864,3,questionnaire-ws45,,3506721,BLIND,991975,,complete,,5defb0bb71bba8000eb43495,computer,Desktop or Laptop,Windows 10,Chrome 78.0.3904.108,1920x1080,1920x937,,Demographics HYBRID,3,No,BEGIN QUESTIONNAIRE,
2,1575989494344,10/12/2019 14:51:34,1575989494286,0,10/12/2019 14:51:34,11864,3,questionnaire-ws45,,3506721,BLIND,991975,,complete,,5defb0bb71bba8000eb43495,computer,Desktop or Laptop,Windows 10,Chrome 78.0.3904.108,1920x1080,1920x937,,Demographics HYBRID,3,No,response-1-day,8
3,1575989494422,10/12/2019 14:51:34,1575989494286,0,10/12/2019 14:51:34,11864,3,questionnaire-ws45,,3506721,BLIND,991975,,complete,,5defb0bb71bba8000eb43495,computer,Desktop or Laptop,Windows 10,Chrome 78.0.3904.108,1920x1080,1920x937,,Demographics HYBRID,3,No,response-1-month,7
4,1575989494422,10/12/2019 14:51:34,1575989494287,0,10/12/2019 14:51:34,11864,3,questionnaire-ws45,,3506721,BLIND,991975,,complete,,5defb0bb71bba8000eb43495,computer,Desktop or Laptop,Windows 10,Chrome 78.0.3904.108,1920x1080,1920x937,,Demographics HYBRID,3,No,response-1-year,29
5,1575989494422,10/12/2019 14:51:34,1575989494287,0,10/12/2019 14:51:34,11864,3,questionnaire-ws45,,3506721,BLIND,991975,,complete,,5defb0bb71bba8000eb43495,computer,Desktop or Laptop,Windows 10,Chrome 78.0.3904.108,1920x1080,1920x937,,Demographics HYBRID,3,No,response-4,Male
6,1575989494422,10/12/2019 14:51:34,1575989494287,0,10/12/2019 14:51:34,11864,3,questionnaire-ws45,,3506721,BLIND,991975,,complete,,5defb0bb71bba8000eb43495,computer,Desktop or Laptop,Windows 10,Chrome 78.0.3904.108,1920x1080,1920x937,,Demographics HYBRID,3,No,response-4-quantised,1
7,1575989494422,10/12/2019 14:51:34,1575989494287,0,10/12/2019 14:51:34,11864,3,questionnaire-ws45,,3506721,BLIND,991975,,complete,,5defb0bb71bba8000eb43495,computer,Desktop or Laptop,Windows 10,Chrome 78.0.3904.108,1920x1080,1920x937,,Demographics HYBRID,3,No,END QUESTIONNAIRE,9723
1,1575989423910,10/12/2019 14:50:23,1575989424488,0,10/12/2019 14:50:24,11864,3,questionnaire-ws45,,3506707,BLIND,991963,,complete,,5defb04e8ea31d000d7ab83b,computer,Desktop or Laptop,Windows 10,Edge 18.18362,1024x576,1024x501,,Demographics HYBRID,3,No,BEGIN QUESTIONNAIRE,
2,1575989438723,10/12/2019 14:50:38,1575989439353,0,10/12/2019 14:50:39,11864,3,questionnaire-ws45,,3506707,BLIND,991963,,complete,,5defb04e8ea31d000d7ab83b,computer,Desktop or Laptop,Windows 10,Edge 18.18362,1024x576,1024x501,,Demographics HYBRID,3,No,response-1-day,12
3,1575989438819,10/12/2019 14:50:38,1575989439355,0,10/12/2019 14:50:39,11864,3,questionnaire-ws45,,3506707,BLIND,991963,,complete,,5defb04e8ea31d000d7ab83b,computer,Desktop or Laptop,Windows 10,Edge 18.18362,1024x576,1024x501,,Demographics HYBRID,3,No,response-1-month,11
4,1575989438819,10/12/2019 14:50:38,1575989439356,0,10/12/2019 14:50:39,11864,3,questionnaire-ws45,,3506707,BLIND,991963,,complete,,5defb04e8ea31d000d7ab83b,computer,Desktop or Laptop,Windows 10,Edge 18.18362,1024x576,1024x501,,Demographics HYBRID,3,No,response-1-year,20
5,1575989438819,10/12/2019 14:50:38,1575989439356,0,10/12/2019 14:50:39,11864,3,questionnaire-ws45,,3506707,BLIND,991963,,complete,,5defb04e8ea31d000d7ab83b,computer,Desktop or Laptop,Windows 10,Edge 18.18362,1024x576,1024x501,,Demographics HYBRID,3,No,response-4,Female
6,1575989438819,10/12/2019 14:50:38,1575989439356,0,10/12/2019 14:50:39,11864,3,questionnaire-ws45,,3506707,BLIND,991963,,complete,,5defb04e8ea31d000d7ab83b,computer,Desktop or Laptop,Windows 10,Edge 18.18362,1024x576,1024x501,,Demographics HYBRID,3,No,response-4-quantised,2
7,1575989438819,10/12/2019 14:50:38,1575989439356,0,10/12/2019 14:50:39,11864,3,questionnaire-ws45,,3506707,BLIND,991963,,complete,,5defb04e8ea31d000d7ab83b,computer,Desktop or Laptop,Windows 10,Edge 18.18362,1024x576,1024x501,,Demographics HYBRID,3,No,END QUESTIONNAIRE,14868
1,1575989289514,10/12/2019 14:48:09,1575989290673,0,10/12/2019 14:48:10,11864,3,questionnaire-ws45,,3506653,BLIND,991952,,complete,,5defaffdfcb612000a6775f1,computer,Desktop or Laptop,Windows 10,Chrome 78.0.3904.108,1920x1080,1920x969,,Demographics HYBRID,3,No,BEGIN QUESTIONNAIRE,
2,1575989303881,10/12/2019 14:48:23,1575989305085,0,10/12/2019 14:48:25,11864,3,questionnaire-ws45,,3506653,BLIND,991952,,complete,,5defaffdfcb612000a6775f1,computer,Desktop or Laptop,Windows 10,Chrome 78.0.3904.108,1920x1080,1920x969,,Demographics HYBRID,3,No,response-1-day,16
3,1575989303945,10/12/2019 14:48:23,1575989305088,0,10/12/2019 14:48:25,11864,3,questionnaire-ws45,,3506653,BLIND,991952,,complete,,5defaffdfcb612000a6775f1,computer,Desktop or Laptop,Windows 10,Chrome 78.0.3904.108,1920x1080,1920x969,,Demographics HYBRID,3,No,response-1-month,11
4,1575989303945,10/12/2019 14:48:23,1575989305089,0,10/12/2019 14:48:25,11864,3,questionnaire-ws45,,3506653,BLIND,991952,,complete,,5defaffdfcb612000a6775f1,computer,Desktop or Laptop,Windows 10,Chrome 78.0.3904.108,1920x1080,1920x969,,Demographics HYBRID,3,No,response-1-year,26
5,1575989303945,10/12/2019 14:48:23,1575989305089,0,10/12/2019 14:48:25,11864,3,questionnaire-ws45,,3506653,BLIND,991952,,complete,,5defaffdfcb612000a6775f1,computer,Desktop or Laptop,Windows 10,Chrome 78.0.3904.108,1920x1080,1920x969,,Demographics HYBRID,3,No,response-4,Female
6,1575989303945,10/12/2019 14:48:23,1575989305090,0,10/12/2019 14:48:25,11864,3,questionnaire-ws45,,3506653,BLIND,991952,,complete,,5defaffdfcb612000a6775f1,computer,Desktop or Laptop,Windows 10,Chrome 78.0.3904.108,1920x1080,1920x969,,Demographics HYBRID,3,No,response-4-quantised,2
7,1575989303945,10/12/2019 14:48:23,1575989305090,0,10/12/2019 14:48:25,11864,3,questionnaire-ws45,,3506653,BLIND,991952,,complete,,5defaffdfcb612000a6775f1,computer,Desktop or Laptop,Windows 10,Chrome 78.0.3904.108,1920x1080,1920x969,,Demographics HYBRID,3,No,END QUESTIONNAIRE,14418
1,1575988961039,10/12/2019 14:42:41,1575988960828,0,10/12/2019 14:42:40,11864,3,questionnaire-ws45,,3506589,BLIND,991922,,complete,,5defae1cc026d6000b27f503,computer,Desktop or Laptop,Windows 10,Edge 18.18362,1368x912,1368x799,,Demographics HYBRID,3,No,BEGIN QUESTIONNAIRE,
2,1575988981038,10/12/2019 14:43:01,1575988980864,0,10/12/2019 14:43:00,11864,3,questionnaire-ws45,,3506589,BLIND,991922,,complete,,5defae1cc026d6000b27f503,computer,Desktop or Laptop,Windows 10,Edge 18.18362,1368x912,1368x799,,Demographics HYBRID,3,No,response-1-day,14
3,1575988981929,10/12/2019 14:43:01,1575988980869,0,10/12/2019 14:43:00,11864,3,questionnaire-ws45,,3506589,BLIND,991922,,complete,,5defae1cc026d6000b27f503,computer,Desktop or Laptop,Windows 10,Edge 18.18362,1368x912,1368x799,,Demographics HYBRID,3,No,response-1-month,1
4,1575988981929,10/12/2019 14:43:01,1575988980869,0,10/12/2019 14:43:00,11864,3,questionnaire-ws45,,3506589,BLIND,991922,,complete,,5defae1cc026d6000b27f503,computer,Desktop or Laptop,Windows 10,Edge 18.18362,1368x912,1368x799,,Demographics HYBRID,3,No,response-1-year,39
5,1575988981929,10/12/2019 14:43:01,1575988980869,0,10/12/2019 14:43:00,11864,3,questionnaire-ws45,,3506589,BLIND,991922,,complete,,5defae1cc026d6000b27f503,computer,Desktop or Laptop,Windows 10,Edge 18.18362,1368x912,1368x799,,Demographics HYBRID,3,No,response-4,Female
6,1575988981929,10/12/2019 14:43:01,1575988980870,0,10/12/2019 14:43:00,11864,3,questionnaire-ws45,,3506589,BLIND,991922,,complete,,5defae1cc026d6000b27f503,computer,Desktop or Laptop,Windows 10,Edge 18.18362,1368x912,1368x799,,Demographics HYBRID,3,No,response-4-quantised,2
7,1575988981929,10/12/2019 14:43:01,1575988980870,0,10/12/2019 14:43:00,11864,3,questionnaire-ws45,,3506589,BLIND,991922,,complete,,5defae1cc026d6000b27f503,computer,Desktop or Laptop,Windows 10,Edge 18.18362,1368x912,1368x799,,Demographics HYBRID,3,No,END QUESTIONNAIRE,20042
END OF FILE
