﻿Event Index,UTC Timestamp,UTC Date,Local Timestamp,Local Timezone,Local Date,Experiment ID,Experiment Version,Tree Node Key,Repeat Key,Schedule ID,Participant Public ID,Participant Private ID,Participant Starting Group,Participant Status,Participant Completion Code,Participant External Session ID,Participant Device Type,Participant Device,Participant OS,Participant Browser,Participant Monitor Size,Participant Viewport Size,Checkpoint,Task Name,Task Version,Randomise questionnaire elements?,Question Key,Response
1,1576065185151,11/12/2019 11:53:05,1576065151459,0,11/12/2019 11:52:31,11864,3,questionnaire-q9ns,,3523038,BLIND,994421,,complete,,5df0d188b3cfca000dfb985b,computer,Desktop or Laptop,Windows 8.1,Chrome 78.0.3904.108,1366x768,2049x986,,Hybrid sequence instructions,1,No,BEGIN QUESTIONNAIRE,
2,1576065327040,11/12/2019 11:55:27,1576065293215,0,11/12/2019 11:54:53,11864,3,questionnaire-q9ns,,3523038,BLIND,994421,,complete,,5df0d188b3cfca000dfb985b,computer,Desktop or Laptop,Windows 8.1,Chrome 78.0.3904.108,1366x768,2049x986,,Hybrid sequence instructions,1,No,END QUESTIONNAIRE,141756
1,1575991544314,10/12/2019 15:25:44,1575991543147,0,10/12/2019 15:25:43,11864,3,questionnaire-q9ns,,3507311,BLIND,991962,,complete,,5defb051624657000fae4c93,computer,Desktop or Laptop,Windows 10,Chrome 78.0.3904.108,1440x900,1440x789,,Hybrid sequence instructions,1,No,BEGIN QUESTIONNAIRE,
2,1575991578378,10/12/2019 15:26:18,1575991577235,0,10/12/2019 15:26:17,11864,3,questionnaire-q9ns,,3507311,BLIND,991962,,complete,,5defb051624657000fae4c93,computer,Desktop or Laptop,Windows 10,Chrome 78.0.3904.108,1440x900,1440x789,,Hybrid sequence instructions,1,No,END QUESTIONNAIRE,34088
1,1575991363727,10/12/2019 15:22:43,1575991440674,0,10/12/2019 15:24:00,11864,3,questionnaire-q9ns,,3507274,BLIND,992072,,complete,,5defb49825d079000d25c4af,computer,Desktop or Laptop,Windows 10,Chrome 78.0.3904.108,1920x1080,1920x937,,Hybrid sequence instructions,1,No,BEGIN QUESTIONNAIRE,
2,1575991366071,10/12/2019 15:22:46,1575991443195,0,10/12/2019 15:24:03,11864,3,questionnaire-q9ns,,3507274,BLIND,992072,,complete,,5defb49825d079000d25c4af,computer,Desktop or Laptop,Windows 10,Chrome 78.0.3904.108,1920x1080,1920x937,,Hybrid sequence instructions,1,No,END QUESTIONNAIRE,2521
1,1575991133274,10/12/2019 15:18:53,1575991132794,0,10/12/2019 15:18:52,11864,3,questionnaire-q9ns,,3507234,BLIND,992055,,complete,,5defb3c92cfe93000f8a8677,computer,Desktop or Laptop,Windows 10,Chrome 78.0.3904.108,1920x1080,1920x969,,Hybrid sequence instructions,1,No,BEGIN QUESTIONNAIRE,
2,1575991170402,10/12/2019 15:19:30,1575991169986,0,10/12/2019 15:19:29,11864,3,questionnaire-q9ns,,3507234,BLIND,992055,,complete,,5defb3c92cfe93000f8a8677,computer,Desktop or Laptop,Windows 10,Chrome 78.0.3904.108,1920x1080,1920x969,,Hybrid sequence instructions,1,No,END QUESTIONNAIRE,37192
1,1575991021410,10/12/2019 15:17:01,1575991021012,0,10/12/2019 15:17:01,11864,3,questionnaire-q9ns,,3507211,BLIND,992011,,complete,,5defb1dd4da172000def0e00,computer,Desktop or Laptop,Mac OS 10.11.6,Chrome 78.0.3904.87,1280x800,1280x606,,Hybrid sequence instructions,1,No,BEGIN QUESTIONNAIRE,
2,1575991169761,10/12/2019 15:19:29,1575991167177,0,10/12/2019 15:19:27,11864,3,questionnaire-q9ns,,3507211,BLIND,992011,,complete,,5defb1dd4da172000def0e00,computer,Desktop or Laptop,Mac OS 10.11.6,Chrome 78.0.3904.87,1280x800,1280x606,,Hybrid sequence instructions,1,No,END QUESTIONNAIRE,146165
1,1575990916339,10/12/2019 15:15:16,1575990917649,0,10/12/2019 15:15:17,11864,3,questionnaire-q9ns,,3507175,BLIND,992010,,complete,,5defb206c358aa000bb95e67,computer,Desktop or Laptop,Windows 7,Chrome 78.0.3904.108,1920x1080,1920x937,,Hybrid sequence instructions,1,No,BEGIN QUESTIONNAIRE,
2,1575990954755,10/12/2019 15:15:54,1575990956094,0,10/12/2019 15:15:56,11864,3,questionnaire-q9ns,,3507175,BLIND,992010,,complete,,5defb206c358aa000bb95e67,computer,Desktop or Laptop,Windows 7,Chrome 78.0.3904.108,1920x1080,1920x937,,Hybrid sequence instructions,1,No,END QUESTIONNAIRE,38445
1,1575990902825,10/12/2019 15:15:02,1575990900872,0,10/12/2019 15:15:00,11864,3,questionnaire-q9ns,,3507173,BLIND,991996,,complete,,5defb18410e359000c1346f6,computer,Desktop or Laptop,Windows 10,Edge 17.17134,1366x768,1366x651,,Hybrid sequence instructions,1,No,BEGIN QUESTIONNAIRE,
2,1575990952395,10/12/2019 15:15:52,1575990950439,0,10/12/2019 15:15:50,11864,3,questionnaire-q9ns,,3507173,BLIND,991996,,complete,,5defb18410e359000c1346f6,computer,Desktop or Laptop,Windows 10,Edge 17.17134,1366x768,1350x651,,Hybrid sequence instructions,1,No,END QUESTIONNAIRE,49567
1,1575990890074,10/12/2019 15:14:50,1575990889915,0,10/12/2019 15:14:49,11864,3,questionnaire-q9ns,,3507171,BLIND,992043,,complete,,5defb216d78442000ac8ec4d,computer,Desktop or Laptop,Mac OS 10.13.6,Chrome 78.0.3904.108,1920x1080,1920x978,,Hybrid sequence instructions,1,No,BEGIN QUESTIONNAIRE,
2,1575991009301,10/12/2019 15:16:49,1575991008947,0,10/12/2019 15:16:48,11864,3,questionnaire-q9ns,,3507171,BLIND,992043,,complete,,5defb216d78442000ac8ec4d,computer,Desktop or Laptop,Mac OS 10.13.6,Chrome 78.0.3904.108,1920x1080,1920x978,,Hybrid sequence instructions,1,No,END QUESTIONNAIRE,119033
1,1575990862211,10/12/2019 15:14:22,1575990861871,0,10/12/2019 15:14:21,11864,3,questionnaire-q9ns,,3507166,BLIND,992047,,complete,,5defb36e24b1ce000eaf0ddd,computer,Desktop or Laptop,Mac OS 10.12.6,Safari 12.0.2,1440x900,1440x772,,Hybrid sequence instructions,1,No,BEGIN QUESTIONNAIRE,
2,1575990889006,10/12/2019 15:14:49,1575990888678,0,10/12/2019 15:14:48,11864,3,questionnaire-q9ns,,3507166,BLIND,992047,,complete,,5defb36e24b1ce000eaf0ddd,computer,Desktop or Laptop,Mac OS 10.12.6,Safari 12.0.2,1440x900,1440x772,,Hybrid sequence instructions,1,No,END QUESTIONNAIRE,26807
1,1575990799806,10/12/2019 15:13:19,1575990799621,0,10/12/2019 15:13:19,11864,3,questionnaire-q9ns,,3507150,BLIND,991964,,complete,,5defb065bf5f14000dd13fa7,computer,Desktop or Laptop,Mac OS 10.15.1,Chrome 78.0.3904.108,1280x800,1280x612,,Hybrid sequence instructions,1,No,BEGIN QUESTIONNAIRE,
2,1575990807799,10/12/2019 15:13:27,1575990807659,0,10/12/2019 15:13:27,11864,3,questionnaire-q9ns,,3507150,BLIND,991964,,complete,,5defb065bf5f14000dd13fa7,computer,Desktop or Laptop,Mac OS 10.15.1,Chrome 78.0.3904.108,1280x800,1280x612,,Hybrid sequence instructions,1,No,END QUESTIONNAIRE,8038
1,1575990729770,10/12/2019 15:12:09,1575990729754,0,10/12/2019 15:12:09,11864,3,questionnaire-q9ns,,3507134,BLIND,991994,,complete,,5defb15ecac2ea000b63862c,computer,Desktop or Laptop,Windows 10,Chrome 78.0.3904.108,1536x864,1536x754,,Hybrid sequence instructions,1,No,BEGIN QUESTIONNAIRE,
2,1575990756754,10/12/2019 15:12:36,1575990756804,0,10/12/2019 15:12:36,11864,3,questionnaire-q9ns,,3507134,BLIND,991994,,complete,,5defb15ecac2ea000b63862c,computer,Desktop or Laptop,Windows 10,Chrome 78.0.3904.108,1536x864,1536x754,,Hybrid sequence instructions,1,No,END QUESTIONNAIRE,27050
1,1575990726909,10/12/2019 15:12:06,1575990761234,0,10/12/2019 15:12:41,11864,3,questionnaire-q9ns,,3507132,BLIND,991967,,complete,,5defb04cc1ef79000b5e5f8d,computer,Desktop or Laptop,Windows 10,Edge 18.17763,1280x720,1280x607,,Hybrid sequence instructions,1,No,BEGIN QUESTIONNAIRE,
2,1575990794860,10/12/2019 15:13:14,1575990829147,0,10/12/2019 15:13:49,11864,3,questionnaire-q9ns,,3507132,BLIND,991967,,complete,,5defb04cc1ef79000b5e5f8d,computer,Desktop or Laptop,Windows 10,Edge 18.17763,1280x720,1263x607,,Hybrid sequence instructions,1,No,END QUESTIONNAIRE,67913
1,1575990648595,10/12/2019 15:10:48,1575990659159,0,10/12/2019 15:10:59,11864,3,questionnaire-q9ns,,3507116,BLIND,991987,,complete,,5defb14f9dcdcd000d1d3a5d,computer,Desktop or Laptop,Windows 10,Chrome 78.0.3904.108,1536x864,1536x754,,Hybrid sequence instructions,1,No,BEGIN QUESTIONNAIRE,
2,1575990679662,10/12/2019 15:11:19,1575990690283,0,10/12/2019 15:11:30,11864,3,questionnaire-q9ns,,3507116,BLIND,991987,,complete,,5defb14f9dcdcd000d1d3a5d,computer,Desktop or Laptop,Windows 10,Chrome 78.0.3904.108,1536x864,1536x754,,Hybrid sequence instructions,1,No,END QUESTIONNAIRE,31124
1,1575990633453,10/12/2019 15:10:33,1575990633377,0,10/12/2019 15:10:33,11864,3,questionnaire-q9ns,,3507113,BLIND,992005,,complete,,5defb20c650cd8000e83f498,computer,Desktop or Laptop,Windows 10,Chrome 78.0.3904.108,1920x1080,1211x692,,Hybrid sequence instructions,1,No,BEGIN QUESTIONNAIRE,
2,1575990701743,10/12/2019 15:11:41,1575990701705,0,10/12/2019 15:11:41,11864,3,questionnaire-q9ns,,3507113,BLIND,992005,,complete,,5defb20c650cd8000e83f498,computer,Desktop or Laptop,Windows 10,Chrome 78.0.3904.108,1920x1080,1194x692,,Hybrid sequence instructions,1,No,END QUESTIONNAIRE,68328
1,1575990602766,10/12/2019 15:10:02,1575990604072,0,10/12/2019 15:10:04,11864,3,questionnaire-q9ns,,3507106,BLIND,991973,,complete,,5defb08dd14385000e87183f,computer,Desktop or Laptop,Windows 10,Chrome 78.0.3904.108,1920x1080,1920x947,,Hybrid sequence instructions,1,No,BEGIN QUESTIONNAIRE,
2,1575990612194,10/12/2019 15:10:12,1575990613556,0,10/12/2019 15:10:13,11864,3,questionnaire-q9ns,,3507106,BLIND,991973,,complete,,5defb08dd14385000e87183f,computer,Desktop or Laptop,Windows 10,Chrome 78.0.3904.108,1920x1080,1920x947,,Hybrid sequence instructions,1,No,END QUESTIONNAIRE,9485
1,1575990572555,10/12/2019 15:09:32,1575990571481,0,10/12/2019 15:09:31,11864,3,questionnaire-q9ns,,3507099,BLIND,991960,,complete,,5defb04b389e8f000b6b2d5b,computer,Desktop or Laptop,Windows 10,Chrome 78.0.3904.108,1600x1200,1600x1089,,Hybrid sequence instructions,1,No,BEGIN QUESTIONNAIRE,
2,1575990593026,10/12/2019 15:09:53,1575990591978,0,10/12/2019 15:09:51,11864,3,questionnaire-q9ns,,3507099,BLIND,991960,,complete,,5defb04b389e8f000b6b2d5b,computer,Desktop or Laptop,Windows 10,Chrome 78.0.3904.108,1600x1200,1600x1089,,Hybrid sequence instructions,1,No,END QUESTIONNAIRE,20497
1,1575990549054,10/12/2019 15:09:09,1575990549343,0,10/12/2019 15:09:09,11864,3,questionnaire-q9ns,,3507095,BLIND,992008,,complete,,5defb1ef86a750000da8d54b,computer,Desktop or Laptop,Windows 10,Edge 18.18362,1366x768,1366x655,,Hybrid sequence instructions,1,No,BEGIN QUESTIONNAIRE,
2,1575990593136,10/12/2019 15:09:53,1575990593613,0,10/12/2019 15:09:53,11864,3,questionnaire-q9ns,,3507095,BLIND,992008,,complete,,5defb1ef86a750000da8d54b,computer,Desktop or Laptop,Windows 10,Edge 18.18362,1366x768,1350x655,,Hybrid sequence instructions,1,No,END QUESTIONNAIRE,44270
1,1575990532125,10/12/2019 15:08:52,1575990532375,0,10/12/2019 15:08:52,11864,3,questionnaire-q9ns,,3507087,BLIND,992012,,complete,,5defb235293445000bf7d388,computer,Desktop or Laptop,Windows 10,Firefox 71.0,1536x864,1536x738,,Hybrid sequence instructions,1,No,BEGIN QUESTIONNAIRE,
2,1575990539095,10/12/2019 15:08:59,1575990539397,0,10/12/2019 15:08:59,11864,3,questionnaire-q9ns,,3507087,BLIND,992012,,complete,,5defb235293445000bf7d388,computer,Desktop or Laptop,Windows 10,Firefox 71.0,1536x864,1536x738,,Hybrid sequence instructions,1,No,END QUESTIONNAIRE,7022
1,1575990531578,10/12/2019 15:08:51,1575990531480,0,10/12/2019 15:08:51,11864,3,questionnaire-q9ns,,3507086,BLIND,991954,,complete,,5defb00cadea1f000cf66d73,computer,Desktop or Laptop,Windows 7,Chrome 78.0.3904.108,1920x1080,1920x969,,Hybrid sequence instructions,1,No,BEGIN QUESTIONNAIRE,
2,1575990533625,10/12/2019 15:08:53,1575990533577,0,10/12/2019 15:08:53,11864,3,questionnaire-q9ns,,3507086,BLIND,991954,,complete,,5defb00cadea1f000cf66d73,computer,Desktop or Laptop,Windows 7,Chrome 78.0.3904.108,1920x1080,1920x969,,Hybrid sequence instructions,1,No,END QUESTIONNAIRE,2097
1,1575990527111,10/12/2019 15:08:47,1575990520105,0,10/12/2019 15:08:40,11864,3,questionnaire-q9ns,,3507083,BLIND,991982,,complete,,5defb0fb1683d4000e193453,computer,Desktop or Laptop,Windows 7,Chrome 78.0.3904.108,1360x768,1360x625,,Hybrid sequence instructions,1,No,BEGIN QUESTIONNAIRE,
2,1575990604158,10/12/2019 15:10:04,1575990597186,0,10/12/2019 15:09:57,11864,3,questionnaire-q9ns,,3507083,BLIND,991982,,complete,,5defb0fb1683d4000e193453,computer,Desktop or Laptop,Windows 7,Chrome 78.0.3904.108,1360x768,1343x625,,Hybrid sequence instructions,1,No,END QUESTIONNAIRE,77081
1,1575990520046,10/12/2019 15:08:40,1575990520769,0,10/12/2019 15:08:40,11864,3,questionnaire-q9ns,,3507082,BLIND,992020,,complete,,5defb1822a9b63000a4b7d4f,computer,Desktop or Laptop,Windows 10,Chrome 78.0.3904.108,1920x1080,1920x937,,Hybrid sequence instructions,1,No,BEGIN QUESTIONNAIRE,
2,1575990580216,10/12/2019 15:09:40,1575990580927,0,10/12/2019 15:09:40,11864,3,questionnaire-q9ns,,3507082,BLIND,992020,,complete,,5defb1822a9b63000a4b7d4f,computer,Desktop or Laptop,Windows 10,Chrome 78.0.3904.108,1920x1080,1920x937,,Hybrid sequence instructions,1,No,END QUESTIONNAIRE,60158
1,1575990517200,10/12/2019 15:08:37,1575990508114,0,10/12/2019 15:08:28,11864,3,questionnaire-q9ns,,3507081,BLIND,991957,,complete,,5defaf9ca61a75000e4c9c01,computer,Desktop or Laptop,Windows 10,Chrome 78.0.3904.108,1366x768,1366x657,,Hybrid sequence instructions,1,No,BEGIN QUESTIONNAIRE,
2,1575990585214,10/12/2019 15:09:45,1575990576056,0,10/12/2019 15:09:36,11864,3,questionnaire-q9ns,,3507081,BLIND,991957,,complete,,5defaf9ca61a75000e4c9c01,computer,Desktop or Laptop,Windows 10,Chrome 78.0.3904.108,1366x768,1349x657,,Hybrid sequence instructions,1,No,END QUESTIONNAIRE,67942
1,1575990517479,10/12/2019 15:08:37,1575990517389,0,10/12/2019 15:08:37,11864,3,questionnaire-q9ns,,3507080,BLIND,992016,,complete,,5defb1e8e94309000accc89e,computer,Desktop or Laptop,Windows 8.1,Chrome 78.0.3904.108,2048x1152,2048x1041,,Hybrid sequence instructions,1,No,BEGIN QUESTIONNAIRE,
2,1575990550504,10/12/2019 15:09:10,1575990550479,0,10/12/2019 15:09:10,11864,3,questionnaire-q9ns,,3507080,BLIND,992016,,complete,,5defb1e8e94309000accc89e,computer,Desktop or Laptop,Windows 8.1,Chrome 78.0.3904.108,2048x1152,2048x1041,,Hybrid sequence instructions,1,No,END QUESTIONNAIRE,33090
1,1575990437594,10/12/2019 15:07:17,1575990437396,0,10/12/2019 15:07:17,11864,3,questionnaire-q9ns,,3507061,BLIND,991999,,complete,,5defb1d29de0c1000b0be5f5,computer,Desktop or Laptop,Windows 10,Chrome 78.0.3904.108,1920x1080,1920x969,,Hybrid sequence instructions,1,No,BEGIN QUESTIONNAIRE,
2,1575990442876,10/12/2019 15:07:22,1575990442675,0,10/12/2019 15:07:22,11864,3,questionnaire-q9ns,,3507061,BLIND,991999,,complete,,5defb1d29de0c1000b0be5f5,computer,Desktop or Laptop,Windows 10,Chrome 78.0.3904.108,1920x1080,1920x969,,Hybrid sequence instructions,1,No,END QUESTIONNAIRE,5279
1,1575990434954,10/12/2019 15:07:14,1575990435395,0,10/12/2019 15:07:15,11864,3,questionnaire-q9ns,,3507060,BLIND,992000,,complete,,5defb1ccc358aa000eedb21b,computer,Desktop or Laptop,Windows 7,Chrome 72.0.3626.121,1280x1024,498x446,,Hybrid sequence instructions,1,No,BEGIN QUESTIONNAIRE,
2,1575990458760,10/12/2019 15:07:38,1575990458926,0,10/12/2019 15:07:38,11864,3,questionnaire-q9ns,,3507060,BLIND,992000,,complete,,5defb1ccc358aa000eedb21b,computer,Desktop or Laptop,Windows 7,Chrome 72.0.3626.121,1280x1024,481x446,,Hybrid sequence instructions,1,No,END QUESTIONNAIRE,23532
1,1575990255887,10/12/2019 15:04:15,1575990256445,0,10/12/2019 15:04:16,11864,3,questionnaire-q9ns,,3507021,BLIND,991963,,complete,,5defb04e8ea31d000d7ab83b,computer,Desktop or Laptop,Windows 10,Edge 18.18362,1024x576,1024x501,,Hybrid sequence instructions,1,No,BEGIN QUESTIONNAIRE,
2,1575990319553,10/12/2019 15:05:19,1575990320165,0,10/12/2019 15:05:20,11864,3,questionnaire-q9ns,,3507021,BLIND,991963,,complete,,5defb04e8ea31d000d7ab83b,computer,Desktop or Laptop,Windows 10,Edge 18.18362,1024x576,1013x501,,Hybrid sequence instructions,1,No,END QUESTIONNAIRE,63720
1,1575990215091,10/12/2019 15:03:35,1575990213794,0,10/12/2019 15:03:33,11864,3,questionnaire-q9ns,,3507002,BLIND,991948,,complete,,5defafba40960c000e99fb0a,computer,Desktop or Laptop,Windows 10,Chrome 78.0.3904.108,1680x1050,1680x939,,Hybrid sequence instructions,1,No,BEGIN QUESTIONNAIRE,
2,1575990217893,10/12/2019 15:03:37,1575990216621,0,10/12/2019 15:03:36,11864,3,questionnaire-q9ns,,3507002,BLIND,991948,,complete,,5defafba40960c000e99fb0a,computer,Desktop or Laptop,Windows 10,Chrome 78.0.3904.108,1680x1050,1680x939,,Hybrid sequence instructions,1,No,END QUESTIONNAIRE,2827
1,1575990165941,10/12/2019 15:02:45,1575990165919,0,10/12/2019 15:02:45,11864,3,questionnaire-q9ns,,3506991,BLIND,991985,,complete,,5defb13c58a1a8000cb2cc3a,computer,Desktop or Laptop,Windows 10,Chrome 78.0.3904.108,1920x1080,1920x979,,Hybrid sequence instructions,1,No,BEGIN QUESTIONNAIRE,
2,1575990170725,10/12/2019 15:02:50,1575990170778,0,10/12/2019 15:02:50,11864,3,questionnaire-q9ns,,3506991,BLIND,991985,,complete,,5defb13c58a1a8000cb2cc3a,computer,Desktop or Laptop,Windows 10,Chrome 78.0.3904.108,1920x1080,1920x979,,Hybrid sequence instructions,1,No,END QUESTIONNAIRE,4859
1,1575990162578,10/12/2019 15:02:42,1575990162892,0,10/12/2019 15:02:42,11864,3,questionnaire-q9ns,,3506988,BLIND,991969,,complete,,5defb07986a750000da8d544,computer,Desktop or Laptop,Windows 10,Chrome 78.0.3904.108,1280x720,1280x578,,Hybrid sequence instructions,1,No,BEGIN QUESTIONNAIRE,
2,1575990222489,10/12/2019 15:03:42,1575990222896,0,10/12/2019 15:03:42,11864,3,questionnaire-q9ns,,3506988,BLIND,991969,,complete,,5defb07986a750000da8d544,computer,Desktop or Laptop,Windows 10,Chrome 78.0.3904.108,1280x720,1263x578,,Hybrid sequence instructions,1,No,END QUESTIONNAIRE,60004
1,1575990151675,10/12/2019 15:02:31,1575990151592,0,10/12/2019 15:02:31,11864,3,questionnaire-q9ns,,3506981,BLIND,991975,,complete,,5defb0bb71bba8000eb43495,computer,Desktop or Laptop,Windows 10,Chrome 78.0.3904.108,1920x1080,1920x937,,Hybrid sequence instructions,1,No,BEGIN QUESTIONNAIRE,
2,1575990178412,10/12/2019 15:02:58,1575990178306,0,10/12/2019 15:02:58,11864,3,questionnaire-q9ns,,3506981,BLIND,991975,,complete,,5defb0bb71bba8000eb43495,computer,Desktop or Laptop,Windows 10,Chrome 78.0.3904.108,1920x1080,1920x937,,Hybrid sequence instructions,1,No,END QUESTIONNAIRE,26714
1,1575990130129,10/12/2019 15:02:10,1575990130069,0,10/12/2019 15:02:10,11864,3,questionnaire-q9ns,,3506970,BLIND,991983,,complete,,5defb1178ea31d000d7ab83f,computer,Desktop or Laptop,Windows 7,Chrome 78.0.3904.108,1920x1080,959x519,,Hybrid sequence instructions,1,No,BEGIN QUESTIONNAIRE,
2,1575990151456,10/12/2019 15:02:31,1575990151445,0,10/12/2019 15:02:31,11864,3,questionnaire-q9ns,,3506970,BLIND,991983,,complete,,5defb1178ea31d000d7ab83f,computer,Desktop or Laptop,Windows 7,Chrome 78.0.3904.108,1920x1080,942x519,,Hybrid sequence instructions,1,No,END QUESTIONNAIRE,21376
1,1575990112667,10/12/2019 15:01:52,1575990111559,0,10/12/2019 15:01:51,11864,3,questionnaire-q9ns,,3506967,BLIND,991981,,complete,,5defb0f8145f2a000eebbf0c,computer,Desktop or Laptop,Windows 10,Chrome 78.0.3904.108,1600x900,1600x828,,Hybrid sequence instructions,1,No,BEGIN QUESTIONNAIRE,
2,1575990116777,10/12/2019 15:01:56,1575990115725,0,10/12/2019 15:01:55,11864,3,questionnaire-q9ns,,3506967,BLIND,991981,,complete,,5defb0f8145f2a000eebbf0c,computer,Desktop or Laptop,Windows 10,Chrome 78.0.3904.108,1600x900,1600x828,,Hybrid sequence instructions,1,No,END QUESTIONNAIRE,4167
1,1575990087906,10/12/2019 15:01:27,1575990087821,0,10/12/2019 15:01:27,11864,3,questionnaire-q9ns,,3506960,BLIND,991943,,complete,,5defae20113451000b0052f4,computer,Desktop or Laptop,Mac OS 10.13.6,Safari 11.1.2,1440x900,1440x839,,Hybrid sequence instructions,1,No,BEGIN QUESTIONNAIRE,
2,1575990158406,10/12/2019 15:02:38,1575990158227,0,10/12/2019 15:02:38,11864,3,questionnaire-q9ns,,3506960,BLIND,991943,,complete,,5defae20113451000b0052f4,computer,Desktop or Laptop,Mac OS 10.13.6,Safari 11.1.2,1440x900,1440x839,,Hybrid sequence instructions,1,No,END QUESTIONNAIRE,70406
1,1575990051262,10/12/2019 15:00:51,1575990050991,0,10/12/2019 15:00:50,11864,3,questionnaire-q9ns,,3506945,BLIND,991979,,complete,,5defb0eecf944e000ae1ed51,computer,Desktop or Laptop,Windows 7,Chrome 71.0.3578.98,1344x840,742x458,,Hybrid sequence instructions,1,No,BEGIN QUESTIONNAIRE,
2,1575990063234,10/12/2019 15:01:03,1575990063064,0,10/12/2019 15:01:03,11864,3,questionnaire-q9ns,,3506945,BLIND,991979,,complete,,5defb0eecf944e000ae1ed51,computer,Desktop or Laptop,Windows 7,Chrome 71.0.3578.98,1344x840,724x458,,Hybrid sequence instructions,1,No,END QUESTIONNAIRE,12072
1,1575990042404,10/12/2019 15:00:42,1575990041718,0,10/12/2019 15:00:41,11864,3,questionnaire-q9ns,,3506940,BLIND,991908,,complete,,5defad29b75698000f435cdf,computer,Desktop or Laptop,Windows 10,Chrome 78.0.3904.108,1920x1080,1920x975,,Hybrid sequence instructions,1,No,BEGIN QUESTIONNAIRE,
2,1575990047662,10/12/2019 15:00:47,1575990047036,0,10/12/2019 15:00:47,11864,3,questionnaire-q9ns,,3506940,BLIND,991908,,complete,,5defad29b75698000f435cdf,computer,Desktop or Laptop,Windows 10,Chrome 78.0.3904.108,1920x1080,1920x975,,Hybrid sequence instructions,1,No,END QUESTIONNAIRE,5318
1,1575990013567,10/12/2019 15:00:13,1575990013056,0,10/12/2019 15:00:13,11864,3,questionnaire-q9ns,,3506926,BLIND,991944,,complete,,5defaf701683d4000c775c3b,computer,Desktop or Laptop,Linux x86_64,Chrome 78.0.3904.108,780x360,980x383,,Hybrid sequence instructions,1,No,BEGIN QUESTIONNAIRE,
2,1575990033002,10/12/2019 15:00:33,1575990032608,0,10/12/2019 15:00:32,11864,3,questionnaire-q9ns,,3506926,BLIND,991944,,complete,,5defaf701683d4000c775c3b,computer,Desktop or Laptop,Linux x86_64,Chrome 78.0.3904.108,360x780,980x1788,,Hybrid sequence instructions,1,No,END QUESTIONNAIRE,19553
1,1575989995438,10/12/2019 14:59:55,1575989997753,0,10/12/2019 14:59:57,11864,3,questionnaire-q9ns,,3506919,BLIND,991942,,complete,,5defaf74237082000e99e34c,computer,Desktop or Laptop,Windows 10,Edge 18.17763,1699x956,1699x805,,Hybrid sequence instructions,1,No,BEGIN QUESTIONNAIRE,
2,1575990008578,10/12/2019 15:00:08,1575990010899,0,10/12/2019 15:00:10,11864,3,questionnaire-q9ns,,3506919,BLIND,991942,,complete,,5defaf74237082000e99e34c,computer,Desktop or Laptop,Windows 10,Edge 18.17763,1699x956,1699x805,,Hybrid sequence instructions,1,No,END QUESTIONNAIRE,13146
1,1575989955990,10/12/2019 14:59:15,1575989957155,0,10/12/2019 14:59:17,11864,3,questionnaire-q9ns,,3506903,BLIND,991952,,complete,,5defaffdfcb612000a6775f1,computer,Desktop or Laptop,Windows 10,Chrome 78.0.3904.108,1920x1080,1920x969,,Hybrid sequence instructions,1,No,BEGIN QUESTIONNAIRE,
2,1575989985335,10/12/2019 14:59:45,1575989986568,0,10/12/2019 14:59:46,11864,3,questionnaire-q9ns,,3506903,BLIND,991952,,complete,,5defaffdfcb612000a6775f1,computer,Desktop or Laptop,Windows 10,Chrome 78.0.3904.108,1920x1080,1920x969,,Hybrid sequence instructions,1,No,END QUESTIONNAIRE,29413
1,1575989906208,10/12/2019 14:58:26,1575989906035,0,10/12/2019 14:58:26,11864,3,questionnaire-q9ns,,3506886,BLIND,991941,,complete,,5defaf4b9296ba000d7f0461,computer,Desktop or Laptop,Windows 10,Edge 18.18362,1745x982,1745x879,,Hybrid sequence instructions,1,No,BEGIN QUESTIONNAIRE,
2,1575989948005,10/12/2019 14:59:08,1575989947852,0,10/12/2019 14:59:07,11864,3,questionnaire-q9ns,,3506886,BLIND,991941,,complete,,5defaf4b9296ba000d7f0461,computer,Desktop or Laptop,Windows 10,Edge 18.18362,1745x982,1745x879,,Hybrid sequence instructions,1,No,END QUESTIONNAIRE,41817
1,1575989872524,10/12/2019 14:57:52,1575989872414,0,10/12/2019 14:57:52,11864,3,questionnaire-q9ns,,3506871,BLIND,991953,,complete,,5defb00ab41fdb000ca6d652,computer,Desktop or Laptop,Linux x86_64,Chrome 78.0.3904.108,892x412,980x370,,Hybrid sequence instructions,1,No,BEGIN QUESTIONNAIRE,
2,1575989913254,10/12/2019 14:58:33,1575989913155,0,10/12/2019 14:58:33,11864,3,questionnaire-q9ns,,3506871,BLIND,991953,,complete,,5defb00ab41fdb000ca6d652,computer,Desktop or Laptop,Linux x86_64,Chrome 78.0.3904.108,892x412,980x370,,Hybrid sequence instructions,1,No,END QUESTIONNAIRE,40741
1,1575989866664,10/12/2019 14:57:46,1575989866481,0,10/12/2019 14:57:46,11864,3,questionnaire-q9ns,,3506866,BLIND,991950,,complete,,5defafdecf944e000ae1ed49,computer,Desktop or Laptop,Windows 10,Edge 18.18362,2048x1152,2048x1002,,Hybrid sequence instructions,1,No,BEGIN QUESTIONNAIRE,
2,1575989881060,10/12/2019 14:58:01,1575989880918,0,10/12/2019 14:58:00,11864,3,questionnaire-q9ns,,3506866,BLIND,991950,,complete,,5defafdecf944e000ae1ed49,computer,Desktop or Laptop,Windows 10,Edge 18.18362,2048x1152,2048x1002,,Hybrid sequence instructions,1,No,END QUESTIONNAIRE,14437
1,1575989837348,10/12/2019 14:57:17,1575989837896,0,10/12/2019 14:57:17,11864,3,questionnaire-q9ns,,3506852,BLIND,991938,,complete,,5defaf1da2d343000a010f50,computer,Desktop or Laptop,Windows 10,Chrome 78.0.3904.108,1920x1080,1361x937,,Hybrid sequence instructions,1,No,BEGIN QUESTIONNAIRE,
2,1575989864210,10/12/2019 14:57:44,1575989864811,0,10/12/2019 14:57:44,11864,3,questionnaire-q9ns,,3506852,BLIND,991938,,complete,,5defaf1da2d343000a010f50,computer,Desktop or Laptop,Windows 10,Chrome 78.0.3904.108,1920x1080,1361x937,,Hybrid sequence instructions,1,No,END QUESTIONNAIRE,26915
1,1575989702147,10/12/2019 14:55:02,1575989701964,0,10/12/2019 14:55:01,11864,3,questionnaire-q9ns,,3506799,BLIND,991922,,complete,,5defae1cc026d6000b27f503,computer,Desktop or Laptop,Windows 10,Edge 18.18362,1368x912,1368x799,,Hybrid sequence instructions,1,No,BEGIN QUESTIONNAIRE,
2,1575989789774,10/12/2019 14:56:29,1575989789533,0,10/12/2019 14:56:29,11864,3,questionnaire-q9ns,,3506799,BLIND,991922,,complete,,5defae1cc026d6000b27f503,computer,Desktop or Laptop,Windows 10,Edge 18.18362,1368x912,1368x799,,Hybrid sequence instructions,1,No,END QUESTIONNAIRE,87569
1,1575989679959,10/12/2019 14:54:39,1575989679499,0,10/12/2019 14:54:39,11864,3,questionnaire-q9ns,,3506798,BLIND,991903,,complete,,5defac7ef9a01d000b8350fb,computer,Desktop or Laptop,Windows 10,Firefox 71.0,1920x1080,1920x966,,Hybrid sequence instructions,1,No,BEGIN QUESTIONNAIRE,
2,1575989737258,10/12/2019 14:55:37,1575989736844,0,10/12/2019 14:55:36,11864,3,questionnaire-q9ns,,3506798,BLIND,991903,,complete,,5defac7ef9a01d000b8350fb,computer,Desktop or Laptop,Windows 10,Firefox 71.0,1920x1080,1920x966,,Hybrid sequence instructions,1,No,END QUESTIONNAIRE,57345
1,1575989555090,10/12/2019 14:52:35,1575989554355,0,10/12/2019 14:52:34,11864,3,questionnaire-q9ns,,3506752,BLIND,991920,,complete,,5defadf7d7457d000bd6408e,computer,Desktop or Laptop,Windows 10,Edge 18.18362,1366x768,1366x655,,Hybrid sequence instructions,1,No,BEGIN QUESTIONNAIRE,
2,1575989556403,10/12/2019 14:52:36,1575989555729,0,10/12/2019 14:52:35,11864,3,questionnaire-q9ns,,3506752,BLIND,991920,,complete,,5defadf7d7457d000bd6408e,computer,Desktop or Laptop,Windows 10,Edge 18.18362,1366x768,1350x655,,Hybrid sequence instructions,1,No,END QUESTIONNAIRE,1374
1,1575989543361,10/12/2019 14:52:23,1575989542959,0,10/12/2019 14:52:22,11864,3,questionnaire-q9ns,,3506747,BLIND,991923,,complete,,5defae22193325000e926b63,computer,Desktop or Laptop,Windows 10,Edge 18.17763,2021x1137,2021x984,,Hybrid sequence instructions,1,No,BEGIN QUESTIONNAIRE,
2,1575989563219,10/12/2019 14:52:43,1575989562807,0,10/12/2019 14:52:42,11864,3,questionnaire-q9ns,,3506747,BLIND,991923,,complete,,5defae22193325000e926b63,computer,Desktop or Laptop,Windows 10,Edge 18.17763,2021x1137,2021x984,,Hybrid sequence instructions,1,No,END QUESTIONNAIRE,19848
1,1575989403749,10/12/2019 14:50:03,1575989402778,0,10/12/2019 14:50:02,11864,3,questionnaire-q9ns,,3506696,BLIND,991904,,complete,,5defac9070a801000d77507b,computer,Desktop or Laptop,Windows 10,Chrome 78.0.3904.108,1536x864,1536x722,,Hybrid sequence instructions,1,No,BEGIN QUESTIONNAIRE,
2,1575989426175,10/12/2019 14:50:26,1575989425252,0,10/12/2019 14:50:25,11864,3,questionnaire-q9ns,,3506696,BLIND,991904,,complete,,5defac9070a801000d77507b,computer,Desktop or Laptop,Windows 10,Chrome 78.0.3904.108,1536x864,1536x722,,Hybrid sequence instructions,1,No,END QUESTIONNAIRE,22474
1,1575994612263,10/12/2019 16:16:52,1575994622472,0,10/12/2019 16:17:02,11864,3,questionnaire-q9ns,,3508161,BLIND,992311,,complete,,5defbd92064700000ca97c5d,computer,Desktop or Laptop,Windows 10,Chrome 78.0.3904.108,1600x900,1778x841,,Hybrid sequence instructions,1,No,BEGIN QUESTIONNAIRE,
2,1575994634302,10/12/2019 16:17:14,1575994644447,0,10/12/2019 16:17:24,11864,3,questionnaire-q9ns,,3508161,BLIND,992311,,complete,,5defbd92064700000ca97c5d,computer,Desktop or Laptop,Windows 10,Chrome 78.0.3904.108,1600x900,1778x841,,Hybrid sequence instructions,1,No,END QUESTIONNAIRE,21975
1,1575991589526,10/12/2019 15:26:29,1575991591728,0,10/12/2019 15:26:31,11864,3,questionnaire-q9ns,,3507326,BLIND,992007,,complete,,5defb1dbc1479d000f3622a8,computer,Desktop or Laptop,Windows 10,Chrome 78.0.3904.108,1360x768,1360x625,,Hybrid sequence instructions,1,No,BEGIN QUESTIONNAIRE,
2,1575991609530,10/12/2019 15:26:49,1575991611782,0,10/12/2019 15:26:51,11864,3,questionnaire-q9ns,,3507326,BLIND,992007,,complete,,5defb1dbc1479d000f3622a8,computer,Desktop or Laptop,Windows 10,Chrome 78.0.3904.108,1360x768,1343x625,,Hybrid sequence instructions,1,No,END QUESTIONNAIRE,20054
1,1575991563243,10/12/2019 15:26:03,1575991566590,0,10/12/2019 15:26:06,11864,3,questionnaire-q9ns,,3507316,BLIND,992059,,complete,,5defb15bc1479d000d4a0154,computer,Desktop or Laptop,Windows 10,Chrome 78.0.3904.108,1366x768,1366x625,,Hybrid sequence instructions,1,No,BEGIN QUESTIONNAIRE,
2,1575991604483,10/12/2019 15:26:44,1575991607694,0,10/12/2019 15:26:47,11864,3,questionnaire-q9ns,,3507316,BLIND,992059,,complete,,5defb15bc1479d000d4a0154,computer,Desktop or Laptop,Windows 10,Chrome 78.0.3904.108,1366x768,1349x625,,Hybrid sequence instructions,1,No,END QUESTIONNAIRE,41104
END OF FILE
