﻿Event Index,UTC Timestamp,UTC Date,Local Timestamp,Local Timezone,Local Date,Experiment ID,Experiment Version,Tree Node Key,Repeat Key,Schedule ID,Participant Public ID,Participant Private ID,Participant Starting Group,Participant Status,Participant Completion Code,Participant External Session ID,Participant Device Type,Participant Device,Participant OS,Participant Browser,Participant Monitor Size,Participant Viewport Size,Checkpoint,Task Name,Task Version,randomiser-qkdw,Randomise questionnaire elements?,Question Key,Response
1,1613996144606,22/02/2021 12:15:44,1613996145003,0,22/02/2021 12:15:45,27660,6,questionnaire-yhkg,,10250290,5f40d6c251a8cd21d01b6f40,3117638,,complete,,6033a0178b173106a50e6808,computer,Desktop or Laptop,Windows 10,Chrome 88.0.4324.182,1536x864,1536x722,,Bruno sequence instructions,6,8,No,BEGIN QUESTIONNAIRE,
2,1613996208310,22/02/2021 12:16:48,1613996208758,0,22/02/2021 12:16:48,27660,6,questionnaire-yhkg,,10250290,5f40d6c251a8cd21d01b6f40,3117638,,complete,,6033a0178b173106a50e6808,computer,Desktop or Laptop,Windows 10,Chrome 88.0.4324.182,1536x864,1519x722,,Bruno sequence instructions,6,8,No,END QUESTIONNAIRE,63755
1,1613996307309,22/02/2021 12:18:27,1613996306588,0,22/02/2021 12:18:26,27660,6,questionnaire-yhkg,,10250494,5f57440d249dd21bde5c2f33,3117709,,complete,,6033a0aa42fdd7059cbbcefd,computer,Desktop or Laptop,Windows 10,Chrome 88.0.4324.182,1920x1080,1920x969,,Bruno sequence instructions,6,6,No,BEGIN QUESTIONNAIRE,
2,1613996340422,22/02/2021 12:19:00,1613996339764,0,22/02/2021 12:18:59,27660,6,questionnaire-yhkg,,10250494,5f57440d249dd21bde5c2f33,3117709,,complete,,6033a0aa42fdd7059cbbcefd,computer,Desktop or Laptop,Windows 10,Chrome 88.0.4324.182,1920x1080,1920x969,,Bruno sequence instructions,6,6,No,END QUESTIONNAIRE,33176
1,1613996309280,22/02/2021 12:18:29,1613996309146,0,22/02/2021 12:18:29,27660,6,questionnaire-yhkg,,10250498,5ffed99b5991d45ce2eb9e7a,3117710,,complete,,6033a0cc3573d8069227d309,computer,Desktop or Laptop,Mac OS 10.15.6,Safari 14.0.3,1440x900,1436x743,,Bruno sequence instructions,6,1,No,BEGIN QUESTIONNAIRE,
2,1613996489764,22/02/2021 12:21:29,1613996489536,0,22/02/2021 12:21:29,27660,6,questionnaire-yhkg,,10250498,5ffed99b5991d45ce2eb9e7a,3117710,,complete,,6033a0cc3573d8069227d309,computer,Desktop or Laptop,Mac OS 10.15.6,Safari 14.0.3,1440x900,1436x743,,Bruno sequence instructions,6,1,No,END QUESTIONNAIRE,180390
1,1613996455725,22/02/2021 12:20:55,1613996454077,0,22/02/2021 12:20:54,27660,6,questionnaire-yhkg,,10250625,56addda15ea7aa000bbdfbd1,3117705,,complete,,6033a09df5e554025f2bdf9c,computer,Desktop or Laptop,Windows 10,Edge 88.0.705.74,1366x768,1366x657,,Bruno sequence instructions,6,4,No,BEGIN QUESTIONNAIRE,
2,1613996460314,22/02/2021 12:21:00,1613996458795,0,22/02/2021 12:20:58,27660,6,questionnaire-yhkg,,10250625,56addda15ea7aa000bbdfbd1,3117705,,complete,,6033a09df5e554025f2bdf9c,computer,Desktop or Laptop,Windows 10,Edge 88.0.705.74,1366x768,1349x657,,Bruno sequence instructions,6,4,No,END QUESTIONNAIRE,4719
1,1613996478085,22/02/2021 12:21:18,1613996478920,0,22/02/2021 12:21:18,27660,6,questionnaire-yhkg,,10250649,5f4c7374a08b21894247cff1,3117742,,complete,,6033a14dfbf97c025c1c8b6d,computer,Desktop or Laptop,Windows 10,Chrome 88.0.4324.182,1536x864,1536x722,,Bruno sequence instructions,6,6,No,BEGIN QUESTIONNAIRE,
2,1613996529990,22/02/2021 12:22:09,1613996530828,0,22/02/2021 12:22:10,27660,6,questionnaire-yhkg,,10250649,5f4c7374a08b21894247cff1,3117742,,complete,,6033a14dfbf97c025c1c8b6d,computer,Desktop or Laptop,Windows 10,Chrome 88.0.4324.182,1536x864,1519x722,,Bruno sequence instructions,6,6,No,END QUESTIONNAIRE,51907
1,1613996490781,22/02/2021 12:21:30,1613996490024,0,22/02/2021 12:21:30,27660,6,questionnaire-yhkg,,10250660,5e5652d65fc74e000e67e60c,3117749,,complete,,6033a16dc567f60717c28204,computer,Desktop or Laptop,Windows 10,Chrome 88.0.4324.182,1475x830,1475x688,,Bruno sequence instructions,6,6,No,BEGIN QUESTIONNAIRE,
2,1613996553765,22/02/2021 12:22:33,1613996553048,0,22/02/2021 12:22:33,27660,6,questionnaire-yhkg,,10250660,5e5652d65fc74e000e67e60c,3117749,,complete,,6033a16dc567f60717c28204,computer,Desktop or Laptop,Windows 10,Chrome 88.0.4324.182,1475x830,1458x688,,Bruno sequence instructions,6,6,No,END QUESTIONNAIRE,63024
1,1613996514380,22/02/2021 12:21:54,1613996514183,0,22/02/2021 12:21:54,27660,6,questionnaire-yhkg,,10250681,5b44c7064b119f00014406b7,3117752,,complete,,6033a173b6bcf30688956977,computer,Desktop or Laptop,Mac OS 11.2.0,Chrome 88.0.4324.150,1440x900,1440x789,,Bruno sequence instructions,6,2,No,BEGIN QUESTIONNAIRE,
2,1613996594275,22/02/2021 12:23:14,1613996594109,0,22/02/2021 12:23:14,27660,6,questionnaire-yhkg,,10250681,5b44c7064b119f00014406b7,3117752,,complete,,6033a173b6bcf30688956977,computer,Desktop or Laptop,Mac OS 11.2.0,Chrome 88.0.4324.150,1440x900,1440x789,,Bruno sequence instructions,6,2,No,END QUESTIONNAIRE,79926
1,1613996525158,22/02/2021 12:22:05,1613996525073,0,22/02/2021 12:22:05,27660,6,questionnaire-yhkg,,10250687,60329b5b733e6a29a50a5823,3117764,,complete,,6033a15dccb01901e30f2bb8,computer,Desktop or Laptop,Mac OS 10.15.6,Chrome 88.0.4324.182,1440x900,1440x789,,Bruno sequence instructions,6,2,No,BEGIN QUESTIONNAIRE,
2,1613996574529,22/02/2021 12:22:54,1613996574471,0,22/02/2021 12:22:54,27660,6,questionnaire-yhkg,,10250687,60329b5b733e6a29a50a5823,3117764,,complete,,6033a15dccb01901e30f2bb8,computer,Desktop or Laptop,Mac OS 10.15.6,Chrome 88.0.4324.182,1440x900,1440x789,,Bruno sequence instructions,6,2,No,END QUESTIONNAIRE,49398
1,1613996526705,22/02/2021 12:22:06,1613996525829,0,22/02/2021 12:22:05,27660,6,questionnaire-yhkg,,10250689,5fedceffd92c4a85444b51e8,3117761,,complete,,6033a1403535c00712ff8069,computer,Desktop or Laptop,Windows 10,Chrome 88.0.4324.182,1504x1003,751x882,,Bruno sequence instructions,6,7,No,BEGIN QUESTIONNAIRE,
2,1613996538609,22/02/2021 12:22:18,1613996537773,0,22/02/2021 12:22:17,27660,6,questionnaire-yhkg,,10250689,5fedceffd92c4a85444b51e8,3117761,,complete,,6033a1403535c00712ff8069,computer,Desktop or Laptop,Windows 10,Chrome 88.0.4324.182,1504x1003,751x882,,Bruno sequence instructions,6,7,No,END QUESTIONNAIRE,11944
1,1613996532352,22/02/2021 12:22:12,1613996532208,0,22/02/2021 12:22:12,27660,6,questionnaire-yhkg,,10250695,5e7ccfa299b9e632ad4aec7a,3117760,,complete,,6033a192829aae070b377a66,computer,Desktop or Laptop,Mac OS 10.11.6,Safari 11.1.2,1440x900,821x739,,Bruno sequence instructions,6,6,No,BEGIN QUESTIONNAIRE,
2,1613996608371,22/02/2021 12:23:28,1613996608160,0,22/02/2021 12:23:28,27660,6,questionnaire-yhkg,,10250695,5e7ccfa299b9e632ad4aec7a,3117760,,complete,,6033a192829aae070b377a66,computer,Desktop or Laptop,Mac OS 10.11.6,Safari 11.1.2,1440x900,821x739,,Bruno sequence instructions,6,6,No,END QUESTIONNAIRE,75953
1,1613996574698,22/02/2021 12:22:54,1613996520686,0,22/02/2021 12:22:00,27660,6,questionnaire-yhkg,,10250738,562d2199733ea0000a162a20,3117775,,complete,,6033a1ea9992d7061bdfa668,computer,Desktop or Laptop,Windows 10,Firefox 85.0,1920x1080,1920x978,,Bruno sequence instructions,6,4,No,BEGIN QUESTIONNAIRE,
2,1613996603104,22/02/2021 12:23:23,1613996549121,0,22/02/2021 12:22:29,27660,6,questionnaire-yhkg,,10250738,562d2199733ea0000a162a20,3117775,,complete,,6033a1ea9992d7061bdfa668,computer,Desktop or Laptop,Windows 10,Firefox 85.0,1920x1080,1920x978,,Bruno sequence instructions,6,4,No,END QUESTIONNAIRE,28435
1,1613996642393,22/02/2021 12:24:02,1613996647805,0,22/02/2021 12:24:07,27660,6,questionnaire-yhkg,,10250782,56e86055ed2575000bef2609,3117793,,complete,,6033a234748fae0266780eb4,computer,Desktop or Laptop,Windows 10,Chrome 88.0.4324.182,1920x1080,1920x969,,Bruno sequence instructions,6,10,No,BEGIN QUESTIONNAIRE,
2,1613996685071,22/02/2021 12:24:45,1613996690514,0,22/02/2021 12:24:50,27660,6,questionnaire-yhkg,,10250782,56e86055ed2575000bef2609,3117793,,complete,,6033a234748fae0266780eb4,computer,Desktop or Laptop,Windows 10,Chrome 88.0.4324.182,1920x1080,1920x969,,Bruno sequence instructions,6,10,No,END QUESTIONNAIRE,42709
1,1613996749942,22/02/2021 12:25:49,1613996749867,0,22/02/2021 12:25:49,27660,6,questionnaire-yhkg,,10250901,5bdc4a3b0f86a60001be614a,3117830,,complete,,6033a28a2c955e068bce6748,computer,Desktop or Laptop,Windows 10,Opera 74.0.3911.107,1536x864,1496x754,,Bruno sequence instructions,6,8,No,BEGIN QUESTIONNAIRE,
2,1613996808694,22/02/2021 12:26:48,1613996808654,0,22/02/2021 12:26:48,27660,6,questionnaire-yhkg,,10250901,5bdc4a3b0f86a60001be614a,3117830,,complete,,6033a28a2c955e068bce6748,computer,Desktop or Laptop,Windows 10,Opera 74.0.3911.107,1536x864,1482x754,,Bruno sequence instructions,6,8,No,END QUESTIONNAIRE,58787
1,1613996757448,22/02/2021 12:25:57,1613996757755,0,22/02/2021 12:25:57,27660,6,questionnaire-yhkg,,10250907,5d59b203f693040016b7712f,3117846,,complete,,6033a280ad8b6e06bbb67b97,computer,Desktop or Laptop,Windows 10,Chrome 88.0.4324.182,1642x1095,1642x994,,Bruno sequence instructions,6,9,No,BEGIN QUESTIONNAIRE,
2,1613996784520,22/02/2021 12:26:24,1613996784663,0,22/02/2021 12:26:24,27660,6,questionnaire-yhkg,,10250907,5d59b203f693040016b7712f,3117846,,complete,,6033a280ad8b6e06bbb67b97,computer,Desktop or Laptop,Windows 10,Chrome 88.0.4324.182,1642x1095,1642x994,,Bruno sequence instructions,6,9,No,END QUESTIONNAIRE,26907
1,1613996758792,22/02/2021 12:25:58,1613996759681,0,22/02/2021 12:25:59,27660,6,questionnaire-yhkg,,10250909,5def9b0387ca66000c862e36,3117828,,complete,,6033a213f3a89b05cfea3924,computer,Desktop or Laptop,Windows 10,Chrome 88.0.4324.150,1368x912,1368x802,,Bruno sequence instructions,6,7,No,BEGIN QUESTIONNAIRE,
2,1613996800837,22/02/2021 12:26:40,1613996801327,0,22/02/2021 12:26:41,27660,6,questionnaire-yhkg,,10250909,5def9b0387ca66000c862e36,3117828,,complete,,6033a213f3a89b05cfea3924,computer,Desktop or Laptop,Windows 10,Chrome 88.0.4324.150,1368x912,1351x802,,Bruno sequence instructions,6,7,No,END QUESTIONNAIRE,41646
1,1613996780618,22/02/2021 12:26:20,1613996895447,0,22/02/2021 12:28:15,27660,6,questionnaire-yhkg,,10250926,5fe17809e9df3d40704848a0,3117840,,complete,,6033a2966f4192053281f6bf,computer,Desktop or Laptop,Windows 10,Chrome 88.0.4324.182,1366x768,1366x625,,Bruno sequence instructions,6,7,No,BEGIN QUESTIONNAIRE,
2,1613996857323,22/02/2021 12:27:37,1613996972141,0,22/02/2021 12:29:32,27660,6,questionnaire-yhkg,,10250926,5fe17809e9df3d40704848a0,3117840,,complete,,6033a2966f4192053281f6bf,computer,Desktop or Laptop,Windows 10,Chrome 88.0.4324.182,1366x768,1349x625,,Bruno sequence instructions,6,7,No,END QUESTIONNAIRE,76694
1,1613996801003,22/02/2021 12:26:41,1613996801354,0,22/02/2021 12:26:41,27660,6,questionnaire-yhkg,,10250957,5936f42fb549310001abae97,3117821,,complete,,6033a27dc567f606a35b5e3d,computer,Desktop or Laptop,Windows 10,Chrome 88.0.4324.182,1280x720,1280x578,,Bruno sequence instructions,6,4,No,BEGIN QUESTIONNAIRE,
2,1613996926909,22/02/2021 12:28:46,1613996927281,0,22/02/2021 12:28:47,27660,6,questionnaire-yhkg,,10250957,5936f42fb549310001abae97,3117821,,complete,,6033a27dc567f606a35b5e3d,computer,Desktop or Laptop,Windows 10,Chrome 88.0.4324.182,1280x720,1263x578,,Bruno sequence instructions,6,4,No,END QUESTIONNAIRE,125927
1,1613996802269,22/02/2021 12:26:42,1613996802183,0,22/02/2021 12:26:42,27660,6,questionnaire-yhkg,,10250959,5fe21892cb429d5351fe7b67,3117853,,complete,,6033a2da7944c3053e2650a5,computer,Desktop or Laptop,Windows 10,Chrome 88.0.4324.182,1920x1080,1920x969,,Bruno sequence instructions,6,2,No,BEGIN QUESTIONNAIRE,
2,1613996954481,22/02/2021 12:29:14,1613996954385,0,22/02/2021 12:29:14,27660,6,questionnaire-yhkg,,10250959,5fe21892cb429d5351fe7b67,3117853,,complete,,6033a2da7944c3053e2650a5,computer,Desktop or Laptop,Windows 10,Chrome 88.0.4324.182,1920x1080,1920x969,,Bruno sequence instructions,6,2,No,END QUESTIONNAIRE,152202
1,1613996813251,22/02/2021 12:26:53,1613996812163,0,22/02/2021 12:26:52,27660,6,questionnaire-yhkg,,10250969,5ddc37fc0605ebbb311ced36,3117851,,complete,,6033a297259f3e0717e22513,computer,Desktop or Laptop,Linux x86_64,Chrome 88.0.4324.181,412x732,980x1322,,Bruno sequence instructions,6,8,No,BEGIN QUESTIONNAIRE,
2,1613996843266,22/02/2021 12:27:23,1613996842251,0,22/02/2021 12:27:22,27660,6,questionnaire-yhkg,,10250969,5ddc37fc0605ebbb311ced36,3117851,,complete,,6033a297259f3e0717e22513,computer,Desktop or Laptop,Linux x86_64,Chrome 88.0.4324.181,412x732,980x1322,,Bruno sequence instructions,6,8,No,END QUESTIONNAIRE,30088
1,1613996841541,22/02/2021 12:27:21,1613996840669,0,22/02/2021 12:27:20,27660,6,questionnaire-yhkg,,10250987,5e19b24b2bf9512392d6dd90,3117852,,complete,,6033a2c8ba0bc807103d7685,computer,Desktop or Laptop,Windows 10,Chrome 88.0.4324.182,1366x768,1366x625,,Bruno sequence instructions,6,4,No,BEGIN QUESTIONNAIRE,
2,1613996889690,22/02/2021 12:28:09,1613996888852,0,22/02/2021 12:28:08,27660,6,questionnaire-yhkg,,10250987,5e19b24b2bf9512392d6dd90,3117852,,complete,,6033a2c8ba0bc807103d7685,computer,Desktop or Laptop,Windows 10,Chrome 88.0.4324.182,1366x768,1349x625,,Bruno sequence instructions,6,4,No,END QUESTIONNAIRE,48183
1,1613996849122,22/02/2021 12:27:29,1613996849027,0,22/02/2021 12:27:29,27660,6,questionnaire-yhkg,,10250995,5f63200376dee328ac929c62,3117844,,complete,,6033a29c44141b0705eace4f,computer,Desktop or Laptop,Windows 10,Chrome 88.0.4324.150,1280x720,1280x587,,Bruno sequence instructions,6,1,No,BEGIN QUESTIONNAIRE,
2,1613996965256,22/02/2021 12:29:25,1613996965179,0,22/02/2021 12:29:25,27660,6,questionnaire-yhkg,,10250995,5f63200376dee328ac929c62,3117844,,complete,,6033a29c44141b0705eace4f,computer,Desktop or Laptop,Windows 10,Chrome 88.0.4324.150,1280x720,1263x587,,Bruno sequence instructions,6,1,No,END QUESTIONNAIRE,116152
1,1613996893832,22/02/2021 12:28:13,1613996893378,0,22/02/2021 12:28:13,27660,6,questionnaire-yhkg,,10251027,59ff9030ff266c0001d1f266,3117866,,complete,,6033a3153573d8069227d311,computer,Desktop or Laptop,Windows 10,Firefox 85.0,1920x1080,1920x966,,Bruno sequence instructions,6,6,No,BEGIN QUESTIONNAIRE,
2,1613996950385,22/02/2021 12:29:10,1613996949982,0,22/02/2021 12:29:09,27660,6,questionnaire-yhkg,,10251027,59ff9030ff266c0001d1f266,3117866,,complete,,6033a3153573d8069227d311,computer,Desktop or Laptop,Windows 10,Firefox 85.0,1920x1080,1920x966,,Bruno sequence instructions,6,6,No,END QUESTIONNAIRE,56604
1,1613996929839,22/02/2021 12:28:49,1613996929761,0,22/02/2021 12:28:49,27660,6,questionnaire-yhkg,,10251057,5be99ab40d9a9f0001e26581,3117862,,complete,,6033a2fa7944c305b73be348,computer,Desktop or Laptop,Mac OS 10.15.7,Chrome 88.0.4324.182,1280x800,903x556,,Bruno sequence instructions,6,8,No,BEGIN QUESTIONNAIRE,
2,1613997020764,22/02/2021 12:30:20,1613997020665,0,22/02/2021 12:30:20,27660,6,questionnaire-yhkg,,10251057,5be99ab40d9a9f0001e26581,3117862,,complete,,6033a2fa7944c305b73be348,computer,Desktop or Laptop,Mac OS 10.15.7,Chrome 88.0.4324.182,1280x800,903x556,,Bruno sequence instructions,6,8,No,END QUESTIONNAIRE,90904
1,1613996932639,22/02/2021 12:28:52,1613996931781,0,22/02/2021 12:28:51,27660,6,questionnaire-yhkg,,10251062,5ffd8240b2325f2c997c1a09,3117867,,complete,,6033a30c7228c707139bc746,computer,Desktop or Laptop,Windows 10,Firefox 85.0,1366x768,1366x598,,Bruno sequence instructions,6,9,No,BEGIN QUESTIONNAIRE,
2,1613997008691,22/02/2021 12:30:08,1613997007928,0,22/02/2021 12:30:07,27660,6,questionnaire-yhkg,,10251062,5ffd8240b2325f2c997c1a09,3117867,,complete,,6033a30c7228c707139bc746,computer,Desktop or Laptop,Windows 10,Firefox 85.0,1366x768,1349x598,,Bruno sequence instructions,6,9,No,END QUESTIONNAIRE,76148
1,1613996933443,22/02/2021 12:28:53,1613996933682,0,22/02/2021 12:28:53,27660,6,questionnaire-yhkg,,10251063,591efbd1ff8a030001e8e595,3117882,,complete,,6033a3593dbb18069daa7dd9,computer,Desktop or Laptop,Windows 10,Chrome 88.0.4324.182,1920x1080,1920x969,,Bruno sequence instructions,6,4,No,BEGIN QUESTIONNAIRE,
2,1613996951159,22/02/2021 12:29:11,1613996951426,0,22/02/2021 12:29:11,27660,6,questionnaire-yhkg,,10251063,591efbd1ff8a030001e8e595,3117882,,complete,,6033a3593dbb18069daa7dd9,computer,Desktop or Laptop,Windows 10,Chrome 88.0.4324.182,1920x1080,1920x969,,Bruno sequence instructions,6,4,No,END QUESTIONNAIRE,17744
1,1613996935818,22/02/2021 12:28:55,1613996935849,0,22/02/2021 12:28:55,27660,6,questionnaire-yhkg,,10251066,5b866820840b7500017a6fa8,3117872,,complete,,6033a33c5f3e6c07254417cb,computer,Desktop or Laptop,Windows 10,Chrome 88.0.4324.182,1280x720,1280x578,,Bruno sequence instructions,6,7,No,BEGIN QUESTIONNAIRE,
2,1613996967927,22/02/2021 12:29:27,1613996968004,0,22/02/2021 12:29:28,27660,6,questionnaire-yhkg,,10251066,5b866820840b7500017a6fa8,3117872,,complete,,6033a33c5f3e6c07254417cb,computer,Desktop or Laptop,Windows 10,Chrome 88.0.4324.182,1280x720,1263x578,,Bruno sequence instructions,6,7,No,END QUESTIONNAIRE,32155
1,1613996942421,22/02/2021 12:29:02,1613996968924,0,22/02/2021 12:29:28,27660,6,questionnaire-yhkg,,10251070,5bdb72fd2562330001b8ad80,3117868,,complete,,6033a30e0b194d072adecd63,computer,Desktop or Laptop,Windows 10,Chrome 88.0.4324.150,1366x768,1366x625,,Bruno sequence instructions,6,9,No,BEGIN QUESTIONNAIRE,
2,1613997018998,22/02/2021 12:30:18,1613997045529,0,22/02/2021 12:30:45,27660,6,questionnaire-yhkg,,10251070,5bdb72fd2562330001b8ad80,3117868,,complete,,6033a30e0b194d072adecd63,computer,Desktop or Laptop,Windows 10,Chrome 88.0.4324.150,1366x768,1349x625,,Bruno sequence instructions,6,9,No,END QUESTIONNAIRE,76605
1,1613996968069,22/02/2021 12:29:28,1613996968007,0,22/02/2021 12:29:28,27660,6,questionnaire-yhkg,,10251095,5cbed6e9b9536a001662a2d5,3117879,,complete,,6033a35be82e9e0178f59700,computer,Desktop or Laptop,Mac OS 10.15.7,Chrome 88.0.4324.182,2560x1440,1753x1254,,Bruno sequence instructions,6,8,No,BEGIN QUESTIONNAIRE,
2,1613997033645,22/02/2021 12:30:33,1613997033573,0,22/02/2021 12:30:33,27660,6,questionnaire-yhkg,,10251095,5cbed6e9b9536a001662a2d5,3117879,,complete,,6033a35be82e9e0178f59700,computer,Desktop or Laptop,Mac OS 10.15.7,Chrome 88.0.4324.182,2560x1440,1753x1254,,Bruno sequence instructions,6,8,No,END QUESTIONNAIRE,65566
1,1613996969040,22/02/2021 12:29:29,1613996968981,0,22/02/2021 12:29:28,27660,6,questionnaire-yhkg,,10251097,5f59474b24e0da17fa655ba5,3117873,,complete,,6033a3447944c304c653527a,computer,Desktop or Laptop,Mac OS 10.15.7,Safari 14.0,1440x900,710x837,,Bruno sequence instructions,6,7,No,BEGIN QUESTIONNAIRE,
2,1613997013351,22/02/2021 12:30:13,1613997013291,0,22/02/2021 12:30:13,27660,6,questionnaire-yhkg,,10251097,5f59474b24e0da17fa655ba5,3117873,,complete,,6033a3447944c304c653527a,computer,Desktop or Laptop,Mac OS 10.15.7,Safari 14.0,1440x900,710x837,,Bruno sequence instructions,6,7,No,END QUESTIONNAIRE,44310
1,1613996975353,22/02/2021 12:29:35,1613996975639,0,22/02/2021 12:29:35,27660,6,questionnaire-yhkg,,10251101,5cc5a2c5974731000119eafc,3117883,,complete,,6033a36551fba7071da1a67d,computer,Desktop or Laptop,Windows 10,Chrome 78.0.3904.108,1366x768,1366x657,,Bruno sequence instructions,6,2,No,BEGIN QUESTIONNAIRE,
2,1613996989503,22/02/2021 12:29:49,1613996989762,0,22/02/2021 12:29:49,27660,6,questionnaire-yhkg,,10251101,5cc5a2c5974731000119eafc,3117883,,complete,,6033a36551fba7071da1a67d,computer,Desktop or Laptop,Windows 10,Chrome 78.0.3904.108,1366x768,1349x657,,Bruno sequence instructions,6,2,No,END QUESTIONNAIRE,14123
1,1613996976378,22/02/2021 12:29:36,1613996973782,0,22/02/2021 12:29:33,27660,6,questionnaire-yhkg,,10251103,5edfc2644280d62da10b4add,3117887,,complete,,6033a36afb39ce01f38b934e,computer,Desktop or Laptop,Windows 10,Firefox 85.0,2560x1440,2560x1336,,Bruno sequence instructions,6,5,No,BEGIN QUESTIONNAIRE,
2,1613997105511,22/02/2021 12:31:45,1613997102943,0,22/02/2021 12:31:42,27660,6,questionnaire-yhkg,,10251103,5edfc2644280d62da10b4add,3117887,,complete,,6033a36afb39ce01f38b934e,computer,Desktop or Laptop,Windows 10,Firefox 85.0,2560x1440,2560x1336,,Bruno sequence instructions,6,5,No,END QUESTIONNAIRE,129161
1,1613996986853,22/02/2021 12:29:46,1613996986512,0,22/02/2021 12:29:46,27660,6,questionnaire-yhkg,,10251111,5b4b859e11d39e00017bc223,3117894,,complete,,6033a392706a1f0540fd67fc,computer,Desktop or Laptop,Windows 10,Chrome 88.0.4324.182,1280x720,1280x616,,Bruno sequence instructions,6,10,No,BEGIN QUESTIONNAIRE,
2,1613997044464,22/02/2021 12:30:44,1613997044113,0,22/02/2021 12:30:44,27660,6,questionnaire-yhkg,,10251111,5b4b859e11d39e00017bc223,3117894,,complete,,6033a392706a1f0540fd67fc,computer,Desktop or Laptop,Windows 10,Chrome 88.0.4324.182,1280x720,1263x616,,Bruno sequence instructions,6,10,No,END QUESTIONNAIRE,57600
1,1613996989970,22/02/2021 12:29:49,1613996989877,0,22/02/2021 12:29:49,27660,6,questionnaire-yhkg,,10251114,5d7a7bc3c542b0001940a895,3117896,,complete,,6033a39016d308026076c9fa,computer,Desktop or Laptop,Mac OS 10.14.1,Chrome 88.0.4324.150,1440x900,1440x725,,Bruno sequence instructions,6,1,No,BEGIN QUESTIONNAIRE,
2,1613997021971,22/02/2021 12:30:21,1613997021915,0,22/02/2021 12:30:21,27660,6,questionnaire-yhkg,,10251114,5d7a7bc3c542b0001940a895,3117896,,complete,,6033a39016d308026076c9fa,computer,Desktop or Laptop,Mac OS 10.14.1,Chrome 88.0.4324.150,1440x900,1440x725,,Bruno sequence instructions,6,1,No,END QUESTIONNAIRE,32038
1,1613997003954,22/02/2021 12:30:03,1613996996378,0,22/02/2021 12:29:56,27660,6,questionnaire-yhkg,,10251121,59f392ef9618dc0001d33a58,3117889,,complete,,6033a382df9711079e3f3cae,computer,Desktop or Laptop,Windows 10,Chrome 88.0.4324.182,1366x768,1366x625,,Bruno sequence instructions,6,9,No,BEGIN QUESTIONNAIRE,
2,1613997047304,22/02/2021 12:30:47,1613997039764,0,22/02/2021 12:30:39,27660,6,questionnaire-yhkg,,10251121,59f392ef9618dc0001d33a58,3117889,,complete,,6033a382df9711079e3f3cae,computer,Desktop or Laptop,Windows 10,Chrome 88.0.4324.182,1366x768,1349x625,,Bruno sequence instructions,6,9,No,END QUESTIONNAIRE,43386
1,1613997004236,22/02/2021 12:30:04,1613997004128,0,22/02/2021 12:30:04,27660,6,questionnaire-yhkg,,10251122,6013cd1bd282ae2a46d61d80,3117890,,complete,,6033a355f8af73078ed64877,computer,Desktop or Laptop,Mac OS 11.2.1,Chrome 88.0.4324.182,1440x900,1345x688,,Bruno sequence instructions,6,5,No,BEGIN QUESTIONNAIRE,
2,1613997123691,22/02/2021 12:32:03,1613997123579,0,22/02/2021 12:32:03,27660,6,questionnaire-yhkg,,10251122,6013cd1bd282ae2a46d61d80,3117890,,complete,,6033a355f8af73078ed64877,computer,Desktop or Laptop,Mac OS 11.2.1,Chrome 88.0.4324.182,1440x900,1345x688,,Bruno sequence instructions,6,5,No,END QUESTIONNAIRE,119451
1,1613997010828,22/02/2021 12:30:10,1613997012030,0,22/02/2021 12:30:12,27660,6,questionnaire-yhkg,,10251125,5586015efdf99b4204044ae1,3117891,,complete,,6033a381baf1830549293d91,computer,Desktop or Laptop,Windows 10,Firefox 85.0,1920x1080,1908x904,,Bruno sequence instructions,6,3,No,BEGIN QUESTIONNAIRE,
2,1613997133873,22/02/2021 12:32:13,1613997135099,0,22/02/2021 12:32:15,27660,6,questionnaire-yhkg,,10251125,5586015efdf99b4204044ae1,3117891,,complete,,6033a381baf1830549293d91,computer,Desktop or Laptop,Windows 10,Firefox 85.0,1920x1080,1891x904,,Bruno sequence instructions,6,3,No,END QUESTIONNAIRE,123069
1,1613997042262,22/02/2021 12:30:42,1613997041960,0,22/02/2021 12:30:41,27660,6,questionnaire-yhkg,,10251162,5ff8d29682b5cd18838085c9,3117875,,complete,,6033a352afd6b5071ff0b73b,computer,Desktop or Laptop,Windows 10,Chrome 88.0.4324.182,1536x864,1536x722,,Bruno sequence instructions,6,10,No,BEGIN QUESTIONNAIRE,
2,1613997050164,22/02/2021 12:30:50,1613997049921,0,22/02/2021 12:30:49,27660,6,questionnaire-yhkg,,10251162,5ff8d29682b5cd18838085c9,3117875,,complete,,6033a352afd6b5071ff0b73b,computer,Desktop or Laptop,Windows 10,Chrome 88.0.4324.182,1536x864,1519x722,,Bruno sequence instructions,6,10,No,END QUESTIONNAIRE,7961
1,1613997063541,22/02/2021 12:31:03,1613997063085,0,22/02/2021 12:31:03,27660,6,questionnaire-yhkg,,10251180,5bf033df5fc1db00013051a0,3117893,,complete,,6033a39368932607087e55fb,computer,Desktop or Laptop,Windows 10,Chrome 88.0.4324.182,1536x864,1707x838,,Bruno sequence instructions,6,1,No,BEGIN QUESTIONNAIRE,
2,1613997136281,22/02/2021 12:32:16,1613997135668,0,22/02/2021 12:32:15,27660,6,questionnaire-yhkg,,10251180,5bf033df5fc1db00013051a0,3117893,,complete,,6033a39368932607087e55fb,computer,Desktop or Laptop,Windows 10,Chrome 88.0.4324.182,1536x864,1688x838,,Bruno sequence instructions,6,1,No,END QUESTIONNAIRE,72583
1,1613997082969,22/02/2021 12:31:22,1613997081849,0,22/02/2021 12:31:21,27660,6,questionnaire-yhkg,,10251192,5fc8d5fc2df6ff2b36ae9edc,3117885,,complete,,6033a36e1b87ed078bf03d83,computer,Desktop or Laptop,Windows 10,Edge 88.0.705.74,1920x1080,1920x969,,Bruno sequence instructions,6,3,No,BEGIN QUESTIONNAIRE,
2,1613997203655,22/02/2021 12:33:23,1613997202581,0,22/02/2021 12:33:22,27660,6,questionnaire-yhkg,,10251192,5fc8d5fc2df6ff2b36ae9edc,3117885,,complete,,6033a36e1b87ed078bf03d83,computer,Desktop or Laptop,Windows 10,Edge 88.0.705.74,1920x1080,1920x969,,Bruno sequence instructions,6,3,No,END QUESTIONNAIRE,120732
1,1613997103028,22/02/2021 12:31:43,1613997102266,0,22/02/2021 12:31:42,27660,6,questionnaire-yhkg,,10251206,5e808eb795fdc17626bcc164,3117906,,complete,,6033a37e436d9f06941add43,computer,Desktop or Laptop,Windows 10,Chrome 88.0.4324.182,1280x720,1280x578,,Bruno sequence instructions,6,9,No,BEGIN QUESTIONNAIRE,
2,1613997141997,22/02/2021 12:32:21,1613997141312,0,22/02/2021 12:32:21,27660,6,questionnaire-yhkg,,10251206,5e808eb795fdc17626bcc164,3117906,,complete,,6033a37e436d9f06941add43,computer,Desktop or Laptop,Windows 10,Chrome 88.0.4324.182,1280x720,1263x578,,Bruno sequence instructions,6,9,No,END QUESTIONNAIRE,39046
1,1613997222653,22/02/2021 12:33:42,1613997223001,0,22/02/2021 12:33:43,27660,6,questionnaire-yhkg,,10251277,57d0db6cf7bcd90001cd47bc,3117913,,complete,,6033a3e9b95a380696155397,computer,Desktop or Laptop,Windows 10,Chrome 88.0.4324.182,1536x864,1536x722,,Bruno sequence instructions,6,5,No,BEGIN QUESTIONNAIRE,
2,1613997275412,22/02/2021 12:34:35,1613997275754,0,22/02/2021 12:34:35,27660,6,questionnaire-yhkg,,10251277,57d0db6cf7bcd90001cd47bc,3117913,,complete,,6033a3e9b95a380696155397,computer,Desktop or Laptop,Windows 10,Chrome 88.0.4324.182,1536x864,1519x722,,Bruno sequence instructions,6,5,No,END QUESTIONNAIRE,52753
1,1613997303318,22/02/2021 12:35:03,1613997305519,0,22/02/2021 12:35:05,27660,6,questionnaire-yhkg,,10251337,5d89435aa8e8120018a4e202,3117803,,complete,,6033a25831d8c0016b890d9d,computer,Desktop or Laptop,Windows 10,Chrome 88.0.4324.150,1366x768,1366x657,,Bruno sequence instructions,6,10,No,BEGIN QUESTIONNAIRE,
2,1613997612562,22/02/2021 12:40:12,1613997614688,0,22/02/2021 12:40:14,27660,6,questionnaire-yhkg,,10251337,5d89435aa8e8120018a4e202,3117803,,complete,,6033a25831d8c0016b890d9d,computer,Desktop or Laptop,Windows 10,Chrome 88.0.4324.150,1366x768,1349x657,,Bruno sequence instructions,6,10,No,END QUESTIONNAIRE,309169
1,1613997307667,22/02/2021 12:35:07,1613997307571,0,22/02/2021 12:35:07,27660,6,questionnaire-yhkg,,10251341,5f57d5ba7b28c22e8d0ebeb2,3117914,,complete,,6033a3f5b9c958070f5809b3,computer,Desktop or Laptop,Mac OS 10.14.6,Chrome 88.0.4324.182,1440x900,1440x732,,Bruno sequence instructions,6,3,No,BEGIN QUESTIONNAIRE,
2,1613997343084,22/02/2021 12:35:43,1613997343055,0,22/02/2021 12:35:43,27660,6,questionnaire-yhkg,,10251341,5f57d5ba7b28c22e8d0ebeb2,3117914,,complete,,6033a3f5b9c958070f5809b3,computer,Desktop or Laptop,Mac OS 10.14.6,Chrome 88.0.4324.182,1440x900,1440x732,,Bruno sequence instructions,6,3,No,END QUESTIONNAIRE,35484
1,1613997324215,22/02/2021 12:35:24,1613997313562,0,22/02/2021 12:35:13,27660,6,questionnaire-yhkg,,10251354,5c5b11eccca3390001196263,3117948,,complete,,6033a33b4d2aaa017ba1c0f7,computer,Desktop or Laptop,Windows 10,Chrome 88.0.4324.150,1280x720,1280x578,,Bruno sequence instructions,6,1,No,BEGIN QUESTIONNAIRE,
2,1613997420078,22/02/2021 12:37:00,1613997409401,0,22/02/2021 12:36:49,27660,6,questionnaire-yhkg,,10251354,5c5b11eccca3390001196263,3117948,,complete,,6033a33b4d2aaa017ba1c0f7,computer,Desktop or Laptop,Windows 10,Chrome 88.0.4324.150,1280x720,1263x578,,Bruno sequence instructions,6,1,No,END QUESTIONNAIRE,95839
1,1613997375201,22/02/2021 12:36:15,1613997376457,0,22/02/2021 12:36:16,27660,6,questionnaire-yhkg,,10251376,59a817a969b7e70001fe5d38,3117960,,complete,,6033a388bb4f7f0697b6ac6f,computer,Desktop or Laptop,Windows 10,Chrome 88.0.4324.182,2560x1440,1639x1212,,Bruno sequence instructions,6,3,No,BEGIN QUESTIONNAIRE,
2,1613997415413,22/02/2021 12:36:55,1613997416747,0,22/02/2021 12:36:56,27660,6,questionnaire-yhkg,,10251376,59a817a969b7e70001fe5d38,3117960,,complete,,6033a388bb4f7f0697b6ac6f,computer,Desktop or Laptop,Windows 10,Chrome 88.0.4324.182,2560x1440,1639x1212,,Bruno sequence instructions,6,3,No,END QUESTIONNAIRE,40290
1,1613997510280,22/02/2021 12:38:30,1613997509387,0,22/02/2021 12:38:29,27660,6,questionnaire-yhkg,,10251441,5edfa521bf391228b2b06a80,3117981,,complete,,6033a104de90b505b5abfc1e,computer,Desktop or Laptop,Chromium OS 13597.84.0,Chrome 88.0.4324.153,1536x864,1536x762,,Bruno sequence instructions,6,10,No,BEGIN QUESTIONNAIRE,
2,1613997532723,22/02/2021 12:38:52,1613997531865,0,22/02/2021 12:38:51,27660,6,questionnaire-yhkg,,10251441,5edfa521bf391228b2b06a80,3117981,,complete,,6033a104de90b505b5abfc1e,computer,Desktop or Laptop,Chromium OS 13597.84.0,Chrome 88.0.4324.153,1536x864,1536x762,,Bruno sequence instructions,6,10,No,END QUESTIONNAIRE,22478
1,1613997603296,22/02/2021 12:40:03,1613997632597,0,22/02/2021 12:40:32,27660,6,questionnaire-yhkg,,10251486,5ebb26c872b18c0f47c14bb4,3118006,,complete,,6033a5f5243dc4071a88887b,computer,Desktop or Laptop,Windows 10,Firefox 85.0,1920x1080,1454x902,,Bruno sequence instructions,6,5,No,BEGIN QUESTIONNAIRE,
2,1613997666797,22/02/2021 12:41:06,1613997696151,0,22/02/2021 12:41:36,27660,6,questionnaire-yhkg,,10251486,5ebb26c872b18c0f47c14bb4,3118006,,complete,,6033a5f5243dc4071a88887b,computer,Desktop or Laptop,Windows 10,Firefox 85.0,1920x1080,1437x902,,Bruno sequence instructions,6,5,No,END QUESTIONNAIRE,63554
1,1613997841046,22/02/2021 12:44:01,1613997842577,0,22/02/2021 12:44:02,27660,6,questionnaire-yhkg,,10251636,5e0791aaf87bca10992b82b2,3118040,,complete,,6033a5eb1735a106a3ca70b1,computer,Desktop or Laptop,Windows 10,Chrome 88.0.4324.182,1920x1080,1920x970,,Bruno sequence instructions,6,2,No,BEGIN QUESTIONNAIRE,
2,1613997907921,22/02/2021 12:45:07,1613997909488,0,22/02/2021 12:45:09,27660,6,questionnaire-yhkg,,10251636,5e0791aaf87bca10992b82b2,3118040,,complete,,6033a5eb1735a106a3ca70b1,computer,Desktop or Laptop,Windows 10,Chrome 88.0.4324.182,1920x1080,1920x970,,Bruno sequence instructions,6,2,No,END QUESTIONNAIRE,66911
1,1613997890965,22/02/2021 12:44:50,1613997891382,0,22/02/2021 12:44:51,27660,6,questionnaire-yhkg,,10251670,5e0152e073d724d1e63b7adc,3117899,,complete,,6033a3799278a10701b305ed,computer,Desktop or Laptop,Windows 10,Chrome 88.0.4324.182,1536x864,1536x722,,Bruno sequence instructions,6,3,No,BEGIN QUESTIONNAIRE,
2,1613998023609,22/02/2021 12:47:03,1613998024047,0,22/02/2021 12:47:04,27660,6,questionnaire-yhkg,,10251670,5e0152e073d724d1e63b7adc,3117899,,complete,,6033a3799278a10701b305ed,computer,Desktop or Laptop,Windows 10,Chrome 88.0.4324.182,1536x864,1519x722,,Bruno sequence instructions,6,3,No,END QUESTIONNAIRE,132665
1,1614000673492,22/02/2021 13:31:13,1614000672502,0,22/02/2021 13:31:12,27660,6,questionnaire-yhkg,,10253133,5f09bfb33ca84208fcdfdf8c,3118612,,complete,,6033b1e45da37a095609ee62,computer,Desktop or Laptop,Mac OS 10.11.6,Chrome 88.0.4324.182,1280x800,1280x628,,Bruno sequence instructions,6,5,No,BEGIN QUESTIONNAIRE,
2,1614000720205,22/02/2021 13:32:00,1614000719286,0,22/02/2021 13:31:59,27660,6,questionnaire-yhkg,,10253133,5f09bfb33ca84208fcdfdf8c,3118612,,complete,,6033b1e45da37a095609ee62,computer,Desktop or Laptop,Mac OS 10.11.6,Chrome 88.0.4324.182,1280x800,1280x628,,Bruno sequence instructions,6,5,No,END QUESTIONNAIRE,46783
END OF FILE
