﻿Event Index,UTC Timestamp,UTC Date,Local Timestamp,Local Timezone,Local Date,Experiment ID,Experiment Version,Tree Node Key,Repeat Key,Schedule ID,Participant Public ID,Participant Private ID,Participant Starting Group,Participant Status,Participant Completion Code,Participant External Session ID,Participant Device Type,Participant Device,Participant OS,Participant Browser,Participant Monitor Size,Participant Viewport Size,Checkpoint,Task Name,Task Version,randomiser-qkdw,Randomise questionnaire elements?,Question Key,Response
1,1614175220238,24/02/2021 14:00:20,1614175220136,0,24/02/2021 14:00:20,37649,6,questionnaire-yhkg,,10328607,6018376e79cca904d3047935,3142435,,complete,,60365ba40d7c0b9e288fe7e2,computer,Desktop or Laptop,Mac OS 10.14.6,Safari 14.0,1440x900,1440x837,,Hybrid 5: Bruno sequence instructions,7,2,No,BEGIN QUESTIONNAIRE,
2,1614175232177,24/02/2021 14:00:32,1614175232118,0,24/02/2021 14:00:32,37649,6,questionnaire-yhkg,,10328607,6018376e79cca904d3047935,3142435,,complete,,60365ba40d7c0b9e288fe7e2,computer,Desktop or Laptop,Mac OS 10.14.6,Safari 14.0,1440x900,1440x837,,Hybrid 5: Bruno sequence instructions,7,2,No,END QUESTIONNAIRE,11982
1,1614175293130,24/02/2021 14:01:33,1614175292879,0,24/02/2021 14:01:32,37649,6,questionnaire-yhkg,,10328648,6035633ae82ebd374f2c34ea,3142447,,complete,,60365bad19fcad0be9d6c521,computer,Desktop or Laptop,Windows 8.1,Chrome 87.0.4280.141,1366x768,1366x625,,Hybrid 5: Bruno sequence instructions,7,8,No,BEGIN QUESTIONNAIRE,
2,1614175324944,24/02/2021 14:02:04,1614175324716,0,24/02/2021 14:02:04,37649,6,questionnaire-yhkg,,10328648,6035633ae82ebd374f2c34ea,3142447,,complete,,60365bad19fcad0be9d6c521,computer,Desktop or Laptop,Windows 8.1,Chrome 87.0.4280.141,1366x768,1349x625,,Hybrid 5: Bruno sequence instructions,7,8,No,END QUESTIONNAIRE,31837
1,1614175319169,24/02/2021 14:01:59,1614175319052,0,24/02/2021 14:01:59,37649,6,questionnaire-yhkg,,10328668,5a399375a324900001af02b8,3142449,,complete,,60365c09ebe7997489b02809,computer,Desktop or Laptop,Mac OS 11.0.1,Chrome 88.0.4324.182,2560x1440,2061x1214,,Hybrid 5: Bruno sequence instructions,7,3,No,BEGIN QUESTIONNAIRE,
2,1614175378047,24/02/2021 14:02:58,1614175377879,0,24/02/2021 14:02:57,37649,6,questionnaire-yhkg,,10328668,5a399375a324900001af02b8,3142449,,complete,,60365c09ebe7997489b02809,computer,Desktop or Laptop,Mac OS 11.0.1,Chrome 88.0.4324.182,2560x1440,2061x1214,,Hybrid 5: Bruno sequence instructions,7,3,No,END QUESTIONNAIRE,58827
1,1614175430169,24/02/2021 14:03:50,1614175430087,0,24/02/2021 14:03:50,37649,6,questionnaire-yhkg,,10328744,5fdd41f18f62103a10548222,3142474,,complete,,60365bb977fa7f13b1fc341b,computer,Desktop or Laptop,Mac OS 10.15.7,Safari 14.0.2,1440x900,1187x837,,Hybrid 5: Bruno sequence instructions,7,8,No,BEGIN QUESTIONNAIRE,
2,1614175471306,24/02/2021 14:04:31,1614175471244,0,24/02/2021 14:04:31,37649,6,questionnaire-yhkg,,10328744,5fdd41f18f62103a10548222,3142474,,complete,,60365bb977fa7f13b1fc341b,computer,Desktop or Laptop,Mac OS 10.15.7,Safari 14.0.2,1440x900,1187x837,,Hybrid 5: Bruno sequence instructions,7,8,No,END QUESTIONNAIRE,41157
1,1614175463020,24/02/2021 14:04:23,1614175464636,0,24/02/2021 14:04:24,37649,6,questionnaire-yhkg,,10328764,5c36415362073c000166c847,3142476,,complete,,60365c760d7c0b9e288fe7e7,computer,Desktop or Laptop,Windows 10,Chrome 88.0.4324.182,1366x768,1366x657,,Hybrid 5: Bruno sequence instructions,7,8,No,BEGIN QUESTIONNAIRE,
2,1614175558781,24/02/2021 14:05:58,1614175560436,0,24/02/2021 14:06:00,37649,6,questionnaire-yhkg,,10328764,5c36415362073c000166c847,3142476,,complete,,60365c760d7c0b9e288fe7e7,computer,Desktop or Laptop,Windows 10,Chrome 88.0.4324.182,1366x768,1349x657,,Hybrid 5: Bruno sequence instructions,7,8,No,END QUESTIONNAIRE,95800
1,1614175585065,24/02/2021 14:06:25,1614175584947,0,24/02/2021 14:06:24,37649,6,questionnaire-yhkg,,10328845,5f5838df29a3af3ae52d939e,3142511,,complete,,60365d0be8f1deea01ed4f63,computer,Desktop or Laptop,Windows 10,Chrome 88.0.4324.182,1366x768,1366x625,,Hybrid 5: Bruno sequence instructions,7,9,No,BEGIN QUESTIONNAIRE,
2,1614175599815,24/02/2021 14:06:39,1614175599823,0,24/02/2021 14:06:39,37649,6,questionnaire-yhkg,,10328845,5f5838df29a3af3ae52d939e,3142511,,complete,,60365d0be8f1deea01ed4f63,computer,Desktop or Laptop,Windows 10,Chrome 88.0.4324.182,1366x768,1349x625,,Hybrid 5: Bruno sequence instructions,7,9,No,END QUESTIONNAIRE,14876
1,1614175631096,24/02/2021 14:07:11,1614175630996,0,24/02/2021 14:07:10,37649,6,questionnaire-yhkg,,10328888,5db8a4f15f7e1a000a20d09c,3142501,,complete,,60365cdd287f2ff1ae80be6f,computer,Desktop or Laptop,Ubuntu undefined,Firefox 84.0,1440x900,1440x826,,Hybrid 5: Bruno sequence instructions,7,9,No,BEGIN QUESTIONNAIRE,
2,1614175678825,24/02/2021 14:07:58,1614175678796,0,24/02/2021 14:07:58,37649,6,questionnaire-yhkg,,10328888,5db8a4f15f7e1a000a20d09c,3142501,,complete,,60365cdd287f2ff1ae80be6f,computer,Desktop or Laptop,Ubuntu undefined,Firefox 84.0,1440x900,1428x826,,Hybrid 5: Bruno sequence instructions,7,9,No,END QUESTIONNAIRE,47800
1,1614175663645,24/02/2021 14:07:43,1614175655775,0,24/02/2021 14:07:35,37649,6,questionnaire-yhkg,,10328913,5ec9467ffa4c5344b984b758,3142522,,complete,,60365cdd26b978e6d7aba376,computer,Desktop or Laptop,Windows 10,Edge 88.0.705.74,1280x720,1280x610,,Hybrid 5: Bruno sequence instructions,7,2,No,BEGIN QUESTIONNAIRE,
2,1614175709626,24/02/2021 14:08:29,1614175701043,0,24/02/2021 14:08:21,37649,6,questionnaire-yhkg,,10328913,5ec9467ffa4c5344b984b758,3142522,,complete,,60365cdd26b978e6d7aba376,computer,Desktop or Laptop,Windows 10,Edge 88.0.705.74,1280x720,1263x610,,Hybrid 5: Bruno sequence instructions,7,2,No,END QUESTIONNAIRE,45268
1,1614175667335,24/02/2021 14:07:47,1614175665637,0,24/02/2021 14:07:45,37649,6,questionnaire-yhkg,,10328918,5f0465ac0be6d56b2e03ff6a,3142514,,complete,,60365ce9fadda35202afcf6f,computer,Desktop or Laptop,Windows 10,Chrome 88.0.4324.190,1366x768,1366x625,,Hybrid 5: Bruno sequence instructions,7,7,No,BEGIN QUESTIONNAIRE,
2,1614175777838,24/02/2021 14:09:37,1614175776176,0,24/02/2021 14:09:36,37649,6,questionnaire-yhkg,,10328918,5f0465ac0be6d56b2e03ff6a,3142514,,complete,,60365ce9fadda35202afcf6f,computer,Desktop or Laptop,Windows 10,Chrome 88.0.4324.190,1366x768,1349x625,,Hybrid 5: Bruno sequence instructions,7,7,No,END QUESTIONNAIRE,110539
1,1614175672327,24/02/2021 14:07:52,1614175674794,0,24/02/2021 14:07:54,37649,6,questionnaire-yhkg,,10328924,5c6c3d9ef9a2ce00015b2077,3142537,,complete,,60365d824395ef62544ad52d,computer,Desktop or Laptop,Windows 10,Chrome 88.0.4324.150,1280x720,1280x610,,Hybrid 5: Bruno sequence instructions,7,1,No,BEGIN QUESTIONNAIRE,
2,1614175744441,24/02/2021 14:09:04,1614175746812,0,24/02/2021 14:09:06,37649,6,questionnaire-yhkg,,10328924,5c6c3d9ef9a2ce00015b2077,3142537,,complete,,60365d824395ef62544ad52d,computer,Desktop or Laptop,Windows 10,Chrome 88.0.4324.150,1280x720,1263x610,,Hybrid 5: Bruno sequence instructions,7,1,No,END QUESTIONNAIRE,72018
1,1614175704731,24/02/2021 14:08:24,1614175705242,0,24/02/2021 14:08:25,37649,6,questionnaire-yhkg,,10328945,5c740b36fbe8e70012a68f8c,3142545,,complete,,60365da19dca4523cc8fb6db,computer,Desktop or Laptop,Windows 10,Chrome 88.0.4324.182,1536x864,1536x754,,Hybrid 5: Bruno sequence instructions,7,9,No,BEGIN QUESTIONNAIRE,
2,1614175707657,24/02/2021 14:08:27,1614175708203,0,24/02/2021 14:08:28,37649,6,questionnaire-yhkg,,10328945,5c740b36fbe8e70012a68f8c,3142545,,complete,,60365da19dca4523cc8fb6db,computer,Desktop or Laptop,Windows 10,Chrome 88.0.4324.182,1536x864,1519x754,,Hybrid 5: Bruno sequence instructions,7,9,No,END QUESTIONNAIRE,2960
1,1614175739291,24/02/2021 14:08:59,1614175739222,0,24/02/2021 14:08:59,37649,6,questionnaire-yhkg,,10328969,5fdbbd6edfcbb9088651b723,3142546,,complete,,60365da452153453893356c4,computer,Desktop or Laptop,Mac OS 10.14.6,Safari 14.0.2,1440x900,1440x789,,Hybrid 5: Bruno sequence instructions,7,3,No,BEGIN QUESTIONNAIRE,
2,1614175767748,24/02/2021 14:09:27,1614175767679,0,24/02/2021 14:09:27,37649,6,questionnaire-yhkg,,10328969,5fdbbd6edfcbb9088651b723,3142546,,complete,,60365da452153453893356c4,computer,Desktop or Laptop,Mac OS 10.14.6,Safari 14.0.2,1440x900,1425x789,,Hybrid 5: Bruno sequence instructions,7,3,No,END QUESTIONNAIRE,28457
1,1614175792705,24/02/2021 14:09:52,1614175799580,0,24/02/2021 14:09:59,37649,6,questionnaire-yhkg,,10329009,5f280cc370354e08a8f2895c,3142553,,complete,,60365dc2f0de50be7360b541,computer,Desktop or Laptop,Windows 10,Edge 88.0.705.74,1366x768,1366x657,,Hybrid 5: Bruno sequence instructions,7,3,No,BEGIN QUESTIONNAIRE,
2,1614175874401,24/02/2021 14:11:14,1614175881351,0,24/02/2021 14:11:21,37649,6,questionnaire-yhkg,,10329009,5f280cc370354e08a8f2895c,3142553,,complete,,60365dc2f0de50be7360b541,computer,Desktop or Laptop,Windows 10,Edge 88.0.705.74,1366x768,1349x657,,Hybrid 5: Bruno sequence instructions,7,3,No,END QUESTIONNAIRE,81771
1,1614175800882,24/02/2021 14:10:00,1614175802119,0,24/02/2021 14:10:02,37649,6,questionnaire-yhkg,,10329017,5f0c3c5b698f5003040cc2e8,3142556,,complete,,60365dc6c666c368882f2919,computer,Desktop or Laptop,Windows 10,Chrome 88.0.4324.182,1280x720,1280x578,,Hybrid 5: Bruno sequence instructions,7,3,No,BEGIN QUESTIONNAIRE,
2,1614175897957,24/02/2021 14:11:37,1614175899203,0,24/02/2021 14:11:39,37649,6,questionnaire-yhkg,,10329017,5f0c3c5b698f5003040cc2e8,3142556,,complete,,60365dc6c666c368882f2919,computer,Desktop or Laptop,Windows 10,Chrome 88.0.4324.182,1280x720,1263x578,,Hybrid 5: Bruno sequence instructions,7,3,No,END QUESTIONNAIRE,97084
1,1614175848222,24/02/2021 14:10:48,1614175849098,0,24/02/2021 14:10:49,37649,6,questionnaire-yhkg,,10329055,5a97ed1d1eda410001364e94,3142565,,complete,,60365df955d885ee7f2ff836,computer,Desktop or Laptop,Windows 10,Chrome 88.0.4324.182,1536x864,1536x722,,Hybrid 5: Bruno sequence instructions,7,9,No,BEGIN QUESTIONNAIRE,
2,1614175901992,24/02/2021 14:11:41,1614175902913,0,24/02/2021 14:11:42,37649,6,questionnaire-yhkg,,10329055,5a97ed1d1eda410001364e94,3142565,,complete,,60365df955d885ee7f2ff836,computer,Desktop or Laptop,Windows 10,Chrome 88.0.4324.182,1536x864,1519x722,,Hybrid 5: Bruno sequence instructions,7,9,No,END QUESTIONNAIRE,53815
1,1614175880324,24/02/2021 14:11:20,1614175879303,0,24/02/2021 14:11:19,37649,6,questionnaire-yhkg,,10329086,5cc49d30ade4810018a94ca8,3142577,,complete,,60365e109be870b0d54abd93,computer,Desktop or Laptop,Windows 10,Firefox 85.0,1696x954,1696x798,,Hybrid 5: Bruno sequence instructions,7,6,No,BEGIN QUESTIONNAIRE,
2,1614175954802,24/02/2021 14:12:34,1614175953814,0,24/02/2021 14:12:33,37649,6,questionnaire-yhkg,,10329086,5cc49d30ade4810018a94ca8,3142577,,complete,,60365e109be870b0d54abd93,computer,Desktop or Laptop,Windows 10,Firefox 85.0,1696x954,1677x798,,Hybrid 5: Bruno sequence instructions,7,6,No,END QUESTIONNAIRE,74512
1,1614175891684,24/02/2021 14:11:31,1614175891515,0,24/02/2021 14:11:31,37649,6,questionnaire-yhkg,,10329096,5ec7974f7951951f0056bfef,3142590,,complete,,60365e523c7e8784ce8fc484,computer,Desktop or Laptop,Windows 10,Chrome 88.0.4324.150,1280x720,1280x578,,Hybrid 5: Bruno sequence instructions,7,9,No,BEGIN QUESTIONNAIRE,
2,1614175950215,24/02/2021 14:12:30,1614175950167,0,24/02/2021 14:12:30,37649,6,questionnaire-yhkg,,10329096,5ec7974f7951951f0056bfef,3142590,,complete,,60365e523c7e8784ce8fc484,computer,Desktop or Laptop,Windows 10,Chrome 88.0.4324.150,1280x720,1263x578,,Hybrid 5: Bruno sequence instructions,7,9,No,END QUESTIONNAIRE,58653
1,1614175920068,24/02/2021 14:12:00,1614175917075,0,24/02/2021 14:11:57,37649,6,questionnaire-yhkg,,10329125,5eaf28ac2b45fe0c7c128d77,3142596,,complete,,60365e0e358893c67fa6840c,computer,Desktop or Laptop,Windows 10,Chrome 88.0.4324.150,1366x768,1366x657,,Hybrid 5: Bruno sequence instructions,7,10,No,BEGIN QUESTIONNAIRE,
2,1614175950902,24/02/2021 14:12:30,1614175947950,0,24/02/2021 14:12:27,37649,6,questionnaire-yhkg,,10329125,5eaf28ac2b45fe0c7c128d77,3142596,,complete,,60365e0e358893c67fa6840c,computer,Desktop or Laptop,Windows 10,Chrome 88.0.4324.150,1366x768,1349x657,,Hybrid 5: Bruno sequence instructions,7,10,No,END QUESTIONNAIRE,30875
1,1614175947480,24/02/2021 14:12:27,1614175948533,0,24/02/2021 14:12:28,37649,6,questionnaire-yhkg,,10329139,590ac40eb180c90001e08998,3142603,,complete,,60365e91d02f6d26f1b9e970,computer,Desktop or Laptop,Windows 10,Chrome 88.0.4324.182,1280x1024,1280x913,,Hybrid 5: Bruno sequence instructions,7,3,No,BEGIN QUESTIONNAIRE,
2,1614175981255,24/02/2021 14:13:01,1614175982346,0,24/02/2021 14:13:02,37649,6,questionnaire-yhkg,,10329139,590ac40eb180c90001e08998,3142603,,complete,,60365e91d02f6d26f1b9e970,computer,Desktop or Laptop,Windows 10,Chrome 88.0.4324.182,1280x1024,1280x913,,Hybrid 5: Bruno sequence instructions,7,3,No,END QUESTIONNAIRE,33813
1,1614176009241,24/02/2021 14:13:29,1614176007664,0,24/02/2021 14:13:27,37649,6,questionnaire-yhkg,,10329186,560925acd7def20005b7362a,3142613,,complete,,60365e288e62da41d419e37d,computer,Desktop or Laptop,Windows 10,Edge 88.0.705.74,1536x864,1229x604,,Hybrid 5: Bruno sequence instructions,7,8,No,BEGIN QUESTIONNAIRE,
2,1614176136358,24/02/2021 14:15:36,1614176134804,0,24/02/2021 14:15:34,37649,6,questionnaire-yhkg,,10329186,560925acd7def20005b7362a,3142613,,complete,,60365e288e62da41d419e37d,computer,Desktop or Laptop,Windows 10,Edge 88.0.705.74,1536x864,1215x604,,Hybrid 5: Bruno sequence instructions,7,8,No,END QUESTIONNAIRE,127140
1,1614176034579,24/02/2021 14:13:54,1614176034444,0,24/02/2021 14:13:54,37649,6,questionnaire-yhkg,,10329206,5ff17d1bbbdf7f5b35a0b334,3142618,,complete,,60365e9a6a9248f88a18acd5,computer,Desktop or Laptop,Windows 10,Chrome 87.0.4280.66,1280x720,1280x610,,Hybrid 5: Bruno sequence instructions,7,7,No,BEGIN QUESTIONNAIRE,
2,1614176080381,24/02/2021 14:14:40,1614176080236,0,24/02/2021 14:14:40,37649,6,questionnaire-yhkg,,10329206,5ff17d1bbbdf7f5b35a0b334,3142618,,complete,,60365e9a6a9248f88a18acd5,computer,Desktop or Laptop,Windows 10,Chrome 87.0.4280.66,1280x720,1263x610,,Hybrid 5: Bruno sequence instructions,7,7,No,END QUESTIONNAIRE,45792
1,1614176042446,24/02/2021 14:14:02,1614176042787,0,24/02/2021 14:14:02,37649,6,questionnaire-yhkg,,10329215,5f37d53b4325e704644b2220,3142619,,complete,,60365ed8d8bc142c31ef3eff,computer,Desktop or Laptop,Windows 10,Edge 88.0.705.74,1920x1080,1920x921,,Hybrid 5: Bruno sequence instructions,7,10,No,BEGIN QUESTIONNAIRE,
2,1614176048562,24/02/2021 14:14:08,1614176048924,0,24/02/2021 14:14:08,37649,6,questionnaire-yhkg,,10329215,5f37d53b4325e704644b2220,3142619,,complete,,60365ed8d8bc142c31ef3eff,computer,Desktop or Laptop,Windows 10,Edge 88.0.705.74,1920x1080,1920x921,,Hybrid 5: Bruno sequence instructions,7,10,No,END QUESTIONNAIRE,6137
1,1614176048280,24/02/2021 14:14:08,1614176059398,0,24/02/2021 14:14:19,37649,6,questionnaire-yhkg,,10329220,5e96f67fa6526a01c71152f3,3142625,,complete,,60365ee2124f1cd1a308df2c,computer,Desktop or Laptop,Windows 10,Edge 88.0.705.74,1280x854,1280x743,,Hybrid 5: Bruno sequence instructions,7,2,No,BEGIN QUESTIONNAIRE,
2,1614176053138,24/02/2021 14:14:13,1614176064303,0,24/02/2021 14:14:24,37649,6,questionnaire-yhkg,,10329220,5e96f67fa6526a01c71152f3,3142625,,complete,,60365ee2124f1cd1a308df2c,computer,Desktop or Laptop,Windows 10,Edge 88.0.705.74,1280x854,1263x743,,Hybrid 5: Bruno sequence instructions,7,2,No,END QUESTIONNAIRE,4905
1,1614176075962,24/02/2021 14:14:35,1614176075852,0,24/02/2021 14:14:35,37649,6,questionnaire-yhkg,,10329239,6017247c1fcab593b0163a3f,3142624,,complete,,60365f01a197f22d28160d62,computer,Desktop or Laptop,Mac OS 10.13.6,Safari 13.1.2,1440x900,1440x812,,Hybrid 5: Bruno sequence instructions,7,6,No,BEGIN QUESTIONNAIRE,
2,1614176117164,24/02/2021 14:15:17,1614176117092,0,24/02/2021 14:15:17,37649,6,questionnaire-yhkg,,10329239,6017247c1fcab593b0163a3f,3142624,,complete,,60365f01a197f22d28160d62,computer,Desktop or Laptop,Mac OS 10.13.6,Safari 13.1.2,1440x900,1440x812,,Hybrid 5: Bruno sequence instructions,7,6,No,END QUESTIONNAIRE,41240
1,1614176076056,24/02/2021 14:14:36,1614176075311,0,24/02/2021 14:14:35,37649,6,questionnaire-yhkg,,10329240,5ea0c0c071dbf50bd270c612,3142615,,complete,,60365ec042caabd48580325b,computer,Desktop or Laptop,Windows 10,Chrome 88.0.4324.182,1680x1050,1680x939,,Hybrid 5: Bruno sequence instructions,7,8,No,BEGIN QUESTIONNAIRE,
2,1614176117570,24/02/2021 14:15:17,1614176116873,0,24/02/2021 14:15:16,37649,6,questionnaire-yhkg,,10329240,5ea0c0c071dbf50bd270c612,3142615,,complete,,60365ec042caabd48580325b,computer,Desktop or Laptop,Windows 10,Chrome 88.0.4324.182,1680x1050,1680x939,,Hybrid 5: Bruno sequence instructions,7,8,No,END QUESTIONNAIRE,41562
1,1614176084264,24/02/2021 14:14:44,1614176073571,0,24/02/2021 14:14:33,37649,6,questionnaire-yhkg,,10329248,60206fc293d94067727fe78b,3142616,,complete,,60365ed682340fea86e4a74d,computer,Desktop or Laptop,Windows 10,Chrome 88.0.4324.182,1920x1080,1084x959,,Hybrid 5: Bruno sequence instructions,7,5,No,BEGIN QUESTIONNAIRE,
2,1614176103041,24/02/2021 14:15:03,1614176092398,0,24/02/2021 14:14:52,37649,6,questionnaire-yhkg,,10329248,60206fc293d94067727fe78b,3142616,,complete,,60365ed682340fea86e4a74d,computer,Desktop or Laptop,Windows 10,Chrome 88.0.4324.182,1920x1080,1067x959,,Hybrid 5: Bruno sequence instructions,7,5,No,END QUESTIONNAIRE,18827
1,1614176091996,24/02/2021 14:14:51,1614176092554,0,24/02/2021 14:14:52,37649,6,questionnaire-yhkg,,10329255,5a7889d32a842c0001fc3cbe,3142637,,complete,,60365f3cc391045d1e4b3354,computer,Desktop or Laptop,Windows 10,Firefox 85.0,1920x1080,1920x938,,Hybrid 5: Bruno sequence instructions,7,2,No,BEGIN QUESTIONNAIRE,
2,1614176126639,24/02/2021 14:15:26,1614176127228,0,24/02/2021 14:15:27,37649,6,questionnaire-yhkg,,10329255,5a7889d32a842c0001fc3cbe,3142637,,complete,,60365f3cc391045d1e4b3354,computer,Desktop or Laptop,Windows 10,Firefox 85.0,1920x1080,1920x938,,Hybrid 5: Bruno sequence instructions,7,2,No,END QUESTIONNAIRE,34674
1,1614176095912,24/02/2021 14:14:55,1614176095797,0,24/02/2021 14:14:55,37649,6,questionnaire-yhkg,,10329260,600194314386bb0785f05e47,3142627,,complete,,60365eab1bb2051aaf92c6cd,computer,Desktop or Laptop,Mac OS 10.14.6,Safari 14.0.3,1680x1050,1238x858,,Hybrid 5: Bruno sequence instructions,7,5,No,BEGIN QUESTIONNAIRE,
2,1614176105521,24/02/2021 14:15:05,1614176105478,0,24/02/2021 14:15:05,37649,6,questionnaire-yhkg,,10329260,600194314386bb0785f05e47,3142627,,complete,,60365eab1bb2051aaf92c6cd,computer,Desktop or Laptop,Mac OS 10.14.6,Safari 14.0.3,1680x1050,1238x858,,Hybrid 5: Bruno sequence instructions,7,5,No,END QUESTIONNAIRE,9681
1,1614176109804,24/02/2021 14:15:09,1614176108234,0,24/02/2021 14:15:08,37649,6,questionnaire-yhkg,,10329270,592c3abc7d3b760001a287b7,3142628,,complete,,60365f0dbdd7d1724e515eb7,computer,Desktop or Laptop,Windows 10,Chrome 88.0.4324.182,1280x720,1280x578,,Hybrid 5: Bruno sequence instructions,7,4,No,BEGIN QUESTIONNAIRE,
2,1614176166632,24/02/2021 14:16:06,1614176165009,0,24/02/2021 14:16:05,37649,6,questionnaire-yhkg,,10329270,592c3abc7d3b760001a287b7,3142628,,complete,,60365f0dbdd7d1724e515eb7,computer,Desktop or Laptop,Windows 10,Chrome 88.0.4324.182,1280x720,1263x578,,Hybrid 5: Bruno sequence instructions,7,4,No,END QUESTIONNAIRE,56775
1,1614176129992,24/02/2021 14:15:29,1614176129917,0,24/02/2021 14:15:29,37649,6,questionnaire-yhkg,,10329303,5c7148997de1dd0001e31dd7,3142631,,complete,,60365f109f680d2f7a79f8e0,computer,Desktop or Laptop,Mac OS 10.15.5,Safari 13.1.1,1920x1080,1851x907,,Hybrid 5: Bruno sequence instructions,7,7,No,BEGIN QUESTIONNAIRE,
2,1614176205433,24/02/2021 14:16:45,1614176205378,0,24/02/2021 14:16:45,37649,6,questionnaire-yhkg,,10329303,5c7148997de1dd0001e31dd7,3142631,,complete,,60365f109f680d2f7a79f8e0,computer,Desktop or Laptop,Mac OS 10.15.5,Safari 13.1.1,1920x1080,1851x907,,Hybrid 5: Bruno sequence instructions,7,7,No,END QUESTIONNAIRE,75461
1,1614176183469,24/02/2021 14:16:23,1614176184008,0,24/02/2021 14:16:24,37649,6,questionnaire-yhkg,,10329348,56ab82d869b247000d5ccf0a,3142638,,complete,,60365f39f5ae7a8aee163cae,computer,Desktop or Laptop,Windows 10,Firefox 85.0,1920x1080,1920x966,,Hybrid 5: Bruno sequence instructions,7,2,No,BEGIN QUESTIONNAIRE,
2,1614176200237,24/02/2021 14:16:40,1614176200807,0,24/02/2021 14:16:40,37649,6,questionnaire-yhkg,,10329348,56ab82d869b247000d5ccf0a,3142638,,complete,,60365f39f5ae7a8aee163cae,computer,Desktop or Laptop,Windows 10,Firefox 85.0,1920x1080,1920x966,,Hybrid 5: Bruno sequence instructions,7,2,No,END QUESTIONNAIRE,16799
1,1614176205621,24/02/2021 14:16:45,1614176159731,0,24/02/2021 14:15:59,37649,6,questionnaire-yhkg,,10329378,5ef5b14f81670800087d5df1,3142644,,complete,,60365f6354ead971bee290a3,computer,Desktop or Laptop,Mac OS 10.14,Firefox 78.0,1440x900,1440x733,,Hybrid 5: Bruno sequence instructions,7,10,No,BEGIN QUESTIONNAIRE,
2,1614176286926,24/02/2021 14:18:06,1614176241080,0,24/02/2021 14:17:21,37649,6,questionnaire-yhkg,,10329378,5ef5b14f81670800087d5df1,3142644,,complete,,60365f6354ead971bee290a3,computer,Desktop or Laptop,Mac OS 10.14,Firefox 78.0,1440x900,1425x733,,Hybrid 5: Bruno sequence instructions,7,10,No,END QUESTIONNAIRE,81349
1,1614176211645,24/02/2021 14:16:51,1614176210316,0,24/02/2021 14:16:50,37649,6,questionnaire-yhkg,,10329384,578950e925cb7100012895cf,3142659,,complete,,60365fa18a969b263eddf27d,computer,Desktop or Laptop,Windows 10,Chrome 88.0.4324.182,1366x768,1366x657,,Hybrid 5: Bruno sequence instructions,7,1,No,BEGIN QUESTIONNAIRE,
2,1614176235743,24/02/2021 14:17:15,1614176234428,0,24/02/2021 14:17:14,37649,6,questionnaire-yhkg,,10329384,578950e925cb7100012895cf,3142659,,complete,,60365fa18a969b263eddf27d,computer,Desktop or Laptop,Windows 10,Chrome 88.0.4324.182,1366x768,1349x657,,Hybrid 5: Bruno sequence instructions,7,1,No,END QUESTIONNAIRE,24113
1,1614176223932,24/02/2021 14:17:03,1614176223863,0,24/02/2021 14:17:03,37649,6,questionnaire-yhkg,,10329388,601da1e1dc8ed915bfea84f0,3142655,,complete,,60365f7daf02b96faff76822,computer,Desktop or Laptop,Mac OS 10.15.7,Safari 14.0.2,1440x900,1440x837,,Hybrid 5: Bruno sequence instructions,7,5,No,BEGIN QUESTIONNAIRE,
2,1614176231102,24/02/2021 14:17:11,1614176230956,0,24/02/2021 14:17:10,37649,6,questionnaire-yhkg,,10329388,601da1e1dc8ed915bfea84f0,3142655,,complete,,60365f7daf02b96faff76822,computer,Desktop or Laptop,Mac OS 10.15.7,Safari 14.0.2,1440x900,1440x837,,Hybrid 5: Bruno sequence instructions,7,5,No,END QUESTIONNAIRE,7094
1,1614176263843,24/02/2021 14:17:43,1614176266673,0,24/02/2021 14:17:46,37649,6,questionnaire-yhkg,,10329414,5c3de9fedc2cf900019279e0,3142666,,complete,,60365fb4bdd7d1724e515ec4,computer,Desktop or Laptop,Windows 10,Chrome 88.0.4324.182,1366x768,1366x657,,Hybrid 5: Bruno sequence instructions,7,6,No,BEGIN QUESTIONNAIRE,
2,1614176273205,24/02/2021 14:17:53,1614176276006,0,24/02/2021 14:17:56,37649,6,questionnaire-yhkg,,10329414,5c3de9fedc2cf900019279e0,3142666,,complete,,60365fb4bdd7d1724e515ec4,computer,Desktop or Laptop,Windows 10,Chrome 88.0.4324.182,1366x768,1349x657,,Hybrid 5: Bruno sequence instructions,7,6,No,END QUESTIONNAIRE,9333
1,1614176298659,24/02/2021 14:18:18,1614176420592,0,24/02/2021 14:20:20,37649,6,questionnaire-yhkg,,10329446,6035086696252044859fb846,3142652,,complete,,60365f4e2e69bcf6d457e2d3,computer,Desktop or Laptop,Windows 10,Chrome 88.0.4324.190,1440x900,1440x757,,Hybrid 5: Bruno sequence instructions,7,6,No,BEGIN QUESTIONNAIRE,
2,1614176375670,24/02/2021 14:19:35,1614176497680,0,24/02/2021 14:21:37,37649,6,questionnaire-yhkg,,10329446,6035086696252044859fb846,3142652,,complete,,60365f4e2e69bcf6d457e2d3,computer,Desktop or Laptop,Windows 10,Chrome 88.0.4324.190,1440x900,1423x757,,Hybrid 5: Bruno sequence instructions,7,6,No,END QUESTIONNAIRE,77089
1,1614176304678,24/02/2021 14:18:24,1614176304576,0,24/02/2021 14:18:24,37649,6,questionnaire-yhkg,,10329452,592dd9d088f90100016724a3,3142682,,complete,,60365ff48955a25b4e311a62,computer,Desktop or Laptop,Windows 10,Chrome 88.0.4324.182,1536x864,1536x722,,Hybrid 5: Bruno sequence instructions,7,4,No,BEGIN QUESTIONNAIRE,
2,1614176399361,24/02/2021 14:19:59,1614176399206,0,24/02/2021 14:19:59,37649,6,questionnaire-yhkg,,10329452,592dd9d088f90100016724a3,3142682,,complete,,60365ff48955a25b4e311a62,computer,Desktop or Laptop,Windows 10,Chrome 88.0.4324.182,1536x864,1519x722,,Hybrid 5: Bruno sequence instructions,7,4,No,END QUESTIONNAIRE,94630
1,1614176310686,24/02/2021 14:18:30,1614176310222,0,24/02/2021 14:18:30,37649,6,questionnaire-yhkg,,10329456,5c7c4358d81ffd0016dffe5b,3142679,,complete,,60365ff65ec60d9287feaf59,computer,Desktop or Laptop,Mac OS 11.2.1,Chrome 88.0.4324.192,2048x1152,2048x931,,Hybrid 5: Bruno sequence instructions,7,4,No,BEGIN QUESTIONNAIRE,
2,1614176354249,24/02/2021 14:19:14,1614176353894,0,24/02/2021 14:19:13,37649,6,questionnaire-yhkg,,10329456,5c7c4358d81ffd0016dffe5b,3142679,,complete,,60365ff65ec60d9287feaf59,computer,Desktop or Laptop,Mac OS 11.2.1,Chrome 88.0.4324.192,2048x1152,2048x931,,Hybrid 5: Bruno sequence instructions,7,4,No,END QUESTIONNAIRE,43672
1,1614176319196,24/02/2021 14:18:39,1614176319050,0,24/02/2021 14:18:39,37649,6,questionnaire-yhkg,,10329468,5f2b34afa791235538133f1b,3142665,,complete,,60365fab4f25d156318c0240,computer,Desktop or Laptop,Mac OS 11.1.0,Chrome 88.0.4324.192,1440x900,1440x693,,Hybrid 5: Bruno sequence instructions,7,6,No,BEGIN QUESTIONNAIRE,
2,1614176380249,24/02/2021 14:19:40,1614176380196,0,24/02/2021 14:19:40,37649,6,questionnaire-yhkg,,10329468,5f2b34afa791235538133f1b,3142665,,complete,,60365fab4f25d156318c0240,computer,Desktop or Laptop,Mac OS 11.1.0,Chrome 88.0.4324.192,1440x900,1440x693,,Hybrid 5: Bruno sequence instructions,7,6,No,END QUESTIONNAIRE,61146
1,1614176327563,24/02/2021 14:18:47,1614176327619,0,24/02/2021 14:18:47,37649,6,questionnaire-yhkg,,10329477,5eeb32a9626ce72807fcf70f,3142683,,complete,,60366006e005e7919628b532,computer,Desktop or Laptop,Windows 10,Chrome 88.0.4324.182,1280x720,1280x578,,Hybrid 5: Bruno sequence instructions,7,7,No,BEGIN QUESTIONNAIRE,
2,1614176337544,24/02/2021 14:18:57,1614176337628,0,24/02/2021 14:18:57,37649,6,questionnaire-yhkg,,10329477,5eeb32a9626ce72807fcf70f,3142683,,complete,,60366006e005e7919628b532,computer,Desktop or Laptop,Windows 10,Chrome 88.0.4324.182,1280x720,1263x578,,Hybrid 5: Bruno sequence instructions,7,7,No,END QUESTIONNAIRE,10009
1,1614176334281,24/02/2021 14:18:54,1614176333241,0,24/02/2021 14:18:53,37649,6,questionnaire-yhkg,,10329484,5eaeb504b21d400009b756b9,3142678,,complete,,60365ff33501f02b9f42d1b1,computer,Desktop or Laptop,Windows 10,Chrome 88.0.4324.182,1280x720,1280x610,,Hybrid 5: Bruno sequence instructions,7,7,No,BEGIN QUESTIONNAIRE,
2,1614176388152,24/02/2021 14:19:48,1614176387190,0,24/02/2021 14:19:47,37649,6,questionnaire-yhkg,,10329484,5eaeb504b21d400009b756b9,3142678,,complete,,60365ff33501f02b9f42d1b1,computer,Desktop or Laptop,Windows 10,Chrome 88.0.4324.182,1280x720,1263x610,,Hybrid 5: Bruno sequence instructions,7,7,No,END QUESTIONNAIRE,53949
1,1614176361601,24/02/2021 14:19:21,1614176361532,0,24/02/2021 14:19:21,37649,6,questionnaire-yhkg,,10329503,5deff420033cd8051678667f,3142661,,complete,,60365f9fd64ac58aec023bad,computer,Desktop or Laptop,Linux x86_64,Chrome 88.0.4324.182,1920x1080,1866x888,,Hybrid 5: Bruno sequence instructions,7,1,No,BEGIN QUESTIONNAIRE,
2,1614176457917,24/02/2021 14:20:57,1614176457754,0,24/02/2021 14:20:57,37649,6,questionnaire-yhkg,,10329503,5deff420033cd8051678667f,3142661,,complete,,60365f9fd64ac58aec023bad,computer,Desktop or Laptop,Linux x86_64,Chrome 88.0.4324.182,1920x1080,1866x888,,Hybrid 5: Bruno sequence instructions,7,1,No,END QUESTIONNAIRE,96222
1,1614176379202,24/02/2021 14:19:39,1614176380559,0,24/02/2021 14:19:40,37649,6,questionnaire-yhkg,,10329524,60240e9a6a19060450a250db,3142689,,complete,,6036601e3e95f80009982580,computer,Desktop or Laptop,Mac OS 10.12.6,Chrome 88.0.4324.96,1366x768,1366x611,,Hybrid 5: Bruno sequence instructions,7,5,No,BEGIN QUESTIONNAIRE,
2,1614176498533,24/02/2021 14:21:38,1614176499933,0,24/02/2021 14:21:39,37649,6,questionnaire-yhkg,,10329524,60240e9a6a19060450a250db,3142689,,complete,,6036601e3e95f80009982580,computer,Desktop or Laptop,Mac OS 10.12.6,Chrome 88.0.4324.96,1366x768,1366x611,,Hybrid 5: Bruno sequence instructions,7,5,No,END QUESTIONNAIRE,119374
1,1614176379442,24/02/2021 14:19:39,1614176374719,0,24/02/2021 14:19:34,37649,6,questionnaire-yhkg,,10329528,5bfc1bb60ca8e900017f29df,3142688,,complete,,603660211af0e00a733c8b85,computer,Desktop or Laptop,Windows 10,Edge 88.0.705.74,1280x720,1707x813,,Hybrid 5: Bruno sequence instructions,7,5,No,BEGIN QUESTIONNAIRE,
2,1614176438937,24/02/2021 14:20:38,1614176434275,0,24/02/2021 14:20:34,37649,6,questionnaire-yhkg,,10329528,5bfc1bb60ca8e900017f29df,3142688,,complete,,603660211af0e00a733c8b85,computer,Desktop or Laptop,Windows 10,Edge 88.0.705.74,1280x720,1684x813,,Hybrid 5: Bruno sequence instructions,7,5,No,END QUESTIONNAIRE,59557
1,1614176417426,24/02/2021 14:20:17,1614176417374,0,24/02/2021 14:20:17,37649,6,questionnaire-yhkg,,10329560,5f3a924dd20a660e5ccdd3db,3142709,,complete,,6036605a5c8af64e00dba2ef,computer,Desktop or Laptop,Windows 10,Chrome 88.0.4324.182,1536x864,1536x722,,Hybrid 5: Bruno sequence instructions,7,10,No,BEGIN QUESTIONNAIRE,
2,1614176454473,24/02/2021 14:20:54,1614176454454,0,24/02/2021 14:20:54,37649,6,questionnaire-yhkg,,10329560,5f3a924dd20a660e5ccdd3db,3142709,,complete,,6036605a5c8af64e00dba2ef,computer,Desktop or Laptop,Windows 10,Chrome 88.0.4324.182,1536x864,1519x722,,Hybrid 5: Bruno sequence instructions,7,10,No,END QUESTIONNAIRE,37080
1,1614176428292,24/02/2021 14:20:28,1614176428180,0,24/02/2021 14:20:28,37649,6,questionnaire-yhkg,,10329569,6006d5ffa47d9e08193d0354,3142690,,complete,,6036600814a95b097351931c,computer,Desktop or Laptop,Windows 10,Chrome 88.0.4324.182,1536x864,1536x722,,Hybrid 5: Bruno sequence instructions,7,4,No,BEGIN QUESTIONNAIRE,
2,1614176531421,24/02/2021 14:22:11,1614176531436,0,24/02/2021 14:22:11,37649,6,questionnaire-yhkg,,10329569,6006d5ffa47d9e08193d0354,3142690,,complete,,6036600814a95b097351931c,computer,Desktop or Laptop,Windows 10,Chrome 88.0.4324.182,1536x864,1519x722,,Hybrid 5: Bruno sequence instructions,7,4,No,END QUESTIONNAIRE,103256
1,1614176471028,24/02/2021 14:21:11,1614176471014,0,24/02/2021 14:21:11,37649,6,questionnaire-yhkg,,10329605,568715f93693190005268f30,3142722,,complete,,60366009626ffadf28d72e95,computer,Desktop or Laptop,Windows 10,Chrome 88.0.4324.190,1536x864,1536x722,,Hybrid 5: Bruno sequence instructions,7,1,No,BEGIN QUESTIONNAIRE,
2,1614176515255,24/02/2021 14:21:55,1614176515307,0,24/02/2021 14:21:55,37649,6,questionnaire-yhkg,,10329605,568715f93693190005268f30,3142722,,complete,,60366009626ffadf28d72e95,computer,Desktop or Laptop,Windows 10,Chrome 88.0.4324.190,1536x864,1519x722,,Hybrid 5: Bruno sequence instructions,7,1,No,END QUESTIONNAIRE,44293
1,1614176479016,24/02/2021 14:21:19,1614176478127,0,24/02/2021 14:21:18,37649,6,questionnaire-yhkg,,10329612,5e67d94013d0ab04ef1fb88b,3142705,,complete,,60366012f8641a618e7bdde1,computer,Desktop or Laptop,Windows 10,Chrome 88.0.4324.182,1366x768,1366x625,,Hybrid 5: Bruno sequence instructions,7,10,No,BEGIN QUESTIONNAIRE,
2,1614176485124,24/02/2021 14:21:25,1614176484266,0,24/02/2021 14:21:24,37649,6,questionnaire-yhkg,,10329612,5e67d94013d0ab04ef1fb88b,3142705,,complete,,60366012f8641a618e7bdde1,computer,Desktop or Laptop,Windows 10,Chrome 88.0.4324.182,1366x768,1349x625,,Hybrid 5: Bruno sequence instructions,7,10,No,END QUESTIONNAIRE,6139
1,1614176549285,24/02/2021 14:22:29,1614176533990,0,24/02/2021 14:22:13,37649,6,questionnaire-yhkg,,10329660,59d4f3fa21977e0001d63008,3142727,,complete,,60365ebc3826ef8df1a4253c,computer,Desktop or Laptop,Windows 10,Edge 80.0.361.61,1600x900,1600x784,,Hybrid 5: Bruno sequence instructions,7,1,No,BEGIN QUESTIONNAIRE,
2,1614176634124,24/02/2021 14:23:54,1614176618231,0,24/02/2021 14:23:38,37649,6,questionnaire-yhkg,,10329660,59d4f3fa21977e0001d63008,3142727,,complete,,60365ebc3826ef8df1a4253c,computer,Desktop or Laptop,Windows 10,Edge 80.0.361.61,1600x900,1583x784,,Hybrid 5: Bruno sequence instructions,7,1,No,END QUESTIONNAIRE,84241
1,1614178955343,24/02/2021 15:02:35,1614178953861,0,24/02/2021 15:02:33,37649,6,questionnaire-yhkg,,10332294,5d30882271b7880019d738e3,3143469,,complete,,603669f95b9c38aadf550d54,computer,Desktop or Laptop,Windows 7,Chrome 88.0.4324.182,1920x1080,1920x946,,Hybrid 5: Bruno sequence instructions,7,4,No,BEGIN QUESTIONNAIRE,
2,1614179010886,24/02/2021 15:03:30,1614179009470,0,24/02/2021 15:03:29,37649,6,questionnaire-yhkg,,10332294,5d30882271b7880019d738e3,3143469,,complete,,603669f95b9c38aadf550d54,computer,Desktop or Laptop,Windows 7,Chrome 88.0.4324.182,1920x1080,1920x946,,Hybrid 5: Bruno sequence instructions,7,4,No,END QUESTIONNAIRE,55609
END OF FILE
