﻿Event Index,UTC Timestamp,UTC Date,Local Timestamp,Local Timezone,Local Date,Experiment ID,Experiment Version,Tree Node Key,Repeat Key,Schedule ID,Participant Public ID,Participant Private ID,Participant Starting Group,Participant Status,Participant Completion Code,Participant External Session ID,Participant Device Type,Participant Device,Participant OS,Participant Browser,Participant Monitor Size,Participant Viewport Size,Checkpoint,Task Name,Task Version,Randomise questionnaire elements?,Question Key,Response
1,1614074796917,23/02/2021 10:06:36,1614074797439,0,23/02/2021 10:06:37,27661,5,questionnaire-q9ns,,10283107,59db44e63e5ea00001e1d163,3128692,,complete,,6034d1322290e3683f16b7c8,computer,Desktop or Laptop,Windows 10,Chrome 88.0.4324.190,1920x1080,1920x937,,Hybrid 1 sequence instructions,6,No,BEGIN QUESTIONNAIRE,
2,1614074847141,23/02/2021 10:07:27,1614074847735,0,23/02/2021 10:07:27,27661,5,questionnaire-q9ns,,10283107,59db44e63e5ea00001e1d163,3128692,,complete,,6034d1322290e3683f16b7c8,computer,Desktop or Laptop,Windows 10,Chrome 88.0.4324.190,1920x1080,1920x937,,Hybrid 1 sequence instructions,6,No,END QUESTIONNAIRE,50296
1,1614074957704,23/02/2021 10:09:17,1614074957502,0,23/02/2021 10:09:17,27661,5,questionnaire-q9ns,,10283259,600448ad029e4156f060b7ce,3128718,,complete,,6034d1ef1b06d81dbc0a3d90,computer,Desktop or Laptop,Windows 10,Chrome 88.0.4324.182,1280x720,1280x610,,Hybrid 1 sequence instructions,6,No,BEGIN QUESTIONNAIRE,
2,1614074996883,23/02/2021 10:09:56,1614074996674,0,23/02/2021 10:09:56,27661,5,questionnaire-q9ns,,10283259,600448ad029e4156f060b7ce,3128718,,complete,,6034d1ef1b06d81dbc0a3d90,computer,Desktop or Laptop,Windows 10,Chrome 88.0.4324.182,1280x720,1263x610,,Hybrid 1 sequence instructions,6,No,END QUESTIONNAIRE,39172
1,1614075104466,23/02/2021 10:11:44,1614075104387,0,23/02/2021 10:11:44,27661,5,questionnaire-q9ns,,10283360,573a3c9a67421f000f19193f,3128748,,complete,,6034d293c829d2418486136c,computer,Desktop or Laptop,Linux x86_64,Firefox 85.0,1366x768,1330x638,,Hybrid 1 sequence instructions,6,No,BEGIN QUESTIONNAIRE,
2,1614075145564,23/02/2021 10:12:25,1614075145507,0,23/02/2021 10:12:25,27661,5,questionnaire-q9ns,,10283360,573a3c9a67421f000f19193f,3128748,,complete,,6034d293c829d2418486136c,computer,Desktop or Laptop,Linux x86_64,Firefox 85.0,1366x768,1318x638,,Hybrid 1 sequence instructions,6,No,END QUESTIONNAIRE,41120
1,1614075155779,23/02/2021 10:12:35,1614075155235,0,23/02/2021 10:12:35,27661,5,questionnaire-q9ns,,10283397,5f8d5fc960f84702a6041945,3128757,,complete,,6034d2c15cbdce1e7cde1545,computer,Desktop or Laptop,Windows 10,Chrome 88.0.4324.182,2048x1152,1132x996,,Hybrid 1 sequence instructions,6,No,BEGIN QUESTIONNAIRE,
2,1614075161284,23/02/2021 10:12:41,1614075160750,0,23/02/2021 10:12:40,27661,5,questionnaire-q9ns,,10283397,5f8d5fc960f84702a6041945,3128757,,complete,,6034d2c15cbdce1e7cde1545,computer,Desktop or Laptop,Windows 10,Chrome 88.0.4324.182,2048x1152,1132x996,,Hybrid 1 sequence instructions,6,No,END QUESTIONNAIRE,5515
1,1614075194700,23/02/2021 10:13:14,1614075194771,0,23/02/2021 10:13:14,27661,5,questionnaire-q9ns,,10283413,6033879244141b01dadff9b3,3128725,,complete,,6034d1ec8fedf8a1f6193714,computer,Desktop or Laptop,Windows 10,Chrome 88.0.4324.182,1920x1080,1920x937,,Hybrid 1 sequence instructions,6,No,BEGIN QUESTIONNAIRE,
2,1614075250683,23/02/2021 10:14:10,1614075251088,0,23/02/2021 10:14:11,27661,5,questionnaire-q9ns,,10283413,6033879244141b01dadff9b3,3128725,,complete,,6034d1ec8fedf8a1f6193714,computer,Desktop or Laptop,Windows 10,Chrome 88.0.4324.182,1920x1080,1920x937,,Hybrid 1 sequence instructions,6,No,END QUESTIONNAIRE,56317
1,1614075203201,23/02/2021 10:13:23,1614075202966,0,23/02/2021 10:13:22,27661,5,questionnaire-q9ns,,10283418,5f3f20b035e74820e974da04,3128768,,complete,,6034d3020abca8d1a260fcc0,computer,Desktop or Laptop,Windows 10,Chrome 88.0.4324.182,1920x1080,1920x1009,,Hybrid 1 sequence instructions,6,No,BEGIN QUESTIONNAIRE,
2,1614075255988,23/02/2021 10:14:15,1614075255772,0,23/02/2021 10:14:15,27661,5,questionnaire-q9ns,,10283418,5f3f20b035e74820e974da04,3128768,,complete,,6034d3020abca8d1a260fcc0,computer,Desktop or Laptop,Windows 10,Chrome 88.0.4324.182,1920x1080,1920x1009,,Hybrid 1 sequence instructions,6,No,END QUESTIONNAIRE,52806
1,1614075255019,23/02/2021 10:14:15,1614075253480,0,23/02/2021 10:14:13,27661,5,questionnaire-q9ns,,10283439,5a67676a35f26b000149689d,3128716,,complete,,6034d1d3caa27eaed6817567,computer,Desktop or Laptop,Windows 10,Chrome 88.0.4324.182,1366x768,1366x695,,Hybrid 1 sequence instructions,6,No,BEGIN QUESTIONNAIRE,
2,1614075307298,23/02/2021 10:15:07,1614075305843,0,23/02/2021 10:15:05,27661,5,questionnaire-q9ns,,10283439,5a67676a35f26b000149689d,3128716,,complete,,6034d1d3caa27eaed6817567,computer,Desktop or Laptop,Windows 10,Chrome 88.0.4324.182,1366x768,1349x695,,Hybrid 1 sequence instructions,6,No,END QUESTIONNAIRE,52364
1,1614075256348,23/02/2021 10:14:16,1614075256264,0,23/02/2021 10:14:16,27661,5,questionnaire-q9ns,,10283441,5f4e62e681df14027f530f3a,3128800,,complete,,6034d37f11c1e1d52a170d27,computer,Desktop or Laptop,Mac OS 10.15.7,Chrome 87.0.4280.101,1920x1080,1387x813,,Hybrid 1 sequence instructions,6,No,BEGIN QUESTIONNAIRE,
2,1614075262034,23/02/2021 10:14:22,1614075261997,0,23/02/2021 10:14:21,27661,5,questionnaire-q9ns,,10283441,5f4e62e681df14027f530f3a,3128800,,complete,,6034d37f11c1e1d52a170d27,computer,Desktop or Laptop,Mac OS 10.15.7,Chrome 87.0.4280.101,1920x1080,1387x813,,Hybrid 1 sequence instructions,6,No,END QUESTIONNAIRE,5733
1,1614075295133,23/02/2021 10:14:55,1614075295327,0,23/02/2021 10:14:55,27661,5,questionnaire-q9ns,,10283464,5efca619e4d088064e281b4a,3128775,,complete,,6034d31cf0797537b725281d,computer,Desktop or Laptop,Windows 10,Chrome 88.0.4324.182,1368x912,1368x770,,Hybrid 1 sequence instructions,6,No,BEGIN QUESTIONNAIRE,
2,1614075316517,23/02/2021 10:15:16,1614075316713,0,23/02/2021 10:15:16,27661,5,questionnaire-q9ns,,10283464,5efca619e4d088064e281b4a,3128775,,complete,,6034d31cf0797537b725281d,computer,Desktop or Laptop,Windows 10,Chrome 88.0.4324.182,1368x912,1351x770,,Hybrid 1 sequence instructions,6,No,END QUESTIONNAIRE,21386
1,1614075316379,23/02/2021 10:15:16,1614075316282,0,23/02/2021 10:15:16,27661,5,questionnaire-q9ns,,10283489,5ffca3be63b06e0e9be0fb07,3128746,,complete,,6034d28042df3f2d2d82f049,computer,Desktop or Laptop,Windows 10,Chrome 88.0.4324.150,1536x864,1536x754,,Hybrid 1 sequence instructions,6,No,BEGIN QUESTIONNAIRE,
2,1614075384392,23/02/2021 10:16:24,1614075384332,0,23/02/2021 10:16:24,27661,5,questionnaire-q9ns,,10283489,5ffca3be63b06e0e9be0fb07,3128746,,complete,,6034d28042df3f2d2d82f049,computer,Desktop or Laptop,Windows 10,Chrome 88.0.4324.150,1536x864,1519x754,,Hybrid 1 sequence instructions,6,No,END QUESTIONNAIRE,68050
1,1614075319239,23/02/2021 10:15:19,1614075318246,0,23/02/2021 10:15:18,27661,5,questionnaire-q9ns,,10283492,55b9f7dcfdf99b7dba57c76b,3128721,,complete,,6034d1ee4e9bd2580bbaaddf,computer,Desktop or Laptop,Windows 10,Chrome 88.0.4324.182,1366x768,1366x625,,Hybrid 1 sequence instructions,6,No,BEGIN QUESTIONNAIRE,
2,1614075327437,23/02/2021 10:15:27,1614075326468,0,23/02/2021 10:15:26,27661,5,questionnaire-q9ns,,10283492,55b9f7dcfdf99b7dba57c76b,3128721,,complete,,6034d1ee4e9bd2580bbaaddf,computer,Desktop or Laptop,Windows 10,Chrome 88.0.4324.182,1366x768,1349x625,,Hybrid 1 sequence instructions,6,No,END QUESTIONNAIRE,8222
1,1614075348601,23/02/2021 10:15:48,1614075348815,0,23/02/2021 10:15:48,27661,5,questionnaire-q9ns,,10283514,60140cba090d3e36a09e63c3,3128812,,complete,,6034d3b55729714d064ad5ec,computer,Desktop or Laptop,Windows 10,Edge 88.0.705.74,1920x1080,1920x969,,Hybrid 1 sequence instructions,6,No,BEGIN QUESTIONNAIRE,
2,1614075371736,23/02/2021 10:16:11,1614075371975,0,23/02/2021 10:16:11,27661,5,questionnaire-q9ns,,10283514,60140cba090d3e36a09e63c3,3128812,,complete,,6034d3b55729714d064ad5ec,computer,Desktop or Laptop,Windows 10,Edge 88.0.705.74,1920x1080,1920x969,,Hybrid 1 sequence instructions,6,No,END QUESTIONNAIRE,23160
1,1614075348948,23/02/2021 10:15:48,1614075347667,0,23/02/2021 10:15:47,27661,5,questionnaire-q9ns,,10283516,602d4605dab92a72930be60e,3128818,,complete,,6034d3a5f2c8b6a69340a59d,computer,Desktop or Laptop,Windows 10,Edge 88.0.705.74,1920x1080,1536x775,,Hybrid 1 sequence instructions,6,No,BEGIN QUESTIONNAIRE,
2,1614075375015,23/02/2021 10:16:15,1614075373821,0,23/02/2021 10:16:13,27661,5,questionnaire-q9ns,,10283516,602d4605dab92a72930be60e,3128818,,complete,,6034d3a5f2c8b6a69340a59d,computer,Desktop or Laptop,Windows 10,Edge 88.0.705.74,1920x1080,1522x775,,Hybrid 1 sequence instructions,6,No,END QUESTIONNAIRE,26154
1,1614075398301,23/02/2021 10:16:38,1614075399721,0,23/02/2021 10:16:39,27661,5,questionnaire-q9ns,,10283544,5fca5377dd1d4f090ccab42d,3128816,,complete,,6034d3b5d054d363f6247e71,computer,Desktop or Laptop,Windows 10,Chrome 88.0.4324.182,1536x864,1536x735,,Hybrid 1 sequence instructions,6,No,BEGIN QUESTIONNAIRE,
2,1614075402307,23/02/2021 10:16:42,1614075403736,0,23/02/2021 10:16:43,27661,5,questionnaire-q9ns,,10283544,5fca5377dd1d4f090ccab42d,3128816,,complete,,6034d3b5d054d363f6247e71,computer,Desktop or Laptop,Windows 10,Chrome 88.0.4324.182,1536x864,1519x735,,Hybrid 1 sequence instructions,6,No,END QUESTIONNAIRE,4015
1,1614075406252,23/02/2021 10:16:46,1614075399814,0,23/02/2021 10:16:39,27661,5,questionnaire-q9ns,,10283549,5f234889f4b32f0fe33700bf,3128758,,complete,,6034d2bbd872ec3362bfeae0,computer,Desktop or Laptop,Windows 10,Chrome 88.0.4324.182,1280x720,1280x578,,Hybrid 1 sequence instructions,6,No,BEGIN QUESTIONNAIRE,
2,1614075453616,23/02/2021 10:17:33,1614075447208,0,23/02/2021 10:17:27,27661,5,questionnaire-q9ns,,10283549,5f234889f4b32f0fe33700bf,3128758,,complete,,6034d2bbd872ec3362bfeae0,computer,Desktop or Laptop,Windows 10,Chrome 88.0.4324.182,1280x720,1263x578,,Hybrid 1 sequence instructions,6,No,END QUESTIONNAIRE,47394
1,1614075490591,23/02/2021 10:18:10,1614075492098,0,23/02/2021 10:18:12,27661,5,questionnaire-q9ns,,10283586,5c30bae126d1c6000195f249,3128845,,complete,,6034d4220b1205f3a31956d0,computer,Desktop or Laptop,Windows 10,Firefox 85.0,1366x768,1366x626,,Hybrid 1 sequence instructions,6,No,BEGIN QUESTIONNAIRE,
2,1614075495863,23/02/2021 10:18:15,1614075497486,0,23/02/2021 10:18:17,27661,5,questionnaire-q9ns,,10283586,5c30bae126d1c6000195f249,3128845,,complete,,6034d4220b1205f3a31956d0,computer,Desktop or Laptop,Windows 10,Firefox 85.0,1366x768,1349x626,,Hybrid 1 sequence instructions,6,No,END QUESTIONNAIRE,5388
1,1614075525382,23/02/2021 10:18:45,1614075524378,0,23/02/2021 10:18:44,27661,5,questionnaire-q9ns,,10283606,5f155e9d426b2a6028c0a80d,3128771,,complete,,6034d313f70245dc7dee8358,computer,Desktop or Laptop,Windows 10,Firefox 85.0,1366x768,1366x626,,Hybrid 1 sequence instructions,6,No,BEGIN QUESTIONNAIRE,
2,1614075537005,23/02/2021 10:18:57,1614075536232,0,23/02/2021 10:18:56,27661,5,questionnaire-q9ns,,10283606,5f155e9d426b2a6028c0a80d,3128771,,complete,,6034d313f70245dc7dee8358,computer,Desktop or Laptop,Windows 10,Firefox 85.0,1366x768,1349x626,,Hybrid 1 sequence instructions,6,No,END QUESTIONNAIRE,11855
1,1614075543187,23/02/2021 10:19:03,1614075542987,0,23/02/2021 10:19:02,27661,5,questionnaire-q9ns,,10283617,5fe20017bf9ae4cfe75a3ba3,3128854,,complete,,6034d42359e862fa59c213fb,computer,Desktop or Laptop,Mac OS 10.15.6,Safari 14.0.3,1280x800,1280x720,,Hybrid 1 sequence instructions,6,No,BEGIN QUESTIONNAIRE,
2,1614075596440,23/02/2021 10:19:56,1614075596267,0,23/02/2021 10:19:56,27661,5,questionnaire-q9ns,,10283617,5fe20017bf9ae4cfe75a3ba3,3128854,,complete,,6034d42359e862fa59c213fb,computer,Desktop or Laptop,Mac OS 10.15.6,Safari 14.0.3,1280x800,1280x720,,Hybrid 1 sequence instructions,6,No,END QUESTIONNAIRE,53280
1,1614075548334,23/02/2021 10:19:08,1614075547507,0,23/02/2021 10:19:07,27661,5,questionnaire-q9ns,,10283623,5d80ee2f613aa90016874530,3128802,,complete,,6034d387972aa6dfbb5daab0,computer,Desktop or Laptop,Windows 10,Chrome 88.0.4324.182,1920x1080,929x905,,Hybrid 1 sequence instructions,6,No,BEGIN QUESTIONNAIRE,
2,1614075591935,23/02/2021 10:19:51,1614075591132,0,23/02/2021 10:19:51,27661,5,questionnaire-q9ns,,10283623,5d80ee2f613aa90016874530,3128802,,complete,,6034d387972aa6dfbb5daab0,computer,Desktop or Laptop,Windows 10,Chrome 88.0.4324.182,1920x1080,929x905,,Hybrid 1 sequence instructions,6,No,END QUESTIONNAIRE,43625
1,1614075554561,23/02/2021 10:19:14,1614075555358,0,23/02/2021 10:19:15,27661,5,questionnaire-q9ns,,10283624,5f688f49cd4c0e4e0a84d9be,3128832,,complete,,6034d4052a6f9ca56f478c48,computer,Desktop or Laptop,Windows 10,Chrome 88.0.4324.182,1536x864,1536x722,,Hybrid 1 sequence instructions,6,No,BEGIN QUESTIONNAIRE,
2,1614075585785,23/02/2021 10:19:45,1614075586536,0,23/02/2021 10:19:46,27661,5,questionnaire-q9ns,,10283624,5f688f49cd4c0e4e0a84d9be,3128832,,complete,,6034d4052a6f9ca56f478c48,computer,Desktop or Laptop,Windows 10,Chrome 88.0.4324.182,1536x864,1519x722,,Hybrid 1 sequence instructions,6,No,END QUESTIONNAIRE,31178
1,1614075624942,23/02/2021 10:20:24,1614075659557,0,23/02/2021 10:20:59,27661,5,questionnaire-q9ns,,10283660,59a6cb481363d9000167685c,3128799,,complete,,6034d37fcca165d1b5de9334,computer,Desktop or Laptop,Mac OS 10.10,Firefox 78.0,1440x900,1373x775,,Hybrid 1 sequence instructions,6,No,BEGIN QUESTIONNAIRE,
2,1614075681180,23/02/2021 10:21:21,1614075715840,0,23/02/2021 10:21:55,27661,5,questionnaire-q9ns,,10283660,59a6cb481363d9000167685c,3128799,,complete,,6034d37fcca165d1b5de9334,computer,Desktop or Laptop,Mac OS 10.10,Firefox 78.0,1440x900,1373x775,,Hybrid 1 sequence instructions,6,No,END QUESTIONNAIRE,56283
1,1614075642815,23/02/2021 10:20:42,1614075642683,0,23/02/2021 10:20:42,27661,5,questionnaire-q9ns,,10283674,5f3a3d686d730201406546ef,3128836,,complete,,6034d3fa316e5bb9b3e49179,computer,Desktop or Laptop,Windows 10,Edge 88.0.705.74,1920x1080,1920x969,,Hybrid 1 sequence instructions,6,No,BEGIN QUESTIONNAIRE,
2,1614075671835,23/02/2021 10:21:11,1614075671661,0,23/02/2021 10:21:11,27661,5,questionnaire-q9ns,,10283674,5f3a3d686d730201406546ef,3128836,,complete,,6034d3fa316e5bb9b3e49179,computer,Desktop or Laptop,Windows 10,Edge 88.0.705.74,1920x1080,1920x969,,Hybrid 1 sequence instructions,6,No,END QUESTIONNAIRE,28978
1,1614075650634,23/02/2021 10:20:50,1614075652051,0,23/02/2021 10:20:52,27661,5,questionnaire-q9ns,,10283681,5fad213e04a4133a09709050,3128767,,complete,,6034d2f8b720d7a881519ed7,computer,Desktop or Laptop,Windows 10,Edge 88.0.705.74,1366x768,1366x625,,Hybrid 1 sequence instructions,6,No,BEGIN QUESTIONNAIRE,
2,1614075705203,23/02/2021 10:21:45,1614075706642,0,23/02/2021 10:21:46,27661,5,questionnaire-q9ns,,10283681,5fad213e04a4133a09709050,3128767,,complete,,6034d2f8b720d7a881519ed7,computer,Desktop or Laptop,Windows 10,Edge 88.0.705.74,1366x768,1349x625,,Hybrid 1 sequence instructions,6,No,END QUESTIONNAIRE,54592
1,1614075669840,23/02/2021 10:21:09,1614075669710,0,23/02/2021 10:21:09,27661,5,questionnaire-q9ns,,10283687,598ae81a81ec2c0001619839,3128853,,complete,,6034d417bbd87d9876d83063,computer,Desktop or Laptop,Windows 10,Edge 88.0.705.74,1920x1080,1920x969,,Hybrid 1 sequence instructions,6,No,BEGIN QUESTIONNAIRE,
2,1614075800231,23/02/2021 10:23:20,1614075800182,0,23/02/2021 10:23:20,27661,5,questionnaire-q9ns,,10283687,598ae81a81ec2c0001619839,3128853,,complete,,6034d417bbd87d9876d83063,computer,Desktop or Laptop,Windows 10,Edge 88.0.705.74,1920x1080,1920x969,,Hybrid 1 sequence instructions,6,No,END QUESTIONNAIRE,130473
1,1614075676520,23/02/2021 10:21:16,1614075674267,0,23/02/2021 10:21:14,27661,5,questionnaire-q9ns,,10283691,5ab39e18fa3b4e000172b540,3128830,,complete,,6034d3f9cc93358299947e53,computer,Desktop or Laptop,Windows 10,Chrome 88.0.4324.182,1366x768,1366x625,,Hybrid 1 sequence instructions,6,No,BEGIN QUESTIONNAIRE,
2,1614075684680,23/02/2021 10:21:24,1614075682404,0,23/02/2021 10:21:22,27661,5,questionnaire-q9ns,,10283691,5ab39e18fa3b4e000172b540,3128830,,complete,,6034d3f9cc93358299947e53,computer,Desktop or Laptop,Windows 10,Chrome 88.0.4324.182,1366x768,1349x625,,Hybrid 1 sequence instructions,6,No,END QUESTIONNAIRE,8138
1,1614075714818,23/02/2021 10:21:54,1614075714453,0,23/02/2021 10:21:54,27661,5,questionnaire-q9ns,,10283708,578cfbf9c9abeb0001af3216,3128820,,complete,,6034d3cc7cd192f3447dc94e,computer,Desktop or Laptop,Mac OS 10.15.7,Safari 14.0.1,1440x900,1315x753,,Hybrid 1 sequence instructions,6,No,BEGIN QUESTIONNAIRE,
2,1614075798419,23/02/2021 10:23:18,1614075798327,0,23/02/2021 10:23:18,27661,5,questionnaire-q9ns,,10283708,578cfbf9c9abeb0001af3216,3128820,,complete,,6034d3cc7cd192f3447dc94e,computer,Desktop or Laptop,Mac OS 10.15.7,Safari 14.0.1,1440x900,1315x753,,Hybrid 1 sequence instructions,6,No,END QUESTIONNAIRE,83874
1,1614075735995,23/02/2021 10:22:15,1614075735010,0,23/02/2021 10:22:15,27661,5,questionnaire-q9ns,,10283723,5ca4996bc2c096001413f07e,3128834,,complete,,6034d4099eff721bdd93e492,computer,Desktop or Laptop,Mac OS 11.2.0,Chrome 88.0.4324.150,1440x900,1440x820,,Hybrid 1 sequence instructions,6,No,BEGIN QUESTIONNAIRE,
2,1614075752834,23/02/2021 10:22:32,1614075751916,0,23/02/2021 10:22:31,27661,5,questionnaire-q9ns,,10283723,5ca4996bc2c096001413f07e,3128834,,complete,,6034d4099eff721bdd93e492,computer,Desktop or Laptop,Mac OS 11.2.0,Chrome 88.0.4324.150,1440x900,1440x820,,Hybrid 1 sequence instructions,6,No,END QUESTIONNAIRE,16906
1,1614075788225,23/02/2021 10:23:08,1614075788781,0,23/02/2021 10:23:08,27661,5,questionnaire-q9ns,,10283738,5eaf3f284633ef62d7302a8f,3128838,,complete,,6034d4086ca3207592cae6ed,computer,Desktop or Laptop,Windows 10,Chrome 88.0.4324.182,1920x1080,1920x937,,Hybrid 1 sequence instructions,6,No,BEGIN QUESTIONNAIRE,
2,1614075853193,23/02/2021 10:24:13,1614075853737,0,23/02/2021 10:24:13,27661,5,questionnaire-q9ns,,10283738,5eaf3f284633ef62d7302a8f,3128838,,complete,,6034d4086ca3207592cae6ed,computer,Desktop or Laptop,Windows 10,Chrome 88.0.4324.182,1920x1080,1920x937,,Hybrid 1 sequence instructions,6,No,END QUESTIONNAIRE,64956
1,1614075795133,23/02/2021 10:23:15,1614075795965,0,23/02/2021 10:23:15,27661,5,questionnaire-q9ns,,10283740,5c595ccac42cde00015b8d35,3128868,,complete,,6034d492671381c2efb1f0f1,computer,Desktop or Laptop,Windows 10,Chrome 88.0.4324.182,1920x1080,1920x937,,Hybrid 1 sequence instructions,6,No,BEGIN QUESTIONNAIRE,
2,1614075862177,23/02/2021 10:24:22,1614075863024,0,23/02/2021 10:24:23,27661,5,questionnaire-q9ns,,10283740,5c595ccac42cde00015b8d35,3128868,,complete,,6034d492671381c2efb1f0f1,computer,Desktop or Laptop,Windows 10,Chrome 88.0.4324.182,1920x1080,1920x937,,Hybrid 1 sequence instructions,6,No,END QUESTIONNAIRE,67059
1,1614075809906,23/02/2021 10:23:29,1614075809549,0,23/02/2021 10:23:29,27661,5,questionnaire-q9ns,,10283753,5ff1f30afd725a6a242c06f0,3128882,,complete,,6034d48642df3f2d2d82f053,computer,Desktop or Laptop,Windows 10,Chrome 88.0.4324.182,1920x1080,1920x977,,Hybrid 1 sequence instructions,6,No,BEGIN QUESTIONNAIRE,
2,1614075851173,23/02/2021 10:24:11,1614075850915,0,23/02/2021 10:24:10,27661,5,questionnaire-q9ns,,10283753,5ff1f30afd725a6a242c06f0,3128882,,complete,,6034d48642df3f2d2d82f053,computer,Desktop or Laptop,Windows 10,Chrome 88.0.4324.182,1920x1080,1920x977,,Hybrid 1 sequence instructions,6,No,END QUESTIONNAIRE,41366
1,1614075811455,23/02/2021 10:23:31,1614075811771,0,23/02/2021 10:23:31,27661,5,questionnaire-q9ns,,10283754,5f2aa91e781f28324e3951e7,3128805,,complete,,6034d3921d4883e0f01cd1b7,computer,Desktop or Laptop,Windows 10,Chrome 88.0.4324.150,1280x720,1280x610,,Hybrid 1 sequence instructions,6,No,BEGIN QUESTIONNAIRE,
2,1614075853022,23/02/2021 10:24:13,1614075853339,0,23/02/2021 10:24:13,27661,5,questionnaire-q9ns,,10283754,5f2aa91e781f28324e3951e7,3128805,,complete,,6034d3921d4883e0f01cd1b7,computer,Desktop or Laptop,Windows 10,Chrome 88.0.4324.150,1280x720,1263x610,,Hybrid 1 sequence instructions,6,No,END QUESTIONNAIRE,41568
1,1614075815358,23/02/2021 10:23:35,1614075817276,0,23/02/2021 10:23:37,27661,5,questionnaire-q9ns,,10283756,5f2d27114d461928b80f1c77,3128826,,complete,,6034d3f10e4b28efbb6c9055,computer,Desktop or Laptop,Windows 10,Chrome 88.0.4324.182,1366x768,1366x625,,Hybrid 1 sequence instructions,6,No,BEGIN QUESTIONNAIRE,
2,1614075866541,23/02/2021 10:24:26,1614075868365,0,23/02/2021 10:24:28,27661,5,questionnaire-q9ns,,10283756,5f2d27114d461928b80f1c77,3128826,,complete,,6034d3f10e4b28efbb6c9055,computer,Desktop or Laptop,Windows 10,Chrome 88.0.4324.182,1366x768,1349x625,,Hybrid 1 sequence instructions,6,No,END QUESTIONNAIRE,51089
1,1614075835086,23/02/2021 10:23:55,1614075835091,0,23/02/2021 10:23:55,27661,5,questionnaire-q9ns,,10283766,59e9e46a1c947e00012b2621,3128859,,complete,,6034d44485770aaf0aade9a0,computer,Desktop or Laptop,Windows 10,Chrome 88.0.4324.190,1366x768,1346x641,,Hybrid 1 sequence instructions,6,No,BEGIN QUESTIONNAIRE,
2,1614075922277,23/02/2021 10:25:22,1614075922241,0,23/02/2021 10:25:22,27661,5,questionnaire-q9ns,,10283766,59e9e46a1c947e00012b2621,3128859,,complete,,6034d44485770aaf0aade9a0,computer,Desktop or Laptop,Windows 10,Chrome 88.0.4324.190,1366x768,1329x641,,Hybrid 1 sequence instructions,6,No,END QUESTIONNAIRE,87150
1,1614075846010,23/02/2021 10:24:06,1614075845898,0,23/02/2021 10:24:05,27661,5,questionnaire-q9ns,,10283770,5f0a04205a17782c34fcb466,3128871,,complete,,6034d49e0987e45a52f5b52b,computer,Desktop or Laptop,Mac OS 10.15.7,Safari 13.1.3,1440x900,1440x837,,Hybrid 1 sequence instructions,6,No,BEGIN QUESTIONNAIRE,
2,1614075891487,23/02/2021 10:24:51,1614075891366,0,23/02/2021 10:24:51,27661,5,questionnaire-q9ns,,10283770,5f0a04205a17782c34fcb466,3128871,,complete,,6034d49e0987e45a52f5b52b,computer,Desktop or Laptop,Mac OS 10.15.7,Safari 13.1.3,1440x900,1440x837,,Hybrid 1 sequence instructions,6,No,END QUESTIONNAIRE,45468
1,1614076050301,23/02/2021 10:27:30,1614076004644,0,23/02/2021 10:26:44,27661,5,questionnaire-q9ns,,10283879,5f01ac979d47482fd1425bac,3128819,,complete,,6034d3ac37ec0f7a77e711e1,computer,Desktop or Laptop,Windows 7,Chrome 88.0.4324.182,1920x1080,1920x969,,Hybrid 1 sequence instructions,6,No,BEGIN QUESTIONNAIRE,
2,1614076089886,23/02/2021 10:28:09,1614076044271,0,23/02/2021 10:27:24,27661,5,questionnaire-q9ns,,10283879,5f01ac979d47482fd1425bac,3128819,,complete,,6034d3ac37ec0f7a77e711e1,computer,Desktop or Laptop,Windows 7,Chrome 88.0.4324.182,1920x1080,1920x969,,Hybrid 1 sequence instructions,6,No,END QUESTIONNAIRE,39627
1,1614076164260,23/02/2021 10:29:24,1614076164671,0,23/02/2021 10:29:24,27661,5,questionnaire-q9ns,,10283960,5c5f29a78da44c00015c7d5c,3128828,,complete,,6034d351f9e46cb5ff13531a,computer,Desktop or Laptop,Windows 10,Edge 88.0.705.74,1536x864,878x413,,Hybrid 1 sequence instructions,6,No,BEGIN QUESTIONNAIRE,
2,1614076328419,23/02/2021 10:32:08,1614076328730,0,23/02/2021 10:32:08,27661,5,questionnaire-q9ns,,10283960,5c5f29a78da44c00015c7d5c,3128828,,complete,,6034d351f9e46cb5ff13531a,computer,Desktop or Laptop,Windows 10,Edge 88.0.705.74,1536x864,868x413,,Hybrid 1 sequence instructions,6,No,END QUESTIONNAIRE,164060
1,1614076176976,23/02/2021 10:29:36,1614076176907,0,23/02/2021 10:29:36,27661,5,questionnaire-q9ns,,10283964,5eff496d6ec5554ab7b216c0,3128958,,complete,,6034d2ea18b831c6b497dcf9,computer,Desktop or Laptop,Mac OS 10.13.6,Chrome 88.0.4324.182,1920x1080,1920x969,,Hybrid 1 sequence instructions,6,No,BEGIN QUESTIONNAIRE,
2,1614076179548,23/02/2021 10:29:39,1614076179518,0,23/02/2021 10:29:39,27661,5,questionnaire-q9ns,,10283964,5eff496d6ec5554ab7b216c0,3128958,,complete,,6034d2ea18b831c6b497dcf9,computer,Desktop or Laptop,Mac OS 10.13.6,Chrome 88.0.4324.182,1920x1080,1920x969,,Hybrid 1 sequence instructions,6,No,END QUESTIONNAIRE,2611
1,1614076278684,23/02/2021 10:31:18,1614076278562,0,23/02/2021 10:31:18,27661,5,questionnaire-q9ns,,10284014,5e4c60aabe83df0c334a08cf,3128814,,complete,,6034d3b1bef2b7b7f4c92475,computer,Desktop or Laptop,Windows 10,Chrome 88.0.4324.150,1024x820,1024x710,,Hybrid 1 sequence instructions,6,No,BEGIN QUESTIONNAIRE,
2,1614076424142,23/02/2021 10:33:44,1614076424071,0,23/02/2021 10:33:44,27661,5,questionnaire-q9ns,,10284014,5e4c60aabe83df0c334a08cf,3128814,,complete,,6034d3b1bef2b7b7f4c92475,computer,Desktop or Laptop,Windows 10,Chrome 88.0.4324.150,1024x820,1007x710,,Hybrid 1 sequence instructions,6,No,END QUESTIONNAIRE,145510
1,1614076296502,23/02/2021 10:31:36,1614076288766,0,23/02/2021 10:31:28,27661,5,questionnaire-q9ns,,10284024,5e028ecee86356e120d1ca1b,3128809,,complete,,6034d3a0addedd344ea6ab12,computer,Desktop or Laptop,Chromium OS 13505.111.0,Chrome 87.0.4280.152,1366x768,1366x649,,Hybrid 1 sequence instructions,6,No,BEGIN QUESTIONNAIRE,
2,1614076317605,23/02/2021 10:31:57,1614076309850,0,23/02/2021 10:31:49,27661,5,questionnaire-q9ns,,10284024,5e028ecee86356e120d1ca1b,3128809,,complete,,6034d3a0addedd344ea6ab12,computer,Desktop or Laptop,Chromium OS 13505.111.0,Chrome 87.0.4280.152,1366x768,1366x649,,Hybrid 1 sequence instructions,6,No,END QUESTIONNAIRE,21085
1,1614076422539,23/02/2021 10:33:42,1614076414169,0,23/02/2021 10:33:34,27661,5,questionnaire-q9ns,,10284085,5cdd23fcb00e8300156ffe74,3128877,,complete,,6034d3d90d7d860713cd19fb,computer,Desktop or Laptop,Windows 10,Edge 88.0.705.74,1366x768,1366x657,,Hybrid 1 sequence instructions,6,No,BEGIN QUESTIONNAIRE,
2,1614076612612,23/02/2021 10:36:52,1614076604018,0,23/02/2021 10:36:44,27661,5,questionnaire-q9ns,,10284085,5cdd23fcb00e8300156ffe74,3128877,,complete,,6034d3d90d7d860713cd19fb,computer,Desktop or Laptop,Windows 10,Edge 88.0.705.74,1366x768,1349x657,,Hybrid 1 sequence instructions,6,No,END QUESTIONNAIRE,189848
1,1614076438715,23/02/2021 10:33:58,1614076441290,0,23/02/2021 10:34:01,27661,5,questionnaire-q9ns,,10284094,5f6b53f45f8f150117a32e71,3128978,,complete,,6034d5be03a9e86ec8c9636f,computer,Desktop or Laptop,Windows 10,Chrome 88.0.4324.150,1920x1080,1920x937,,Hybrid 1 sequence instructions,6,No,BEGIN QUESTIONNAIRE,
2,1614076458095,23/02/2021 10:34:18,1614076460728,0,23/02/2021 10:34:20,27661,5,questionnaire-q9ns,,10284094,5f6b53f45f8f150117a32e71,3128978,,complete,,6034d5be03a9e86ec8c9636f,computer,Desktop or Laptop,Windows 10,Chrome 88.0.4324.150,1920x1080,1920x937,,Hybrid 1 sequence instructions,6,No,END QUESTIONNAIRE,19438
1,1614076535246,23/02/2021 10:35:35,1614076535675,0,23/02/2021 10:35:35,27661,5,questionnaire-q9ns,,10284160,5ec4ae36faf405398617680d,3128855,,complete,,6034d445bda7fbdefdb92501,computer,Desktop or Laptop,Windows 10,Chrome 88.0.4324.190,1536x864,1536x722,,Hybrid 1 sequence instructions,6,No,BEGIN QUESTIONNAIRE,
2,1614076581561,23/02/2021 10:36:21,1614076582027,0,23/02/2021 10:36:22,27661,5,questionnaire-q9ns,,10284160,5ec4ae36faf405398617680d,3128855,,complete,,6034d445bda7fbdefdb92501,computer,Desktop or Laptop,Windows 10,Chrome 88.0.4324.190,1536x864,1519x722,,Hybrid 1 sequence instructions,6,No,END QUESTIONNAIRE,46353
1,1614076552096,23/02/2021 10:35:52,1614076552156,0,23/02/2021 10:35:52,27661,5,questionnaire-q9ns,,10284167,5e9c5564c745a0174729ab3c,3128991,,complete,,6034d6e0641a7bf8ea60f0e8,computer,Desktop or Laptop,Windows 10,Chrome 88.0.4324.182,1536x864,1536x726,,Hybrid 1 sequence instructions,6,No,BEGIN QUESTIONNAIRE,
2,1614076573658,23/02/2021 10:36:13,1614076573745,0,23/02/2021 10:36:13,27661,5,questionnaire-q9ns,,10284167,5e9c5564c745a0174729ab3c,3128991,,complete,,6034d6e0641a7bf8ea60f0e8,computer,Desktop or Laptop,Windows 10,Chrome 88.0.4324.182,1536x864,1519x726,,Hybrid 1 sequence instructions,6,No,END QUESTIONNAIRE,21589
1,1614076593003,23/02/2021 10:36:33,1614076592910,0,23/02/2021 10:36:32,27661,5,questionnaire-q9ns,,10284195,5e49a8b156076342a43facc7,3128959,,complete,,6034d491784eeac4461cb7bd,computer,Desktop or Laptop,Mac OS 10.15.7,Safari 14.0.3,1440x900,1324x727,,Hybrid 1 sequence instructions,6,No,BEGIN QUESTIONNAIRE,
2,1614076659849,23/02/2021 10:37:39,1614076659818,0,23/02/2021 10:37:39,27661,5,questionnaire-q9ns,,10284195,5e49a8b156076342a43facc7,3128959,,complete,,6034d491784eeac4461cb7bd,computer,Desktop or Laptop,Mac OS 10.15.7,Safari 14.0.3,1440x900,1324x727,,Hybrid 1 sequence instructions,6,No,END QUESTIONNAIRE,66908
1,1614076620211,23/02/2021 10:37:00,1614076620005,0,23/02/2021 10:37:00,27661,5,questionnaire-q9ns,,10284212,5f4fd27b94f9470f0737c29e,3128867,,complete,,6034d48fe5496c149475b2d8,computer,Desktop or Laptop,Mac OS 10.14.6,Chrome 88.0.4324.182,1440x900,1440x821,,Hybrid 1 sequence instructions,6,No,BEGIN QUESTIONNAIRE,
2,1614076622366,23/02/2021 10:37:02,1614076622293,0,23/02/2021 10:37:02,27661,5,questionnaire-q9ns,,10284212,5f4fd27b94f9470f0737c29e,3128867,,complete,,6034d48fe5496c149475b2d8,computer,Desktop or Laptop,Mac OS 10.14.6,Chrome 88.0.4324.182,1440x900,1440x821,,Hybrid 1 sequence instructions,6,No,END QUESTIONNAIRE,2289
1,1614076698836,23/02/2021 10:38:18,1614076698629,0,23/02/2021 10:38:18,27661,5,questionnaire-q9ns,,10284253,5f292fcf1c0b59026ec1c55b,3128949,,complete,,6034d4271ba4d81cbe37e839,computer,Desktop or Laptop,Mac OS 10.14.6,Chrome 87.0.4280.88,1440x900,1440x789,,Hybrid 1 sequence instructions,6,No,BEGIN QUESTIONNAIRE,
2,1614076736484,23/02/2021 10:38:56,1614076736422,0,23/02/2021 10:38:56,27661,5,questionnaire-q9ns,,10284253,5f292fcf1c0b59026ec1c55b,3128949,,complete,,6034d4271ba4d81cbe37e839,computer,Desktop or Laptop,Mac OS 10.14.6,Chrome 87.0.4280.88,1440x900,1440x789,,Hybrid 1 sequence instructions,6,No,END QUESTIONNAIRE,37793
1,1614077027807,23/02/2021 10:43:47,1614077027550,0,23/02/2021 10:43:47,27661,5,questionnaire-q9ns,,10284433,5f3302a8aea7430e3fba8764,3128793,,complete,,6034d345784eeac4461cb7b4,computer,Desktop or Laptop,Windows 10,Chrome 88.0.4324.150,1536x864,1536x722,,Hybrid 1 sequence instructions,6,No,BEGIN QUESTIONNAIRE,
2,1614077040610,23/02/2021 10:44:00,1614077040131,0,23/02/2021 10:44:00,27661,5,questionnaire-q9ns,,10284433,5f3302a8aea7430e3fba8764,3128793,,complete,,6034d345784eeac4461cb7b4,computer,Desktop or Laptop,Windows 10,Chrome 88.0.4324.150,1536x864,1519x722,,Hybrid 1 sequence instructions,6,No,END QUESTIONNAIRE,12581
1,1614078119987,23/02/2021 11:01:59,1614078119415,0,23/02/2021 11:01:59,27661,5,questionnaire-q9ns,,10285124,60311a70543ec5fe2111b84e,3129115,,complete,,6034da1537d5c07cd8823873,computer,Desktop or Laptop,Windows 7,Firefox 85.0,1366x768,1366x654,,Hybrid 1 sequence instructions,6,No,BEGIN QUESTIONNAIRE,
2,1614078209706,23/02/2021 11:03:29,1614078209239,0,23/02/2021 11:03:29,27661,5,questionnaire-q9ns,,10285124,60311a70543ec5fe2111b84e,3129115,,complete,,6034da1537d5c07cd8823873,computer,Desktop or Laptop,Windows 7,Firefox 85.0,1366x768,1349x654,,Hybrid 1 sequence instructions,6,No,END QUESTIONNAIRE,89825
1,1614079805398,23/02/2021 11:30:05,1614079805219,0,23/02/2021 11:30:05,27661,5,questionnaire-q9ns,,10286062,5eea8ce1177f5a19a860bbe5,3129587,,complete,,6034e3bc7abacce610a0f7a6,computer,Desktop or Laptop,Mac OS 11.2.0,Chrome 88.0.4324.150,1440x900,1440x764,,Hybrid 1 sequence instructions,6,No,BEGIN QUESTIONNAIRE,
2,1614079868516,23/02/2021 11:31:08,1614079868397,0,23/02/2021 11:31:08,27661,5,questionnaire-q9ns,,10286062,5eea8ce1177f5a19a860bbe5,3129587,,complete,,6034e3bc7abacce610a0f7a6,computer,Desktop or Laptop,Mac OS 11.2.0,Chrome 88.0.4324.150,1440x900,1440x764,,Hybrid 1 sequence instructions,6,No,END QUESTIONNAIRE,63178
1,1614080310605,23/02/2021 11:38:30,1614080309855,0,23/02/2021 11:38:29,27661,5,questionnaire-q9ns,,10286352,6028843cf85f4676854455ca,3129788,,complete,,6034e744ee7c7a97dfb04fb7,computer,Desktop or Laptop,Windows 10,Chrome 88.0.4324.182,1920x1080,1920x937,,Hybrid 1 sequence instructions,6,No,BEGIN QUESTIONNAIRE,
2,1614080334197,23/02/2021 11:38:54,1614080333534,0,23/02/2021 11:38:53,27661,5,questionnaire-q9ns,,10286352,6028843cf85f4676854455ca,3129788,,complete,,6034e744ee7c7a97dfb04fb7,computer,Desktop or Laptop,Windows 10,Chrome 88.0.4324.182,1920x1080,1920x937,,Hybrid 1 sequence instructions,6,No,END QUESTIONNAIRE,23679
END OF FILE
