﻿Event Index,UTC Timestamp,UTC Date,Local Timestamp,Local Timezone,Local Date,Experiment ID,Experiment Version,Tree Node Key,Repeat Key,Schedule ID,Participant Public ID,Participant Private ID,Participant Starting Group,Participant Status,Participant Completion Code,Participant External Session ID,Participant Device Type,Participant Device,Participant OS,Participant Browser,Participant Monitor Size,Participant Viewport Size,Checkpoint,Task Name,Task Version,Randomise questionnaire elements?,Question Key,Response
1,1614074225467,23/02/2021 09:57:05,1614074226016,0,23/02/2021 09:57:06,27661,5,questionnaire-fmbn,,10282794,59db44e63e5ea00001e1d163,3128692,,complete,,6034d1322290e3683f16b7c8,computer,Desktop or Laptop,Windows 10,Chrome 88.0.4324.190,1920x1080,1920x937,,Hybrid 1 rating instructions,3,No,BEGIN QUESTIONNAIRE,
2,1614074242969,23/02/2021 09:57:22,1614074243554,0,23/02/2021 09:57:23,27661,5,questionnaire-fmbn,,10282794,59db44e63e5ea00001e1d163,3128692,,complete,,6034d1322290e3683f16b7c8,computer,Desktop or Laptop,Windows 10,Chrome 88.0.4324.190,1920x1080,1920x937,,Hybrid 1 rating instructions,3,No,END QUESTIONNAIRE,17538
1,1614074378089,23/02/2021 09:59:38,1614074376534,0,23/02/2021 09:59:36,27661,5,questionnaire-fmbn,,10282853,5a67676a35f26b000149689d,3128716,,complete,,6034d1d3caa27eaed6817567,computer,Desktop or Laptop,Windows 10,Chrome 88.0.4324.182,1366x768,1366x695,,Hybrid 1 rating instructions,3,No,BEGIN QUESTIONNAIRE,
2,1614074390633,23/02/2021 09:59:50,1614074389221,0,23/02/2021 09:59:49,27661,5,questionnaire-fmbn,,10282853,5a67676a35f26b000149689d,3128716,,complete,,6034d1d3caa27eaed6817567,computer,Desktop or Laptop,Windows 10,Chrome 88.0.4324.182,1366x768,1366x695,,Hybrid 1 rating instructions,3,No,END QUESTIONNAIRE,12687
1,1614074413682,23/02/2021 10:00:13,1614074413480,0,23/02/2021 10:00:13,27661,5,questionnaire-fmbn,,10282875,600448ad029e4156f060b7ce,3128718,,complete,,6034d1ef1b06d81dbc0a3d90,computer,Desktop or Laptop,Windows 10,Chrome 88.0.4324.182,1280x720,1280x610,,Hybrid 1 rating instructions,3,No,BEGIN QUESTIONNAIRE,
2,1614074421074,23/02/2021 10:00:21,1614074420920,0,23/02/2021 10:00:20,27661,5,questionnaire-fmbn,,10282875,600448ad029e4156f060b7ce,3128718,,complete,,6034d1ef1b06d81dbc0a3d90,computer,Desktop or Laptop,Windows 10,Chrome 88.0.4324.182,1280x720,1280x610,,Hybrid 1 rating instructions,3,No,END QUESTIONNAIRE,7440
1,1614074460756,23/02/2021 10:01:00,1614074459740,0,23/02/2021 10:00:59,27661,5,questionnaire-fmbn,,10282886,55b9f7dcfdf99b7dba57c76b,3128721,,complete,,6034d1ee4e9bd2580bbaaddf,computer,Desktop or Laptop,Windows 10,Chrome 88.0.4324.182,1366x768,1366x625,,Hybrid 1 rating instructions,3,No,BEGIN QUESTIONNAIRE,
2,1614074474009,23/02/2021 10:01:14,1614074473047,0,23/02/2021 10:01:13,27661,5,questionnaire-fmbn,,10282886,55b9f7dcfdf99b7dba57c76b,3128721,,complete,,6034d1ee4e9bd2580bbaaddf,computer,Desktop or Laptop,Windows 10,Chrome 88.0.4324.182,1366x768,1366x625,,Hybrid 1 rating instructions,3,No,END QUESTIONNAIRE,13307
1,1614074497327,23/02/2021 10:01:37,1614074497684,0,23/02/2021 10:01:37,27661,5,questionnaire-fmbn,,10282901,6033879244141b01dadff9b3,3128725,,complete,,6034d1ec8fedf8a1f6193714,computer,Desktop or Laptop,Windows 10,Chrome 88.0.4324.182,1920x1080,1920x937,,Hybrid 1 rating instructions,3,No,BEGIN QUESTIONNAIRE,
2,1614074509233,23/02/2021 10:01:49,1614074509619,0,23/02/2021 10:01:49,27661,5,questionnaire-fmbn,,10282901,6033879244141b01dadff9b3,3128725,,complete,,6034d1ec8fedf8a1f6193714,computer,Desktop or Laptop,Windows 10,Chrome 88.0.4324.182,1920x1080,1920x937,,Hybrid 1 rating instructions,3,No,END QUESTIONNAIRE,11935
1,1614074589331,23/02/2021 10:03:09,1614074588773,0,23/02/2021 10:03:08,27661,5,questionnaire-fmbn,,10282978,5f8d5fc960f84702a6041945,3128757,,complete,,6034d2c15cbdce1e7cde1545,computer,Desktop or Laptop,Windows 10,Chrome 88.0.4324.182,2048x1152,1132x996,,Hybrid 1 rating instructions,3,No,BEGIN QUESTIONNAIRE,
2,1614074597425,23/02/2021 10:03:17,1614074596844,0,23/02/2021 10:03:16,27661,5,questionnaire-fmbn,,10282978,5f8d5fc960f84702a6041945,3128757,,complete,,6034d2c15cbdce1e7cde1545,computer,Desktop or Laptop,Windows 10,Chrome 88.0.4324.182,2048x1152,1132x996,,Hybrid 1 rating instructions,3,No,END QUESTIONNAIRE,8071
1,1614074596149,23/02/2021 10:03:16,1614074596006,0,23/02/2021 10:03:16,27661,5,questionnaire-fmbn,,10282982,5ffca3be63b06e0e9be0fb07,3128746,,complete,,6034d28042df3f2d2d82f049,computer,Desktop or Laptop,Windows 10,Chrome 88.0.4324.150,1536x864,1536x754,,Hybrid 1 rating instructions,3,No,BEGIN QUESTIONNAIRE,
2,1614074619400,23/02/2021 10:03:39,1614074619344,0,23/02/2021 10:03:39,27661,5,questionnaire-fmbn,,10282982,5ffca3be63b06e0e9be0fb07,3128746,,complete,,6034d28042df3f2d2d82f049,computer,Desktop or Laptop,Windows 10,Chrome 88.0.4324.150,1536x864,1536x754,,Hybrid 1 rating instructions,3,No,END QUESTIONNAIRE,23338
1,1614074603881,23/02/2021 10:03:23,1614074603783,0,23/02/2021 10:03:23,27661,5,questionnaire-fmbn,,10282988,573a3c9a67421f000f19193f,3128748,,complete,,6034d293c829d2418486136c,computer,Desktop or Laptop,Linux x86_64,Firefox 85.0,1366x768,1330x638,,Hybrid 1 rating instructions,3,No,BEGIN QUESTIONNAIRE,
2,1614074615619,23/02/2021 10:03:35,1614074615558,0,23/02/2021 10:03:35,27661,5,questionnaire-fmbn,,10282988,573a3c9a67421f000f19193f,3128748,,complete,,6034d293c829d2418486136c,computer,Desktop or Laptop,Linux x86_64,Firefox 85.0,1366x768,1330x638,,Hybrid 1 rating instructions,3,No,END QUESTIONNAIRE,11775
1,1614074655270,23/02/2021 10:04:15,1614074648805,0,23/02/2021 10:04:08,27661,5,questionnaire-fmbn,,10283015,5f234889f4b32f0fe33700bf,3128758,,complete,,6034d2bbd872ec3362bfeae0,computer,Desktop or Laptop,Windows 10,Chrome 88.0.4324.182,1280x720,1280x578,,Hybrid 1 rating instructions,3,No,BEGIN QUESTIONNAIRE,
2,1614074676048,23/02/2021 10:04:36,1614074669631,0,23/02/2021 10:04:29,27661,5,questionnaire-fmbn,,10283015,5f234889f4b32f0fe33700bf,3128758,,complete,,6034d2bbd872ec3362bfeae0,computer,Desktop or Laptop,Windows 10,Chrome 88.0.4324.182,1280x720,1280x578,,Hybrid 1 rating instructions,3,No,END QUESTIONNAIRE,20826
1,1614074663741,23/02/2021 10:04:23,1614074663461,0,23/02/2021 10:04:23,27661,5,questionnaire-fmbn,,10283020,5f3f20b035e74820e974da04,3128768,,complete,,6034d3020abca8d1a260fcc0,computer,Desktop or Laptop,Windows 10,Chrome 88.0.4324.182,1920x1080,1920x1009,,Hybrid 1 rating instructions,3,No,BEGIN QUESTIONNAIRE,
2,1614074667434,23/02/2021 10:04:27,1614074667163,0,23/02/2021 10:04:27,27661,5,questionnaire-fmbn,,10283020,5f3f20b035e74820e974da04,3128768,,complete,,6034d3020abca8d1a260fcc0,computer,Desktop or Laptop,Windows 10,Chrome 88.0.4324.182,1920x1080,1920x1009,,Hybrid 1 rating instructions,3,No,END QUESTIONNAIRE,3702
1,1614074706158,23/02/2021 10:05:06,1614074706143,0,23/02/2021 10:05:06,27661,5,questionnaire-fmbn,,10283048,5efca619e4d088064e281b4a,3128775,,complete,,6034d31cf0797537b725281d,computer,Desktop or Laptop,Windows 10,Chrome 88.0.4324.182,1368x912,1368x770,,Hybrid 1 rating instructions,3,No,BEGIN QUESTIONNAIRE,
2,1614074713881,23/02/2021 10:05:13,1614074714083,0,23/02/2021 10:05:14,27661,5,questionnaire-fmbn,,10283048,5efca619e4d088064e281b4a,3128775,,complete,,6034d31cf0797537b725281d,computer,Desktop or Laptop,Windows 10,Chrome 88.0.4324.182,1368x912,1368x770,,Hybrid 1 rating instructions,3,No,END QUESTIONNAIRE,7940
1,1614074724866,23/02/2021 10:05:24,1614074724054,0,23/02/2021 10:05:24,27661,5,questionnaire-fmbn,,10283060,5f155e9d426b2a6028c0a80d,3128771,,complete,,6034d313f70245dc7dee8358,computer,Desktop or Laptop,Windows 10,Firefox 85.0,1366x768,1366x626,,Hybrid 1 rating instructions,3,No,BEGIN QUESTIONNAIRE,
2,1614074756401,23/02/2021 10:05:56,1614074755643,0,23/02/2021 10:05:55,27661,5,questionnaire-fmbn,,10283060,5f155e9d426b2a6028c0a80d,3128771,,complete,,6034d313f70245dc7dee8358,computer,Desktop or Laptop,Windows 10,Firefox 85.0,1366x768,1366x626,,Hybrid 1 rating instructions,3,No,END QUESTIONNAIRE,31590
1,1614074763748,23/02/2021 10:06:03,1614074765128,0,23/02/2021 10:06:05,27661,5,questionnaire-fmbn,,10283079,5fad213e04a4133a09709050,3128767,,complete,,6034d2f8b720d7a881519ed7,computer,Desktop or Laptop,Windows 10,Edge 88.0.705.74,1366x768,1366x625,,Hybrid 1 rating instructions,3,No,BEGIN QUESTIONNAIRE,
2,1614074791523,23/02/2021 10:06:31,1614074792858,0,23/02/2021 10:06:32,27661,5,questionnaire-fmbn,,10283079,5fad213e04a4133a09709050,3128767,,complete,,6034d2f8b720d7a881519ed7,computer,Desktop or Laptop,Windows 10,Edge 88.0.705.74,1366x768,1366x625,,Hybrid 1 rating instructions,3,No,END QUESTIONNAIRE,27730
1,1614074840203,23/02/2021 10:07:20,1614074840114,0,23/02/2021 10:07:20,27661,5,questionnaire-fmbn,,10283152,5f4e62e681df14027f530f3a,3128800,,complete,,6034d37f11c1e1d52a170d27,computer,Desktop or Laptop,Mac OS 10.15.7,Chrome 87.0.4280.101,1920x1080,1387x813,,Hybrid 1 rating instructions,3,No,BEGIN QUESTIONNAIRE,
2,1614074843284,23/02/2021 10:07:23,1614074843245,0,23/02/2021 10:07:23,27661,5,questionnaire-fmbn,,10283152,5f4e62e681df14027f530f3a,3128800,,complete,,6034d37f11c1e1d52a170d27,computer,Desktop or Laptop,Mac OS 10.15.7,Chrome 87.0.4280.101,1920x1080,1387x813,,Hybrid 1 rating instructions,3,No,END QUESTIONNAIRE,3131
1,1614074842393,23/02/2021 10:07:22,1614074841548,0,23/02/2021 10:07:21,27661,5,questionnaire-fmbn,,10283156,5d80ee2f613aa90016874530,3128802,,complete,,6034d387972aa6dfbb5daab0,computer,Desktop or Laptop,Windows 10,Chrome 88.0.4324.182,1920x1080,929x905,,Hybrid 1 rating instructions,3,No,BEGIN QUESTIONNAIRE,
2,1614074857160,23/02/2021 10:07:37,1614074856358,0,23/02/2021 10:07:36,27661,5,questionnaire-fmbn,,10283156,5d80ee2f613aa90016874530,3128802,,complete,,6034d387972aa6dfbb5daab0,computer,Desktop or Laptop,Windows 10,Chrome 88.0.4324.182,1920x1080,929x905,,Hybrid 1 rating instructions,3,No,END QUESTIONNAIRE,14810
1,1614074847534,23/02/2021 10:07:27,1614074881892,0,23/02/2021 10:08:01,27661,5,questionnaire-fmbn,,10283161,59a6cb481363d9000167685c,3128799,,complete,,6034d37fcca165d1b5de9334,computer,Desktop or Laptop,Mac OS 10.10,Firefox 78.0,1440x900,1373x775,,Hybrid 1 rating instructions,3,No,BEGIN QUESTIONNAIRE,
2,1614074868305,23/02/2021 10:07:48,1614074902862,0,23/02/2021 10:08:22,27661,5,questionnaire-fmbn,,10283161,59a6cb481363d9000167685c,3128799,,complete,,6034d37fcca165d1b5de9334,computer,Desktop or Laptop,Mac OS 10.10,Firefox 78.0,1440x900,1373x775,,Hybrid 1 rating instructions,3,No,END QUESTIONNAIRE,20970
1,1614074852160,23/02/2021 10:07:32,1614074851898,0,23/02/2021 10:07:31,27661,5,questionnaire-fmbn,,10283167,5f3302a8aea7430e3fba8764,3128793,,complete,,6034d345784eeac4461cb7b4,computer,Desktop or Laptop,Windows 10,Chrome 88.0.4324.150,1536x864,1536x722,,Hybrid 1 rating instructions,3,No,BEGIN QUESTIONNAIRE,
2,1614074968723,23/02/2021 10:09:28,1614074968500,0,23/02/2021 10:09:28,27661,5,questionnaire-fmbn,,10283167,5f3302a8aea7430e3fba8764,3128793,,complete,,6034d345784eeac4461cb7b4,computer,Desktop or Laptop,Windows 10,Chrome 88.0.4324.150,1536x864,1536x722,,Hybrid 1 rating instructions,3,No,END QUESTIONNAIRE,116602
1,1614074853518,23/02/2021 10:07:33,1614074853627,0,23/02/2021 10:07:33,27661,5,questionnaire-fmbn,,10283168,60140cba090d3e36a09e63c3,3128812,,complete,,6034d3b55729714d064ad5ec,computer,Desktop or Laptop,Windows 10,Edge 88.0.705.74,1920x1080,1920x969,,Hybrid 1 rating instructions,3,No,BEGIN QUESTIONNAIRE,
2,1614074859121,23/02/2021 10:07:39,1614074859352,0,23/02/2021 10:07:39,27661,5,questionnaire-fmbn,,10283168,60140cba090d3e36a09e63c3,3128812,,complete,,6034d3b55729714d064ad5ec,computer,Desktop or Laptop,Windows 10,Edge 88.0.705.74,1920x1080,1920x969,,Hybrid 1 rating instructions,3,No,END QUESTIONNAIRE,5725
1,1614074856207,23/02/2021 10:07:36,1614074854913,0,23/02/2021 10:07:34,27661,5,questionnaire-fmbn,,10283171,602d4605dab92a72930be60e,3128818,,complete,,6034d3a5f2c8b6a69340a59d,computer,Desktop or Laptop,Windows 10,Edge 88.0.705.74,1920x1080,1536x775,,Hybrid 1 rating instructions,3,No,BEGIN QUESTIONNAIRE,
2,1614074858757,23/02/2021 10:07:38,1614074857670,0,23/02/2021 10:07:37,27661,5,questionnaire-fmbn,,10283171,602d4605dab92a72930be60e,3128818,,complete,,6034d3a5f2c8b6a69340a59d,computer,Desktop or Laptop,Windows 10,Edge 88.0.705.74,1920x1080,1536x775,,Hybrid 1 rating instructions,3,No,END QUESTIONNAIRE,2757
1,1614074874709,23/02/2021 10:07:54,1614074875028,0,23/02/2021 10:07:55,27661,5,questionnaire-fmbn,,10283186,5f2aa91e781f28324e3951e7,3128805,,complete,,6034d3921d4883e0f01cd1b7,computer,Desktop or Laptop,Windows 10,Chrome 88.0.4324.150,1280x720,1280x610,,Hybrid 1 rating instructions,3,No,BEGIN QUESTIONNAIRE,
2,1614074890840,23/02/2021 10:08:10,1614074891165,0,23/02/2021 10:08:11,27661,5,questionnaire-fmbn,,10283186,5f2aa91e781f28324e3951e7,3128805,,complete,,6034d3921d4883e0f01cd1b7,computer,Desktop or Laptop,Windows 10,Chrome 88.0.4324.150,1280x720,1280x610,,Hybrid 1 rating instructions,3,No,END QUESTIONNAIRE,16137
1,1614074895903,23/02/2021 10:08:15,1614074895744,0,23/02/2021 10:08:15,27661,5,questionnaire-fmbn,,10283201,5e4c60aabe83df0c334a08cf,3128814,,complete,,6034d3b1bef2b7b7f4c92475,computer,Desktop or Laptop,Windows 10,Chrome 88.0.4324.150,1024x820,1024x710,,Hybrid 1 rating instructions,3,No,BEGIN QUESTIONNAIRE,
2,1614075296944,23/02/2021 10:14:56,1614075296843,0,23/02/2021 10:14:56,27661,5,questionnaire-fmbn,,10283201,5e4c60aabe83df0c334a08cf,3128814,,complete,,6034d3b1bef2b7b7f4c92475,computer,Desktop or Laptop,Windows 10,Chrome 88.0.4324.150,1024x820,1024x710,,Hybrid 1 rating instructions,3,No,END QUESTIONNAIRE,401099
1,1614074932532,23/02/2021 10:08:52,1614074933960,0,23/02/2021 10:08:53,27661,5,questionnaire-fmbn,,10283231,5fca5377dd1d4f090ccab42d,3128816,,complete,,6034d3b5d054d363f6247e71,computer,Desktop or Laptop,Windows 10,Chrome 88.0.4324.182,1536x864,1536x735,,Hybrid 1 rating instructions,3,No,BEGIN QUESTIONNAIRE,
2,1614074936251,23/02/2021 10:08:56,1614074937666,0,23/02/2021 10:08:57,27661,5,questionnaire-fmbn,,10283231,5fca5377dd1d4f090ccab42d,3128816,,complete,,6034d3b5d054d363f6247e71,computer,Desktop or Laptop,Windows 10,Chrome 88.0.4324.182,1536x864,1536x735,,Hybrid 1 rating instructions,3,No,END QUESTIONNAIRE,3706
1,1614074934176,23/02/2021 10:08:54,1614074933984,0,23/02/2021 10:08:53,27661,5,questionnaire-fmbn,,10283232,578cfbf9c9abeb0001af3216,3128820,,complete,,6034d3cc7cd192f3447dc94e,computer,Desktop or Laptop,Mac OS 10.15.7,Safari 14.0.1,1440x900,1315x753,,Hybrid 1 rating instructions,3,No,BEGIN QUESTIONNAIRE,
2,1614074953329,23/02/2021 10:09:13,1614074953165,0,23/02/2021 10:09:13,27661,5,questionnaire-fmbn,,10283232,578cfbf9c9abeb0001af3216,3128820,,complete,,6034d3cc7cd192f3447dc94e,computer,Desktop or Laptop,Mac OS 10.15.7,Safari 14.0.1,1440x900,1315x753,,Hybrid 1 rating instructions,3,No,END QUESTIONNAIRE,19181
1,1614074933579,23/02/2021 10:08:53,1614074932718,0,23/02/2021 10:08:52,27661,5,questionnaire-fmbn,,10283233,5ca4996bc2c096001413f07e,3128834,,complete,,6034d4099eff721bdd93e492,computer,Desktop or Laptop,Mac OS 11.2.0,Chrome 88.0.4324.150,1440x900,1440x820,,Hybrid 1 rating instructions,3,No,BEGIN QUESTIONNAIRE,
2,1614074938442,23/02/2021 10:08:58,1614074937532,0,23/02/2021 10:08:57,27661,5,questionnaire-fmbn,,10283233,5ca4996bc2c096001413f07e,3128834,,complete,,6034d4099eff721bdd93e492,computer,Desktop or Laptop,Mac OS 11.2.0,Chrome 88.0.4324.150,1440x900,1440x820,,Hybrid 1 rating instructions,3,No,END QUESTIONNAIRE,4815
1,1614074948343,23/02/2021 10:09:08,1614074948776,0,23/02/2021 10:09:08,27661,5,questionnaire-fmbn,,10283246,5c5f29a78da44c00015c7d5c,3128828,,complete,,6034d351f9e46cb5ff13531a,computer,Desktop or Laptop,Windows 10,Edge 88.0.705.74,1536x864,878x413,,Hybrid 1 rating instructions,3,No,BEGIN QUESTIONNAIRE,
2,1614074963340,23/02/2021 10:09:23,1614074963789,0,23/02/2021 10:09:23,27661,5,questionnaire-fmbn,,10283246,5c5f29a78da44c00015c7d5c,3128828,,complete,,6034d351f9e46cb5ff13531a,computer,Desktop or Laptop,Windows 10,Edge 88.0.705.74,1536x864,878x413,,Hybrid 1 rating instructions,3,No,END QUESTIONNAIRE,15013
1,1614074954916,23/02/2021 10:09:14,1614074954778,0,23/02/2021 10:09:14,27661,5,questionnaire-fmbn,,10283257,5f3a3d686d730201406546ef,3128836,,complete,,6034d3fa316e5bb9b3e49179,computer,Desktop or Laptop,Windows 10,Edge 88.0.705.74,1920x1080,1920x969,,Hybrid 1 rating instructions,3,No,BEGIN QUESTIONNAIRE,
2,1614074967606,23/02/2021 10:09:27,1614074967520,0,23/02/2021 10:09:27,27661,5,questionnaire-fmbn,,10283257,5f3a3d686d730201406546ef,3128836,,complete,,6034d3fa316e5bb9b3e49179,computer,Desktop or Laptop,Windows 10,Edge 88.0.705.74,1920x1080,1920x969,,Hybrid 1 rating instructions,3,No,END QUESTIONNAIRE,12742
1,1614074959496,23/02/2021 10:09:19,1614074959830,0,23/02/2021 10:09:19,27661,5,questionnaire-fmbn,,10283260,5f688f49cd4c0e4e0a84d9be,3128832,,complete,,6034d4052a6f9ca56f478c48,computer,Desktop or Laptop,Windows 10,Chrome 88.0.4324.182,1536x864,1536x722,,Hybrid 1 rating instructions,3,No,BEGIN QUESTIONNAIRE,
2,1614074973148,23/02/2021 10:09:33,1614074973902,0,23/02/2021 10:09:33,27661,5,questionnaire-fmbn,,10283260,5f688f49cd4c0e4e0a84d9be,3128832,,complete,,6034d4052a6f9ca56f478c48,computer,Desktop or Laptop,Windows 10,Chrome 88.0.4324.182,1536x864,1536x722,,Hybrid 1 rating instructions,3,No,END QUESTIONNAIRE,14072
1,1614074982793,23/02/2021 10:09:42,1614074984348,0,23/02/2021 10:09:44,27661,5,questionnaire-fmbn,,10283277,5c30bae126d1c6000195f249,3128845,,complete,,6034d4220b1205f3a31956d0,computer,Desktop or Laptop,Windows 10,Firefox 85.0,1366x768,1366x626,,Hybrid 1 rating instructions,3,No,BEGIN QUESTIONNAIRE,
2,1614075004745,23/02/2021 10:10:04,1614075006340,0,23/02/2021 10:10:06,27661,5,questionnaire-fmbn,,10283277,5c30bae126d1c6000195f249,3128845,,complete,,6034d4220b1205f3a31956d0,computer,Desktop or Laptop,Windows 10,Firefox 85.0,1366x768,1366x626,,Hybrid 1 rating instructions,3,No,END QUESTIONNAIRE,21992
1,1614074985461,23/02/2021 10:09:45,1614074987362,0,23/02/2021 10:09:47,27661,5,questionnaire-fmbn,,10283280,5f2d27114d461928b80f1c77,3128826,,complete,,6034d3f10e4b28efbb6c9055,computer,Desktop or Laptop,Windows 10,Chrome 88.0.4324.182,1366x768,1366x625,,Hybrid 1 rating instructions,3,No,BEGIN QUESTIONNAIRE,
2,1614075003760,23/02/2021 10:10:03,1614075005651,0,23/02/2021 10:10:05,27661,5,questionnaire-fmbn,,10283280,5f2d27114d461928b80f1c77,3128826,,complete,,6034d3f10e4b28efbb6c9055,computer,Desktop or Laptop,Windows 10,Chrome 88.0.4324.182,1366x768,1366x625,,Hybrid 1 rating instructions,3,No,END QUESTIONNAIRE,18289
1,1614075001418,23/02/2021 10:10:01,1614075001343,0,23/02/2021 10:10:01,27661,5,questionnaire-fmbn,,10283284,598ae81a81ec2c0001619839,3128853,,complete,,6034d417bbd87d9876d83063,computer,Desktop or Laptop,Windows 10,Edge 88.0.705.74,1920x1080,1920x969,,Hybrid 1 rating instructions,3,No,BEGIN QUESTIONNAIRE,
2,1614075024860,23/02/2021 10:10:24,1614075024807,0,23/02/2021 10:10:24,27661,5,questionnaire-fmbn,,10283284,598ae81a81ec2c0001619839,3128853,,complete,,6034d417bbd87d9876d83063,computer,Desktop or Laptop,Windows 10,Edge 88.0.705.74,1920x1080,1920x969,,Hybrid 1 rating instructions,3,No,END QUESTIONNAIRE,23464
1,1614075002149,23/02/2021 10:10:02,1614074956537,0,23/02/2021 10:09:16,27661,5,questionnaire-fmbn,,10283285,5f01ac979d47482fd1425bac,3128819,,complete,,6034d3ac37ec0f7a77e711e1,computer,Desktop or Laptop,Windows 7,Chrome 88.0.4324.182,1920x1080,1920x969,,Hybrid 1 rating instructions,3,No,BEGIN QUESTIONNAIRE,
2,1614075006625,23/02/2021 10:10:06,1614074961066,0,23/02/2021 10:09:21,27661,5,questionnaire-fmbn,,10283285,5f01ac979d47482fd1425bac,3128819,,complete,,6034d3ac37ec0f7a77e711e1,computer,Desktop or Laptop,Windows 7,Chrome 88.0.4324.182,1920x1080,1920x969,,Hybrid 1 rating instructions,3,No,END QUESTIONNAIRE,4529
1,1614075016853,23/02/2021 10:10:16,1614075017344,0,23/02/2021 10:10:17,27661,5,questionnaire-fmbn,,10283299,5ec4ae36faf405398617680d,3128855,,complete,,6034d445bda7fbdefdb92501,computer,Desktop or Laptop,Windows 10,Chrome 88.0.4324.190,1536x864,1536x722,,Hybrid 1 rating instructions,3,No,BEGIN QUESTIONNAIRE,
2,1614075027047,23/02/2021 10:10:27,1614075027576,0,23/02/2021 10:10:27,27661,5,questionnaire-fmbn,,10283299,5ec4ae36faf405398617680d,3128855,,complete,,6034d445bda7fbdefdb92501,computer,Desktop or Laptop,Windows 10,Chrome 88.0.4324.190,1536x864,1536x722,,Hybrid 1 rating instructions,3,No,END QUESTIONNAIRE,10232
1,1614075021822,23/02/2021 10:10:21,1614075021655,0,23/02/2021 10:10:21,27661,5,questionnaire-fmbn,,10283304,5fe20017bf9ae4cfe75a3ba3,3128854,,complete,,6034d42359e862fa59c213fb,computer,Desktop or Laptop,Mac OS 10.15.6,Safari 14.0.3,1280x800,1280x720,,Hybrid 1 rating instructions,3,No,BEGIN QUESTIONNAIRE,
2,1614075037511,23/02/2021 10:10:37,1614075037351,0,23/02/2021 10:10:37,27661,5,questionnaire-fmbn,,10283304,5fe20017bf9ae4cfe75a3ba3,3128854,,complete,,6034d42359e862fa59c213fb,computer,Desktop or Laptop,Mac OS 10.15.6,Safari 14.0.3,1280x800,1280x720,,Hybrid 1 rating instructions,3,No,END QUESTIONNAIRE,15696
1,1614075032102,23/02/2021 10:10:32,1614075029789,0,23/02/2021 10:10:29,27661,5,questionnaire-fmbn,,10283314,5ab39e18fa3b4e000172b540,3128830,,complete,,6034d3f9cc93358299947e53,computer,Desktop or Laptop,Windows 10,Chrome 88.0.4324.182,1366x768,1366x625,,Hybrid 1 rating instructions,3,No,BEGIN QUESTIONNAIRE,
2,1614075033492,23/02/2021 10:10:33,1614075031263,0,23/02/2021 10:10:31,27661,5,questionnaire-fmbn,,10283314,5ab39e18fa3b4e000172b540,3128830,,complete,,6034d3f9cc93358299947e53,computer,Desktop or Laptop,Windows 10,Chrome 88.0.4324.182,1366x768,1366x625,,Hybrid 1 rating instructions,3,No,END QUESTIONNAIRE,1474
1,1614075034526,23/02/2021 10:10:34,1614075035038,0,23/02/2021 10:10:35,27661,5,questionnaire-fmbn,,10283318,5eaf3f284633ef62d7302a8f,3128838,,complete,,6034d4086ca3207592cae6ed,computer,Desktop or Laptop,Windows 10,Chrome 88.0.4324.182,1920x1080,1920x937,,Hybrid 1 rating instructions,3,No,BEGIN QUESTIONNAIRE,
2,1614075064123,23/02/2021 10:11:04,1614075064685,0,23/02/2021 10:11:04,27661,5,questionnaire-fmbn,,10283318,5eaf3f284633ef62d7302a8f,3128838,,complete,,6034d4086ca3207592cae6ed,computer,Desktop or Laptop,Windows 10,Chrome 88.0.4324.182,1920x1080,1920x937,,Hybrid 1 rating instructions,3,No,END QUESTIONNAIRE,29647
1,1614075091944,23/02/2021 10:11:31,1614075091845,0,23/02/2021 10:11:31,27661,5,questionnaire-fmbn,,10283352,5f4fd27b94f9470f0737c29e,3128867,,complete,,6034d48fe5496c149475b2d8,computer,Desktop or Laptop,Mac OS 10.14.6,Chrome 88.0.4324.182,1440x900,1440x821,,Hybrid 1 rating instructions,3,No,BEGIN QUESTIONNAIRE,
2,1614075112496,23/02/2021 10:11:52,1614075112436,0,23/02/2021 10:11:52,27661,5,questionnaire-fmbn,,10283352,5f4fd27b94f9470f0737c29e,3128867,,complete,,6034d48fe5496c149475b2d8,computer,Desktop or Laptop,Mac OS 10.14.6,Chrome 88.0.4324.182,1440x900,1440x821,,Hybrid 1 rating instructions,3,No,END QUESTIONNAIRE,20591
1,1614075101995,23/02/2021 10:11:41,1614075102797,0,23/02/2021 10:11:42,27661,5,questionnaire-fmbn,,10283358,5c595ccac42cde00015b8d35,3128868,,complete,,6034d492671381c2efb1f0f1,computer,Desktop or Laptop,Windows 10,Chrome 88.0.4324.182,1920x1080,1920x937,,Hybrid 1 rating instructions,3,No,BEGIN QUESTIONNAIRE,
2,1614075128669,23/02/2021 10:12:08,1614075129334,0,23/02/2021 10:12:09,27661,5,questionnaire-fmbn,,10283358,5c595ccac42cde00015b8d35,3128868,,complete,,6034d492671381c2efb1f0f1,computer,Desktop or Laptop,Windows 10,Chrome 88.0.4324.182,1920x1080,1920x937,,Hybrid 1 rating instructions,3,No,END QUESTIONNAIRE,26537
1,1614075112828,23/02/2021 10:11:52,1614075112827,0,23/02/2021 10:11:52,27661,5,questionnaire-fmbn,,10283365,59e9e46a1c947e00012b2621,3128859,,complete,,6034d44485770aaf0aade9a0,computer,Desktop or Laptop,Windows 10,Chrome 88.0.4324.190,1366x768,1346x641,,Hybrid 1 rating instructions,3,No,BEGIN QUESTIONNAIRE,
2,1614075141097,23/02/2021 10:12:21,1614075141028,0,23/02/2021 10:12:21,27661,5,questionnaire-fmbn,,10283365,59e9e46a1c947e00012b2621,3128859,,complete,,6034d44485770aaf0aade9a0,computer,Desktop or Laptop,Windows 10,Chrome 88.0.4324.190,1366x768,1346x641,,Hybrid 1 rating instructions,3,No,END QUESTIONNAIRE,28202
1,1614075114764,23/02/2021 10:11:54,1614075114623,0,23/02/2021 10:11:54,27661,5,questionnaire-fmbn,,10283367,5f0a04205a17782c34fcb466,3128871,,complete,,6034d49e0987e45a52f5b52b,computer,Desktop or Laptop,Mac OS 10.15.7,Safari 13.1.3,1440x900,729x757,,Hybrid 1 rating instructions,3,No,BEGIN QUESTIONNAIRE,
2,1614075119486,23/02/2021 10:11:59,1614075119382,0,23/02/2021 10:11:59,27661,5,questionnaire-fmbn,,10283367,5f0a04205a17782c34fcb466,3128871,,complete,,6034d49e0987e45a52f5b52b,computer,Desktop or Laptop,Mac OS 10.15.7,Safari 13.1.3,1440x900,729x757,,Hybrid 1 rating instructions,3,No,END QUESTIONNAIRE,4759
1,1614075155418,23/02/2021 10:12:35,1614075155064,0,23/02/2021 10:12:35,27661,5,questionnaire-fmbn,,10283396,5ff1f30afd725a6a242c06f0,3128882,,complete,,6034d48642df3f2d2d82f053,computer,Desktop or Laptop,Windows 10,Chrome 88.0.4324.182,1920x1080,1920x977,,Hybrid 1 rating instructions,3,No,BEGIN QUESTIONNAIRE,
2,1614075193386,23/02/2021 10:13:13,1614075193046,0,23/02/2021 10:13:13,27661,5,questionnaire-fmbn,,10283396,5ff1f30afd725a6a242c06f0,3128882,,complete,,6034d48642df3f2d2d82f053,computer,Desktop or Laptop,Windows 10,Chrome 88.0.4324.182,1920x1080,1920x977,,Hybrid 1 rating instructions,3,No,END QUESTIONNAIRE,37982
1,1614075202951,23/02/2021 10:13:22,1614075194614,0,23/02/2021 10:13:14,27661,5,questionnaire-fmbn,,10283417,5cdd23fcb00e8300156ffe74,3128877,,complete,,6034d3d90d7d860713cd19fb,computer,Desktop or Laptop,Windows 10,Edge 88.0.705.74,1366x768,1366x657,,Hybrid 1 rating instructions,3,No,BEGIN QUESTIONNAIRE,
2,1614075214191,23/02/2021 10:13:34,1614075205892,0,23/02/2021 10:13:25,27661,5,questionnaire-fmbn,,10283417,5cdd23fcb00e8300156ffe74,3128877,,complete,,6034d3d90d7d860713cd19fb,computer,Desktop or Laptop,Windows 10,Edge 88.0.705.74,1366x768,1366x657,,Hybrid 1 rating instructions,3,No,END QUESTIONNAIRE,11278
1,1614075470142,23/02/2021 10:17:50,1614075462022,0,23/02/2021 10:17:42,27661,5,questionnaire-fmbn,,10283576,5e028ecee86356e120d1ca1b,3128809,,complete,,6034d3a0addedd344ea6ab12,computer,Desktop or Laptop,Chromium OS 13505.111.0,Chrome 87.0.4280.152,1366x768,1366x649,,Hybrid 1 rating instructions,3,No,BEGIN QUESTIONNAIRE,
2,1614075490591,23/02/2021 10:18:10,1614075482415,0,23/02/2021 10:18:02,27661,5,questionnaire-fmbn,,10283576,5e028ecee86356e120d1ca1b,3128809,,complete,,6034d3a0addedd344ea6ab12,computer,Desktop or Laptop,Chromium OS 13505.111.0,Chrome 87.0.4280.152,1366x768,1366x649,,Hybrid 1 rating instructions,3,No,END QUESTIONNAIRE,20393
1,1614075505879,23/02/2021 10:18:25,1614075505587,0,23/02/2021 10:18:25,27661,5,questionnaire-fmbn,,10283594,5f292fcf1c0b59026ec1c55b,3128949,,complete,,6034d4271ba4d81cbe37e839,computer,Desktop or Laptop,Mac OS 10.14.6,Chrome 87.0.4280.88,1440x900,1440x789,,Hybrid 1 rating instructions,3,No,BEGIN QUESTIONNAIRE,
2,1614075545236,23/02/2021 10:19:05,1614075545200,0,23/02/2021 10:19:05,27661,5,questionnaire-fmbn,,10283594,5f292fcf1c0b59026ec1c55b,3128949,,complete,,6034d4271ba4d81cbe37e839,computer,Desktop or Laptop,Mac OS 10.14.6,Chrome 87.0.4280.88,1440x900,1440x789,,Hybrid 1 rating instructions,3,No,END QUESTIONNAIRE,39613
1,1614075595245,23/02/2021 10:19:55,1614075595116,0,23/02/2021 10:19:55,27661,5,questionnaire-fmbn,,10283645,5eff496d6ec5554ab7b216c0,3128958,,complete,,6034d2ea18b831c6b497dcf9,computer,Desktop or Laptop,Mac OS 10.13.6,Chrome 88.0.4324.182,1920x1080,1920x912,,Hybrid 1 rating instructions,3,No,BEGIN QUESTIONNAIRE,
2,1614075602050,23/02/2021 10:20:02,1614075602028,0,23/02/2021 10:20:02,27661,5,questionnaire-fmbn,,10283645,5eff496d6ec5554ab7b216c0,3128958,,complete,,6034d2ea18b831c6b497dcf9,computer,Desktop or Laptop,Mac OS 10.13.6,Chrome 88.0.4324.182,1920x1080,1920x912,,Hybrid 1 rating instructions,3,No,END QUESTIONNAIRE,6912
1,1614075613051,23/02/2021 10:20:13,1614075612954,0,23/02/2021 10:20:12,27661,5,questionnaire-fmbn,,10283655,5e49a8b156076342a43facc7,3128959,,complete,,6034d491784eeac4461cb7bd,computer,Desktop or Laptop,Mac OS 10.15.7,Safari 14.0.3,1440x900,1324x727,,Hybrid 1 rating instructions,3,No,BEGIN QUESTIONNAIRE,
2,1614075633949,23/02/2021 10:20:33,1614075633842,0,23/02/2021 10:20:33,27661,5,questionnaire-fmbn,,10283655,5e49a8b156076342a43facc7,3128959,,complete,,6034d491784eeac4461cb7bd,computer,Desktop or Laptop,Mac OS 10.15.7,Safari 14.0.3,1440x900,1324x727,,Hybrid 1 rating instructions,3,No,END QUESTIONNAIRE,20888
1,1614075725160,23/02/2021 10:22:05,1614075727750,0,23/02/2021 10:22:07,27661,5,questionnaire-fmbn,,10283717,5f6b53f45f8f150117a32e71,3128978,,complete,,6034d5be03a9e86ec8c9636f,computer,Desktop or Laptop,Windows 10,Chrome 88.0.4324.150,1920x1080,1920x937,,Hybrid 1 rating instructions,3,No,BEGIN QUESTIONNAIRE,
2,1614075825729,23/02/2021 10:23:45,1614075828347,0,23/02/2021 10:23:48,27661,5,questionnaire-fmbn,,10283717,5f6b53f45f8f150117a32e71,3128978,,complete,,6034d5be03a9e86ec8c9636f,computer,Desktop or Laptop,Windows 10,Chrome 88.0.4324.150,1920x1080,1920x937,,Hybrid 1 rating instructions,3,No,END QUESTIONNAIRE,100597
1,1614075726942,23/02/2021 10:22:06,1614075727041,0,23/02/2021 10:22:07,27661,5,questionnaire-fmbn,,10283719,5e9c5564c745a0174729ab3c,3128991,,complete,,6034d6e0641a7bf8ea60f0e8,computer,Desktop or Laptop,Windows 10,Chrome 88.0.4324.182,1536x864,1536x726,,Hybrid 1 rating instructions,3,No,BEGIN QUESTIONNAIRE,
2,1614075749413,23/02/2021 10:22:29,1614075749517,0,23/02/2021 10:22:29,27661,5,questionnaire-fmbn,,10283719,5e9c5564c745a0174729ab3c,3128991,,complete,,6034d6e0641a7bf8ea60f0e8,computer,Desktop or Laptop,Windows 10,Chrome 88.0.4324.182,1536x864,1536x726,,Hybrid 1 rating instructions,3,No,END QUESTIONNAIRE,22476
1,1614076581138,23/02/2021 10:36:21,1614076580669,0,23/02/2021 10:36:20,27661,5,questionnaire-fmbn,,10284187,60311a70543ec5fe2111b84e,3129115,,complete,,6034da1537d5c07cd8823873,computer,Desktop or Laptop,Windows 7,Firefox 85.0,1366x768,1366x654,,Hybrid 1 rating instructions,3,No,BEGIN QUESTIONNAIRE,
2,1614076598665,23/02/2021 10:36:38,1614076598232,0,23/02/2021 10:36:38,27661,5,questionnaire-fmbn,,10284187,60311a70543ec5fe2111b84e,3129115,,complete,,6034da1537d5c07cd8823873,computer,Desktop or Laptop,Windows 7,Firefox 85.0,1366x768,1366x654,,Hybrid 1 rating instructions,3,No,END QUESTIONNAIRE,17563
1,1614079003741,23/02/2021 11:16:43,1614079003428,0,23/02/2021 11:16:43,27661,5,questionnaire-fmbn,,10285658,5eea8ce1177f5a19a860bbe5,3129587,,complete,,6034e3bc7abacce610a0f7a6,computer,Desktop or Laptop,Mac OS 11.2.0,Chrome 88.0.4324.150,1440x900,1440x764,,Hybrid 1 rating instructions,3,No,BEGIN QUESTIONNAIRE,
2,1614079006250,23/02/2021 11:16:46,1614079005933,0,23/02/2021 11:16:45,27661,5,questionnaire-fmbn,,10285658,5eea8ce1177f5a19a860bbe5,3129587,,complete,,6034e3bc7abacce610a0f7a6,computer,Desktop or Laptop,Mac OS 11.2.0,Chrome 88.0.4324.150,1440x900,1440x764,,Hybrid 1 rating instructions,3,No,END QUESTIONNAIRE,2505
1,1614079848228,23/02/2021 11:30:48,1614079847551,0,23/02/2021 11:30:47,27661,5,questionnaire-fmbn,,10286078,6028843cf85f4676854455ca,3129788,,complete,,6034e744ee7c7a97dfb04fb7,computer,Desktop or Laptop,Windows 10,Chrome 88.0.4324.182,1920x1080,1920x937,,Hybrid 1 rating instructions,3,No,BEGIN QUESTIONNAIRE,
2,1614079855057,23/02/2021 11:30:55,1614079854408,0,23/02/2021 11:30:54,27661,5,questionnaire-fmbn,,10286078,6028843cf85f4676854455ca,3129788,,complete,,6034e744ee7c7a97dfb04fb7,computer,Desktop or Laptop,Windows 10,Chrome 88.0.4324.182,1920x1080,1920x937,,Hybrid 1 rating instructions,3,No,END QUESTIONNAIRE,6857
END OF FILE
