﻿Event Index,UTC Timestamp,UTC Date,Local Timestamp,Local Timezone,Local Date,Experiment ID,Experiment Version,Tree Node Key,Repeat Key,Schedule ID,Participant Public ID,Participant Private ID,Participant Starting Group,Participant Status,Participant Completion Code,Participant External Session ID,Participant Device Type,Participant Device,Participant OS,Participant Browser,Participant Monitor Size,Participant Viewport Size,Checkpoint,Task Name,Task Version,randomiser-qkdw,Randomise questionnaire elements?,Question Key,Response
1,1614161386068,24/02/2021 10:09:46,1614161387377,0,24/02/2021 10:09:47,32735,4,questionnaire-yhkg,,10317767,5f649a5cd14d460266092062,3139567,,complete,,60362599a55e3b533addbf14,computer,Desktop or Laptop,Windows 10,Edge 88.0.705.74,1024x768,1024x657,,Hybrid 3: Bruno sequence instructions,7,5,No,BEGIN QUESTIONNAIRE,
2,1614161403536,24/02/2021 10:10:03,1614161404806,0,24/02/2021 10:10:04,32735,4,questionnaire-yhkg,,10317767,5f649a5cd14d460266092062,3139567,,complete,,60362599a55e3b533addbf14,computer,Desktop or Laptop,Windows 10,Edge 88.0.705.74,1024x768,1007x657,,Hybrid 3: Bruno sequence instructions,7,5,No,END QUESTIONNAIRE,17429
1,1614161426952,24/02/2021 10:10:26,1614161426857,0,24/02/2021 10:10:26,32735,4,questionnaire-yhkg,,10317823,5d41bdfb88d03a001701ebd7,3139584,,complete,,603625c3c2f57e9b677253a7,computer,Desktop or Laptop,Mac OS 10.14.5,Chrome 87.0.4280.141,1440x900,1440x789,,Hybrid 3: Bruno sequence instructions,7,10,No,BEGIN QUESTIONNAIRE,
2,1614161503117,24/02/2021 10:11:43,1614161503044,0,24/02/2021 10:11:43,32735,4,questionnaire-yhkg,,10317823,5d41bdfb88d03a001701ebd7,3139584,,complete,,603625c3c2f57e9b677253a7,computer,Desktop or Laptop,Mac OS 10.14.5,Chrome 87.0.4280.141,1440x900,1440x789,,Hybrid 3: Bruno sequence instructions,7,10,No,END QUESTIONNAIRE,76187
1,1614161656555,24/02/2021 10:14:16,1614161656277,0,24/02/2021 10:14:16,32735,4,questionnaire-yhkg,,10318019,603522a9c58a9e78ebc49eef,3139622,,complete,,603626acaaacb7095137c043,computer,Desktop or Laptop,Ubuntu undefined,Firefox 85.0,1366x768,1304x638,,Hybrid 3: Bruno sequence instructions,7,6,No,BEGIN QUESTIONNAIRE,
2,1614161731237,24/02/2021 10:15:31,1614161731154,0,24/02/2021 10:15:31,32735,4,questionnaire-yhkg,,10318019,603522a9c58a9e78ebc49eef,3139622,,complete,,603626acaaacb7095137c043,computer,Desktop or Laptop,Ubuntu undefined,Firefox 85.0,1366x768,1292x638,,Hybrid 3: Bruno sequence instructions,7,6,No,END QUESTIONNAIRE,74877
1,1614161699820,24/02/2021 10:14:59,1614161697643,0,24/02/2021 10:14:57,32735,4,questionnaire-yhkg,,10318041,5b77f86ac47b420001f9b009,3139630,,complete,,603626e083ad5290fb1b69ca,computer,Desktop or Laptop,Mac OS 10.15.6,Safari 14.0.3,810x1080,1080x698,,Hybrid 3: Bruno sequence instructions,7,5,No,BEGIN QUESTIONNAIRE,
2,1614161759872,24/02/2021 10:15:59,1614161757600,0,24/02/2021 10:15:57,32735,4,questionnaire-yhkg,,10318041,5b77f86ac47b420001f9b009,3139630,,complete,,603626e083ad5290fb1b69ca,computer,Desktop or Laptop,Mac OS 10.15.6,Safari 14.0.3,810x1080,1080x698,,Hybrid 3: Bruno sequence instructions,7,5,No,END QUESTIONNAIRE,59957
1,1614161737293,24/02/2021 10:15:37,1614161736698,0,24/02/2021 10:15:36,32735,4,questionnaire-yhkg,,10318069,5e9132c5df10df4620035695,3139629,,complete,,603626cf36a6a5a27d662e7b,computer,Desktop or Laptop,Windows 10,Chrome 88.0.4324.190,1366x768,1366x625,,Hybrid 3: Bruno sequence instructions,7,7,No,BEGIN QUESTIONNAIRE,
2,1614162017330,24/02/2021 10:20:17,1614162016670,0,24/02/2021 10:20:16,32735,4,questionnaire-yhkg,,10318069,5e9132c5df10df4620035695,3139629,,complete,,603626cf36a6a5a27d662e7b,computer,Desktop or Laptop,Windows 10,Chrome 88.0.4324.190,1366x768,1349x625,,Hybrid 3: Bruno sequence instructions,7,7,No,END QUESTIONNAIRE,279972
1,1614161743352,24/02/2021 10:15:43,1614161744434,0,24/02/2021 10:15:44,32735,4,questionnaire-yhkg,,10318079,60127750729e662b6d9a11a5,3139627,,complete,,603626ccc95481c13b5d4481,computer,Desktop or Laptop,Windows 10,Chrome 88.0.4324.150,1366x768,1366x625,,Hybrid 3: Bruno sequence instructions,7,7,No,BEGIN QUESTIONNAIRE,
2,1614161800361,24/02/2021 10:16:40,1614161801467,0,24/02/2021 10:16:41,32735,4,questionnaire-yhkg,,10318079,60127750729e662b6d9a11a5,3139627,,complete,,603626ccc95481c13b5d4481,computer,Desktop or Laptop,Windows 10,Chrome 88.0.4324.150,1366x768,1349x625,,Hybrid 3: Bruno sequence instructions,7,7,No,END QUESTIONNAIRE,57033
1,1614161869374,24/02/2021 10:17:49,1614161868899,0,24/02/2021 10:17:48,32735,4,questionnaire-yhkg,,10318169,5d4892d03eb6bf0018399498,3139656,,complete,,603627846391cd846569e246,computer,Desktop or Laptop,Windows 10,Chrome 88.0.4324.182,1280x720,1280x610,,Hybrid 3: Bruno sequence instructions,7,9,No,BEGIN QUESTIONNAIRE,
2,1614161903322,24/02/2021 10:18:23,1614161902804,0,24/02/2021 10:18:22,32735,4,questionnaire-yhkg,,10318169,5d4892d03eb6bf0018399498,3139656,,complete,,603627846391cd846569e246,computer,Desktop or Laptop,Windows 10,Chrome 88.0.4324.182,1280x720,1263x610,,Hybrid 3: Bruno sequence instructions,7,9,No,END QUESTIONNAIRE,33905
1,1614161950634,24/02/2021 10:19:10,1614161950433,1,24/02/2021 11:19:10,32735,4,questionnaire-yhkg,,10318228,5f3abbacc5922372be1fb7fa,3139674,,complete,,603627eb3cb0e97f91fa0a0f,computer,Desktop or Laptop,Mac OS 10.15.7,Chrome 88.0.4324.182,1792x1120,1663x905,,Hybrid 3: Bruno sequence instructions,7,5,No,BEGIN QUESTIONNAIRE,
2,1614162033959,24/02/2021 10:20:33,1614162033708,1,24/02/2021 11:20:33,32735,4,questionnaire-yhkg,,10318228,5f3abbacc5922372be1fb7fa,3139674,,complete,,603627eb3cb0e97f91fa0a0f,computer,Desktop or Laptop,Mac OS 10.15.7,Chrome 88.0.4324.182,1792x1120,1663x905,,Hybrid 3: Bruno sequence instructions,7,5,No,END QUESTIONNAIRE,83275
1,1614162128389,24/02/2021 10:22:08,1614161914819,0,24/02/2021 10:18:34,32735,4,questionnaire-yhkg,,10318355,5d8490e96620d200186fc513,3139696,,complete,,6036287ee362cbd940dedcf2,computer,Desktop or Laptop,Mac OS 10.15.7,Chrome 87.0.4280.88,1440x900,1440x821,,Hybrid 3: Bruno sequence instructions,7,1,No,BEGIN QUESTIONNAIRE,
2,1614162178613,24/02/2021 10:22:58,1614161965128,0,24/02/2021 10:19:25,32735,4,questionnaire-yhkg,,10318355,5d8490e96620d200186fc513,3139696,,complete,,6036287ee362cbd940dedcf2,computer,Desktop or Laptop,Mac OS 10.15.7,Chrome 87.0.4280.88,1440x900,1440x821,,Hybrid 3: Bruno sequence instructions,7,1,No,END QUESTIONNAIRE,50309
1,1614162132093,24/02/2021 10:22:12,1614162131699,0,24/02/2021 10:22:11,32735,4,questionnaire-yhkg,,10318360,5e7cd598948847066b89bc30,3139694,,complete,,6036281b7e2f60a8314652fe,computer,Desktop or Laptop,Mac OS 10.15.6,Safari 14.0.3,1440x900,1239x679,,Hybrid 3: Bruno sequence instructions,7,2,No,BEGIN QUESTIONNAIRE,
2,1614162190346,24/02/2021 10:23:10,1614162189967,0,24/02/2021 10:23:09,32735,4,questionnaire-yhkg,,10318360,5e7cd598948847066b89bc30,3139694,,complete,,6036281b7e2f60a8314652fe,computer,Desktop or Laptop,Mac OS 10.15.6,Safari 14.0.3,1440x900,1239x679,,Hybrid 3: Bruno sequence instructions,7,2,No,END QUESTIONNAIRE,58268
1,1614162147319,24/02/2021 10:22:27,1614162147075,0,24/02/2021 10:22:27,32735,4,questionnaire-yhkg,,10318373,60225ab007e6f2332201e445,3139700,,complete,,603628a3ee4c0ee88414ffe6,computer,Desktop or Laptop,Windows 10,Chrome 88.0.4324.182,1280x720,1280x610,,Hybrid 3: Bruno sequence instructions,7,6,No,BEGIN QUESTIONNAIRE,
2,1614162194974,24/02/2021 10:23:14,1614162194743,0,24/02/2021 10:23:14,32735,4,questionnaire-yhkg,,10318373,60225ab007e6f2332201e445,3139700,,complete,,603628a3ee4c0ee88414ffe6,computer,Desktop or Laptop,Windows 10,Chrome 88.0.4324.182,1280x720,1263x610,,Hybrid 3: Bruno sequence instructions,7,6,No,END QUESTIONNAIRE,47668
1,1614162170500,24/02/2021 10:22:50,1614162170414,0,24/02/2021 10:22:50,32735,4,questionnaire-yhkg,,10318391,5d549deaec261c001a88748f,3139703,,complete,,603628aab7bf842dd842e84b,computer,Desktop or Laptop,Mac OS 10.13.6,Chrome 88.0.4324.150,2560x1440,1409x1139,,Hybrid 3: Bruno sequence instructions,7,8,No,BEGIN QUESTIONNAIRE,
2,1614162232203,24/02/2021 10:23:52,1614162232144,0,24/02/2021 10:23:52,32735,4,questionnaire-yhkg,,10318391,5d549deaec261c001a88748f,3139703,,complete,,603628aab7bf842dd842e84b,computer,Desktop or Laptop,Mac OS 10.13.6,Chrome 88.0.4324.150,2560x1440,1409x1139,,Hybrid 3: Bruno sequence instructions,7,8,No,END QUESTIONNAIRE,61730
1,1614162178284,24/02/2021 10:22:58,1614162177453,0,24/02/2021 10:22:57,32735,4,questionnaire-yhkg,,10318399,5caf1f3e851c17001362968b,3139702,,complete,,603628ac901d33e08089dbd3,computer,Desktop or Laptop,Windows 10,Chrome 88.0.4324.182,1600x900,1600x795,,Hybrid 3: Bruno sequence instructions,7,8,No,BEGIN QUESTIONNAIRE,
2,1614162218922,24/02/2021 10:23:38,1614162218145,0,24/02/2021 10:23:38,32735,4,questionnaire-yhkg,,10318399,5caf1f3e851c17001362968b,3139702,,complete,,603628ac901d33e08089dbd3,computer,Desktop or Laptop,Windows 10,Chrome 88.0.4324.182,1600x900,1583x795,,Hybrid 3: Bruno sequence instructions,7,8,No,END QUESTIONNAIRE,40692
1,1614162188611,24/02/2021 10:23:08,1614162188270,0,24/02/2021 10:23:08,32735,4,questionnaire-yhkg,,10318412,5ee8f946c5c1320d466ea793,3139710,,complete,,603628d9c743bf7ea4b30ce3,computer,Desktop or Laptop,Mac OS 11.2.1,Chrome 88.0.4324.182,1440x900,1440x821,,Hybrid 3: Bruno sequence instructions,7,1,No,BEGIN QUESTIONNAIRE,
2,1614162244649,24/02/2021 10:24:04,1614162244178,0,24/02/2021 10:24:04,32735,4,questionnaire-yhkg,,10318412,5ee8f946c5c1320d466ea793,3139710,,complete,,603628d9c743bf7ea4b30ce3,computer,Desktop or Laptop,Mac OS 11.2.1,Chrome 88.0.4324.182,1440x900,1440x821,,Hybrid 3: Bruno sequence instructions,7,1,No,END QUESTIONNAIRE,55908
1,1614162193121,24/02/2021 10:23:13,1614162187629,0,24/02/2021 10:23:07,32735,4,questionnaire-yhkg,,10318415,602d7e05c29fb17b8cc87463,3139707,,complete,,603628c8fcfe1a1738fbee2a,computer,Desktop or Laptop,Chromium OS 13597.66.0,Chrome 88.0.4324.109,1366x768,1366x617,,Hybrid 3: Bruno sequence instructions,7,1,No,BEGIN QUESTIONNAIRE,
2,1614162218953,24/02/2021 10:23:38,1614162213588,0,24/02/2021 10:23:33,32735,4,questionnaire-yhkg,,10318415,602d7e05c29fb17b8cc87463,3139707,,complete,,603628c8fcfe1a1738fbee2a,computer,Desktop or Laptop,Chromium OS 13597.66.0,Chrome 88.0.4324.109,1366x768,1366x617,,Hybrid 3: Bruno sequence instructions,7,1,No,END QUESTIONNAIRE,25959
1,1614162224183,24/02/2021 10:23:44,1614162273516,0,24/02/2021 10:24:33,32735,4,questionnaire-yhkg,,10318442,5d9d08a84a8b5e0016c5ff3d,3139709,,complete,,603628c9f005df6ce6ce4537,computer,Desktop or Laptop,Windows 10,Chrome 88.0.4324.150,1280x720,1280x610,,Hybrid 3: Bruno sequence instructions,7,1,No,BEGIN QUESTIONNAIRE,
2,1614162266869,24/02/2021 10:24:26,1614162316243,0,24/02/2021 10:25:16,32735,4,questionnaire-yhkg,,10318442,5d9d08a84a8b5e0016c5ff3d,3139709,,complete,,603628c9f005df6ce6ce4537,computer,Desktop or Laptop,Windows 10,Chrome 88.0.4324.150,1280x720,1263x610,,Hybrid 3: Bruno sequence instructions,7,1,No,END QUESTIONNAIRE,42727
1,1614162268119,24/02/2021 10:24:28,1614162267972,0,24/02/2021 10:24:27,32735,4,questionnaire-yhkg,,10318479,5f354c7b8853aa4c4602bd87,3139725,,complete,,603628ae0a8adad6d29765a4,computer,Desktop or Laptop,Mac OS 10.15.7,Chrome 88.0.4324.192,1440x900,1440x766,,Hybrid 3: Bruno sequence instructions,7,9,No,BEGIN QUESTIONNAIRE,
2,1614162407509,24/02/2021 10:26:47,1614162407439,0,24/02/2021 10:26:47,32735,4,questionnaire-yhkg,,10318479,5f354c7b8853aa4c4602bd87,3139725,,complete,,603628ae0a8adad6d29765a4,computer,Desktop or Laptop,Mac OS 10.15.7,Chrome 88.0.4324.192,1440x900,1440x766,,Hybrid 3: Bruno sequence instructions,7,9,No,END QUESTIONNAIRE,139467
1,1614162272537,24/02/2021 10:24:32,1614162280043,0,24/02/2021 10:24:40,32735,4,questionnaire-yhkg,,10318485,5c7458b0d094c900013c3bf0,3139731,,complete,,60362927b4b8cd9e0637a24e,computer,Desktop or Laptop,Windows 10,Chrome 88.0.4324.182,1920x1080,1920x937,,Hybrid 3: Bruno sequence instructions,7,5,No,BEGIN QUESTIONNAIRE,
2,1614162283843,24/02/2021 10:24:43,1614162291346,0,24/02/2021 10:24:51,32735,4,questionnaire-yhkg,,10318485,5c7458b0d094c900013c3bf0,3139731,,complete,,60362927b4b8cd9e0637a24e,computer,Desktop or Laptop,Windows 10,Chrome 88.0.4324.182,1920x1080,1903x937,,Hybrid 3: Bruno sequence instructions,7,5,No,END QUESTIONNAIRE,11303
1,1614162276667,24/02/2021 10:24:36,1614162265166,0,24/02/2021 10:24:25,32735,4,questionnaire-yhkg,,10318488,5f3e6467a097d9057137d439,3139737,,complete,,6036293de62059ddd6315dc8,computer,Desktop or Laptop,Windows 10,Firefox 85.0,1920x1080,1920x983,,Hybrid 3: Bruno sequence instructions,7,5,No,BEGIN QUESTIONNAIRE,
2,1614162285811,24/02/2021 10:24:45,1614162274385,0,24/02/2021 10:24:34,32735,4,questionnaire-yhkg,,10318488,5f3e6467a097d9057137d439,3139737,,complete,,6036293de62059ddd6315dc8,computer,Desktop or Laptop,Windows 10,Firefox 85.0,1920x1080,1903x983,,Hybrid 3: Bruno sequence instructions,7,5,No,END QUESTIONNAIRE,9219
1,1614162307029,24/02/2021 10:25:07,1614162307170,0,24/02/2021 10:25:07,32735,4,questionnaire-yhkg,,10318522,5dfe77c2f9e750afd4f58dda,3139728,,complete,,60362916cce8a7bb5773ae70,computer,Desktop or Laptop,Windows 10,Firefox 85.0,1366x768,1366x643,,Hybrid 3: Bruno sequence instructions,7,7,No,BEGIN QUESTIONNAIRE,
2,1614162358886,24/02/2021 10:25:58,1614162358959,0,24/02/2021 10:25:58,32735,4,questionnaire-yhkg,,10318522,5dfe77c2f9e750afd4f58dda,3139728,,complete,,60362916cce8a7bb5773ae70,computer,Desktop or Laptop,Windows 10,Firefox 85.0,1366x768,1349x643,,Hybrid 3: Bruno sequence instructions,7,7,No,END QUESTIONNAIRE,51789
1,1614162318104,24/02/2021 10:25:18,1614162316646,0,24/02/2021 10:25:16,32735,4,questionnaire-yhkg,,10318534,5ffed7439bef0e5b462f4c8b,3139726,,complete,,603628ff917d00ebb686c16c,computer,Desktop or Laptop,Windows 10,Chrome 88.0.4324.182,1536x864,1536x722,,Hybrid 3: Bruno sequence instructions,7,7,No,BEGIN QUESTIONNAIRE,
2,1614162461724,24/02/2021 10:27:41,1614162460283,0,24/02/2021 10:27:40,32735,4,questionnaire-yhkg,,10318534,5ffed7439bef0e5b462f4c8b,3139726,,complete,,603628ff917d00ebb686c16c,computer,Desktop or Laptop,Windows 10,Chrome 88.0.4324.182,1536x864,1519x722,,Hybrid 3: Bruno sequence instructions,7,7,No,END QUESTIONNAIRE,143637
1,1614162326929,24/02/2021 10:25:26,1614162325927,3,24/02/2021 13:25:25,32735,4,questionnaire-yhkg,,10318543,5de930a76e09cf04fffa0415,3139711,,complete,,603628baf81b933b3343a392,computer,Desktop or Laptop,Windows 10,Chrome 88.0.4324.182,1280x720,1280x610,,Hybrid 3: Bruno sequence instructions,7,4,No,BEGIN QUESTIONNAIRE,
2,1614162536900,24/02/2021 10:28:56,1614162535865,3,24/02/2021 13:28:55,32735,4,questionnaire-yhkg,,10318543,5de930a76e09cf04fffa0415,3139711,,complete,,603628baf81b933b3343a392,computer,Desktop or Laptop,Windows 10,Chrome 88.0.4324.182,1280x720,1263x610,,Hybrid 3: Bruno sequence instructions,7,4,No,END QUESTIONNAIRE,209938
1,1614162331799,24/02/2021 10:25:31,1614162331728,0,24/02/2021 10:25:31,32735,4,questionnaire-yhkg,,10318551,5e8323596900a20008d70aea,3139750,,complete,,6036291e693987cc4d2c4b3c,computer,Desktop or Laptop,Mac OS 10.15.3,Chrome 88.0.4324.192,1792x1120,1792x891,,Hybrid 3: Bruno sequence instructions,7,4,No,BEGIN QUESTIONNAIRE,
2,1614162387059,24/02/2021 10:26:27,1614162386925,0,24/02/2021 10:26:26,32735,4,questionnaire-yhkg,,10318551,5e8323596900a20008d70aea,3139750,,complete,,6036291e693987cc4d2c4b3c,computer,Desktop or Laptop,Mac OS 10.15.3,Chrome 88.0.4324.192,1792x1120,1792x891,,Hybrid 3: Bruno sequence instructions,7,4,No,END QUESTIONNAIRE,55197
1,1614162335366,24/02/2021 10:25:35,1614162334206,0,24/02/2021 10:25:34,32735,4,questionnaire-yhkg,,10318560,5f464a4814a92b0008edb89d,3139738,,complete,,6036293cc1645c8c3d1f4758,computer,Desktop or Laptop,Windows 10,Chrome 88.0.4324.190,1366x768,1366x625,,Hybrid 3: Bruno sequence instructions,7,4,No,BEGIN QUESTIONNAIRE,
2,1614162506009,24/02/2021 10:28:26,1614162504818,0,24/02/2021 10:28:24,32735,4,questionnaire-yhkg,,10318560,5f464a4814a92b0008edb89d,3139738,,complete,,6036293cc1645c8c3d1f4758,computer,Desktop or Laptop,Windows 10,Chrome 88.0.4324.190,1366x768,1349x625,,Hybrid 3: Bruno sequence instructions,7,4,No,END QUESTIONNAIRE,170612
1,1614162338851,24/02/2021 10:25:38,1614162338875,0,24/02/2021 10:25:38,32735,4,questionnaire-yhkg,,10318565,5db5e33ea3f102000e51bf0e,3139732,,complete,,60362921bc3b3e79aee515ae,computer,Desktop or Laptop,Windows 10,Chrome 88.0.4324.182,1680x1050,1680x907,,Hybrid 3: Bruno sequence instructions,7,1,No,BEGIN QUESTIONNAIRE,
2,1614162382213,24/02/2021 10:26:22,1614162382295,0,24/02/2021 10:26:22,32735,4,questionnaire-yhkg,,10318565,5db5e33ea3f102000e51bf0e,3139732,,complete,,60362921bc3b3e79aee515ae,computer,Desktop or Laptop,Windows 10,Chrome 88.0.4324.182,1680x1050,1663x907,,Hybrid 3: Bruno sequence instructions,7,1,No,END QUESTIONNAIRE,43420
1,1614162353711,24/02/2021 10:25:53,1614162353643,0,24/02/2021 10:25:53,32735,4,questionnaire-yhkg,,10318578,5fb3a038ffc74f03b1f21062,3139749,,complete,,603629703074c7a91539ad18,computer,Desktop or Laptop,Mac OS 10.15.7,Chrome 88.0.4324.150,1440x900,1440x686,,Hybrid 3: Bruno sequence instructions,7,6,No,BEGIN QUESTIONNAIRE,
2,1614162396830,24/02/2021 10:26:36,1614162396788,0,24/02/2021 10:26:36,32735,4,questionnaire-yhkg,,10318578,5fb3a038ffc74f03b1f21062,3139749,,complete,,603629703074c7a91539ad18,computer,Desktop or Laptop,Mac OS 10.15.7,Chrome 88.0.4324.150,1440x900,1425x686,,Hybrid 3: Bruno sequence instructions,7,6,No,END QUESTIONNAIRE,43145
1,1614162355430,24/02/2021 10:25:55,1614162356065,0,24/02/2021 10:25:56,32735,4,questionnaire-yhkg,,10318579,5fc2760d6640b130e7293f3c,3139756,,complete,,603629856a9eb549c7341e76,computer,Desktop or Laptop,Windows 10,Opera 73.0.3856.400,1536x864,1495x734,,Hybrid 3: Bruno sequence instructions,7,4,No,BEGIN QUESTIONNAIRE,
2,1614162425047,24/02/2021 10:27:05,1614162425717,0,24/02/2021 10:27:05,32735,4,questionnaire-yhkg,,10318579,5fc2760d6640b130e7293f3c,3139756,,complete,,603629856a9eb549c7341e76,computer,Desktop or Laptop,Windows 10,Opera 73.0.3856.400,1536x864,1481x734,,Hybrid 3: Bruno sequence instructions,7,4,No,END QUESTIONNAIRE,69652
1,1614162359790,24/02/2021 10:25:59,1614162357202,0,24/02/2021 10:25:57,32735,4,questionnaire-yhkg,,10318583,5c8a65405abd6b0016767b56,3139736,,complete,,60362931319037f9104eeee8,computer,Desktop or Laptop,Windows 8.1,Chrome 88.0.4324.190,1366x768,1366x625,,Hybrid 3: Bruno sequence instructions,7,9,No,BEGIN QUESTIONNAIRE,
2,1614162485545,24/02/2021 10:28:05,1614162483010,0,24/02/2021 10:28:03,32735,4,questionnaire-yhkg,,10318583,5c8a65405abd6b0016767b56,3139736,,complete,,60362931319037f9104eeee8,computer,Desktop or Laptop,Windows 8.1,Chrome 88.0.4324.190,1366x768,1349x625,,Hybrid 3: Bruno sequence instructions,7,9,No,END QUESTIONNAIRE,125808
1,1614162381447,24/02/2021 10:26:21,1614162381402,0,24/02/2021 10:26:21,32735,4,questionnaire-yhkg,,10318596,5f6e06b1894b922cff51013a,3139760,,complete,,603629977de5f843e0cd2642,computer,Desktop or Laptop,Windows 8.1,Chrome 88.0.4324.190,1920x1080,1087x765,,Hybrid 3: Bruno sequence instructions,7,7,No,BEGIN QUESTIONNAIRE,
2,1614162453517,24/02/2021 10:27:33,1614162453446,0,24/02/2021 10:27:33,32735,4,questionnaire-yhkg,,10318596,5f6e06b1894b922cff51013a,3139760,,complete,,603629977de5f843e0cd2642,computer,Desktop or Laptop,Windows 8.1,Chrome 88.0.4324.190,1920x1080,1070x765,,Hybrid 3: Bruno sequence instructions,7,7,No,END QUESTIONNAIRE,72044
1,1614162409533,24/02/2021 10:26:49,1614162409616,0,24/02/2021 10:26:49,32735,4,questionnaire-yhkg,,10318629,5f48152a0624902afdb3db38,3139764,,complete,,603629aaf675a8f3558325f0,computer,Desktop or Laptop,Windows 7,Chrome 80.0.3987.122,1920x1080,1920x933,,Hybrid 3: Bruno sequence instructions,7,6,No,BEGIN QUESTIONNAIRE,
2,1614162469996,24/02/2021 10:27:49,1614162470134,0,24/02/2021 10:27:50,32735,4,questionnaire-yhkg,,10318629,5f48152a0624902afdb3db38,3139764,,complete,,603629aaf675a8f3558325f0,computer,Desktop or Laptop,Windows 7,Chrome 80.0.3987.122,1920x1080,1904x933,,Hybrid 3: Bruno sequence instructions,7,6,No,END QUESTIONNAIRE,60518
1,1614162419134,24/02/2021 10:26:59,1614162417902,0,24/02/2021 10:26:57,32735,4,questionnaire-yhkg,,10318634,5ed0ff79d782b5000bda8eca,3139763,,complete,,603629a234ae7ccc1c6d8c25,computer,Desktop or Laptop,Windows 10,Chrome 88.0.4324.182,1366x768,1366x663,,Hybrid 3: Bruno sequence instructions,7,3,No,BEGIN QUESTIONNAIRE,
2,1614162517019,24/02/2021 10:28:37,1614162515818,0,24/02/2021 10:28:35,32735,4,questionnaire-yhkg,,10318634,5ed0ff79d782b5000bda8eca,3139763,,complete,,603629a234ae7ccc1c6d8c25,computer,Desktop or Laptop,Windows 10,Chrome 88.0.4324.182,1366x768,1349x663,,Hybrid 3: Bruno sequence instructions,7,3,No,END QUESTIONNAIRE,97916
1,1614162420337,24/02/2021 10:27:00,1614162414177,0,24/02/2021 10:26:54,32735,4,questionnaire-yhkg,,10318635,5ef5d41822b3c903597a9309,3139751,,complete,,60362966ffd55ecb25897793,computer,Desktop or Laptop,Windows 10,Edge 88.0.705.74,1440x960,1440x818,,Hybrid 3: Bruno sequence instructions,7,6,No,BEGIN QUESTIONNAIRE,
2,1614162529702,24/02/2021 10:28:49,1614162523471,0,24/02/2021 10:28:43,32735,4,questionnaire-yhkg,,10318635,5ef5d41822b3c903597a9309,3139751,,complete,,60362966ffd55ecb25897793,computer,Desktop or Laptop,Windows 10,Edge 88.0.705.74,1440x960,1423x818,,Hybrid 3: Bruno sequence instructions,7,6,No,END QUESTIONNAIRE,109294
1,1614162452322,24/02/2021 10:27:32,1614162457300,0,24/02/2021 10:27:37,32735,4,questionnaire-yhkg,,10318655,5b5b3bf63abd15000153afb5,3139765,,complete,,603629a85d037ec95edb1d2a,computer,Desktop or Laptop,Windows 10,Chrome 88.0.4324.182,1280x800,1280x657,,Hybrid 3: Bruno sequence instructions,7,2,No,BEGIN QUESTIONNAIRE,
2,1614162542017,24/02/2021 10:29:02,1614162546921,0,24/02/2021 10:29:06,32735,4,questionnaire-yhkg,,10318655,5b5b3bf63abd15000153afb5,3139765,,complete,,603629a85d037ec95edb1d2a,computer,Desktop or Laptop,Windows 10,Chrome 88.0.4324.182,1280x800,1263x657,,Hybrid 3: Bruno sequence instructions,7,2,No,END QUESTIONNAIRE,89621
1,1614162458083,24/02/2021 10:27:38,1614162457787,0,24/02/2021 10:27:37,32735,4,questionnaire-yhkg,,10318665,600ac24672c63b033e4c9186,3139772,,complete,,603629cbe57cb13e4568fa7d,computer,Desktop or Laptop,Mac OS 10.15.6,Safari 14.0.2,1280x800,1280x629,,Hybrid 3: Bruno sequence instructions,7,9,No,BEGIN QUESTIONNAIRE,
2,1614162464428,24/02/2021 10:27:44,1614162464243,0,24/02/2021 10:27:44,32735,4,questionnaire-yhkg,,10318665,600ac24672c63b033e4c9186,3139772,,complete,,603629cbe57cb13e4568fa7d,computer,Desktop or Laptop,Mac OS 10.15.6,Safari 14.0.2,1280x800,1280x629,,Hybrid 3: Bruno sequence instructions,7,9,No,END QUESTIONNAIRE,6456
1,1614162458551,24/02/2021 10:27:38,1614162460138,0,24/02/2021 10:27:40,32735,4,questionnaire-yhkg,,10318669,5e138e85b199e49c14d1bdab,3139774,,complete,,603628f94ef91532f0ad2830,computer,Desktop or Laptop,Windows 10,Firefox 85.0,1536x864,1536x722,,Hybrid 3: Bruno sequence instructions,7,2,No,BEGIN QUESTIONNAIRE,
2,1614162547250,24/02/2021 10:29:07,1614162548885,0,24/02/2021 10:29:08,32735,4,questionnaire-yhkg,,10318669,5e138e85b199e49c14d1bdab,3139774,,complete,,603628f94ef91532f0ad2830,computer,Desktop or Laptop,Windows 10,Firefox 85.0,1536x864,1519x722,,Hybrid 3: Bruno sequence instructions,7,2,No,END QUESTIONNAIRE,88747
1,1614162480408,24/02/2021 10:28:00,1614162480289,0,24/02/2021 10:28:00,32735,4,questionnaire-yhkg,,10318697,5c9b8ae596cb340016b7238c,3139691,,complete,,6036287067435c85e58f983d,computer,Desktop or Laptop,Windows 10,Edge 88.0.705.74,1536x864,1536x754,,Hybrid 3: Bruno sequence instructions,7,10,No,BEGIN QUESTIONNAIRE,
2,1614162533484,24/02/2021 10:28:53,1614162533424,0,24/02/2021 10:28:53,32735,4,questionnaire-yhkg,,10318697,5c9b8ae596cb340016b7238c,3139691,,complete,,6036287067435c85e58f983d,computer,Desktop or Laptop,Windows 10,Edge 88.0.705.74,1536x864,1519x754,,Hybrid 3: Bruno sequence instructions,7,10,No,END QUESTIONNAIRE,53135
1,1614162484352,24/02/2021 10:28:04,1614162483572,0,24/02/2021 10:28:03,32735,4,questionnaire-yhkg,,10318698,5ec614d37bf5d768c8564186,3139769,,complete,,603629c70c4153829ecd6120,computer,Desktop or Laptop,Windows 10,Edge 88.0.705.63,1920x1080,1920x979,,Hybrid 3: Bruno sequence instructions,7,2,No,BEGIN QUESTIONNAIRE,
2,1614162572551,24/02/2021 10:29:32,1614162571790,0,24/02/2021 10:29:31,32735,4,questionnaire-yhkg,,10318698,5ec614d37bf5d768c8564186,3139769,,complete,,603629c70c4153829ecd6120,computer,Desktop or Laptop,Windows 10,Edge 88.0.705.63,1920x1080,1903x979,,Hybrid 3: Bruno sequence instructions,7,2,No,END QUESTIONNAIRE,88219
1,1614162496333,24/02/2021 10:28:16,1614162496308,0,24/02/2021 10:28:16,32735,4,questionnaire-yhkg,,10318712,5e5ea12786cbda067a72a5e4,3139761,,complete,,6036297f08509b95e53a540e,computer,Desktop or Laptop,Windows 10,Chrome 88.0.4324.150,1920x1080,1920x947,,Hybrid 3: Bruno sequence instructions,7,3,No,BEGIN QUESTIONNAIRE,
2,1614162650785,24/02/2021 10:30:50,1614162650839,0,24/02/2021 10:30:50,32735,4,questionnaire-yhkg,,10318712,5e5ea12786cbda067a72a5e4,3139761,,complete,,6036297f08509b95e53a540e,computer,Desktop or Laptop,Windows 10,Chrome 88.0.4324.150,1920x1080,1903x947,,Hybrid 3: Bruno sequence instructions,7,3,No,END QUESTIONNAIRE,154531
1,1614162548124,24/02/2021 10:29:08,1614162548621,0,24/02/2021 10:29:08,32735,4,questionnaire-yhkg,,10318764,60001f74b9d8d70009041d15,3139785,,complete,,60362a1fd106b4bc0e21d6a3,computer,Desktop or Laptop,Windows 10,Chrome 88.0.4324.182,1536x864,1536x760,,Hybrid 3: Bruno sequence instructions,7,10,No,BEGIN QUESTIONNAIRE,
2,1614162635823,24/02/2021 10:30:35,1614162636357,0,24/02/2021 10:30:36,32735,4,questionnaire-yhkg,,10318764,60001f74b9d8d70009041d15,3139785,,complete,,60362a1fd106b4bc0e21d6a3,computer,Desktop or Laptop,Windows 10,Chrome 88.0.4324.182,1536x864,1519x760,,Hybrid 3: Bruno sequence instructions,7,10,No,END QUESTIONNAIRE,87736
1,1614162560154,24/02/2021 10:29:20,1614162559979,0,24/02/2021 10:29:19,32735,4,questionnaire-yhkg,,10318771,5e6e45a7852f283f4c1d3f41,3139790,,complete,,60362a31d7e923c7f9750d0c,computer,Desktop or Laptop,Mac OS 10.9.5,Chrome 67.0.3396.87,1366x768,1366x694,,Hybrid 3: Bruno sequence instructions,7,8,No,BEGIN QUESTIONNAIRE,
2,1614162686556,24/02/2021 10:31:26,1614162686413,0,24/02/2021 10:31:26,32735,4,questionnaire-yhkg,,10318771,5e6e45a7852f283f4c1d3f41,3139790,,complete,,60362a31d7e923c7f9750d0c,computer,Desktop or Laptop,Mac OS 10.9.5,Chrome 67.0.3396.87,1366x768,1366x694,,Hybrid 3: Bruno sequence instructions,7,8,No,END QUESTIONNAIRE,126435
1,1614162612722,24/02/2021 10:30:12,1614162611528,0,24/02/2021 10:30:11,32735,4,questionnaire-yhkg,,10318808,5c99e6372fd6f10015547681,3139788,,complete,,60362a26e9bce89336e428a5,computer,Desktop or Laptop,Windows 10,Chrome 88.0.4324.182,1366x768,1366x625,,Hybrid 3: Bruno sequence instructions,7,8,No,BEGIN QUESTIONNAIRE,
2,1614162761533,24/02/2021 10:32:41,1614162760459,0,24/02/2021 10:32:40,32735,4,questionnaire-yhkg,,10318808,5c99e6372fd6f10015547681,3139788,,complete,,60362a26e9bce89336e428a5,computer,Desktop or Laptop,Windows 10,Chrome 88.0.4324.182,1366x768,1349x625,,Hybrid 3: Bruno sequence instructions,7,8,No,END QUESTIONNAIRE,148931
1,1614162633614,24/02/2021 10:30:33,1614162634792,0,24/02/2021 10:30:34,32735,4,questionnaire-yhkg,,10318827,5be0bbff39bd3f000110d7f1,3139771,,complete,,603629c8292e139d4013ac26,computer,Desktop or Laptop,Windows 10,Edge 88.0.705.74,1504x1003,1504x860,,Hybrid 3: Bruno sequence instructions,7,8,No,BEGIN QUESTIONNAIRE,
2,1614162727749,24/02/2021 10:32:07,1614162728942,0,24/02/2021 10:32:08,32735,4,questionnaire-yhkg,,10318827,5be0bbff39bd3f000110d7f1,3139771,,complete,,603629c8292e139d4013ac26,computer,Desktop or Laptop,Windows 10,Edge 88.0.705.74,1504x1003,1487x860,,Hybrid 3: Bruno sequence instructions,7,8,No,END QUESTIONNAIRE,94149
1,1614162796102,24/02/2021 10:33:16,1614162796307,0,24/02/2021 10:33:16,32735,4,questionnaire-yhkg,,10318956,59efdca42f63d30001c90298,3139673,,complete,,603627d61c93da998a7a897f,computer,Desktop or Laptop,Windows 10,Chrome 88.0.4324.182,1920x1080,1920x912,,Hybrid 3: Bruno sequence instructions,7,3,No,BEGIN QUESTIONNAIRE,
2,1614162812001,24/02/2021 10:33:32,1614162812231,0,24/02/2021 10:33:32,32735,4,questionnaire-yhkg,,10318956,59efdca42f63d30001c90298,3139673,,complete,,603627d61c93da998a7a897f,computer,Desktop or Laptop,Windows 10,Chrome 88.0.4324.182,1920x1080,1903x912,,Hybrid 3: Bruno sequence instructions,7,3,No,END QUESTIONNAIRE,15924
1,1614162833368,24/02/2021 10:33:53,1614162832998,0,24/02/2021 10:33:52,32735,4,questionnaire-yhkg,,10318981,5ed4dca39cc65f000b3ec885,3139825,,complete,,603629760ca45b057a0f0958,computer,Desktop or Laptop,Mac OS 10.15.6,Safari 14.0.3,1440x900,1440x733,,Hybrid 3: Bruno sequence instructions,7,8,No,BEGIN QUESTIONNAIRE,
2,1614162875738,24/02/2021 10:34:35,1614162875617,0,24/02/2021 10:34:35,32735,4,questionnaire-yhkg,,10318981,5ed4dca39cc65f000b3ec885,3139825,,complete,,603629760ca45b057a0f0958,computer,Desktop or Laptop,Mac OS 10.15.6,Safari 14.0.3,1440x900,1440x733,,Hybrid 3: Bruno sequence instructions,7,8,No,END QUESTIONNAIRE,42619
1,1614162958655,24/02/2021 10:35:58,1614162960987,0,24/02/2021 10:36:00,32735,4,questionnaire-yhkg,,10319060,602b586f3a3b7a2a138934b1,3139847,,complete,,60362b3d6f84cc29fdf7388c,computer,Desktop or Laptop,Windows 10,Chrome 88.0.4324.182,1366x768,1366x625,,Hybrid 3: Bruno sequence instructions,7,3,No,BEGIN QUESTIONNAIRE,
2,1614162978531,24/02/2021 10:36:18,1614162980481,0,24/02/2021 10:36:20,32735,4,questionnaire-yhkg,,10319060,602b586f3a3b7a2a138934b1,3139847,,complete,,60362b3d6f84cc29fdf7388c,computer,Desktop or Laptop,Windows 10,Chrome 88.0.4324.182,1366x768,1349x625,,Hybrid 3: Bruno sequence instructions,7,3,No,END QUESTIONNAIRE,19494
1,1614163500855,24/02/2021 10:45:00,1614163500754,0,24/02/2021 10:45:00,32735,4,questionnaire-yhkg,,10319432,5e18ca0eba65e719f09679ba,3139966,,complete,,603629c42aa0f626b240dedb,computer,Desktop or Laptop,Mac OS 10.15.7,Chrome 88.0.4324.182,2560x1440,2062x1099,,Hybrid 3: Bruno sequence instructions,7,3,No,BEGIN QUESTIONNAIRE,
2,1614163644788,24/02/2021 10:47:24,1614163644716,0,24/02/2021 10:47:24,32735,4,questionnaire-yhkg,,10319432,5e18ca0eba65e719f09679ba,3139966,,complete,,603629c42aa0f626b240dedb,computer,Desktop or Laptop,Mac OS 10.15.7,Chrome 88.0.4324.182,2560x1440,2062x1099,,Hybrid 3: Bruno sequence instructions,7,3,No,END QUESTIONNAIRE,143962
1,1614163556779,24/02/2021 10:45:56,1614163557862,0,24/02/2021 10:45:57,32735,4,questionnaire-yhkg,,10319481,5d59b9c062caf9001da76564,3139781,,complete,,60362987df28b2fe18becb6a,computer,Desktop or Laptop,Windows 10,Chrome 88.0.4324.182,1280x800,1280x689,,Hybrid 3: Bruno sequence instructions,7,9,No,BEGIN QUESTIONNAIRE,
2,1614163581310,24/02/2021 10:46:21,1614163582448,0,24/02/2021 10:46:22,32735,4,questionnaire-yhkg,,10319481,5d59b9c062caf9001da76564,3139781,,complete,,60362987df28b2fe18becb6a,computer,Desktop or Laptop,Windows 10,Chrome 88.0.4324.182,1280x800,1263x689,,Hybrid 3: Bruno sequence instructions,7,9,No,END QUESTIONNAIRE,24586
1,1614164080447,24/02/2021 10:54:40,1614164080334,0,24/02/2021 10:54:40,32735,4,questionnaire-yhkg,,10319820,5ea552d5838a645292f26cfd,3140024,,complete,,6036293f49b7205f57f2fcb7,computer,Desktop or Laptop,Windows 10,Edge 88.0.705.74,1920x1080,1920x961,,Hybrid 3: Bruno sequence instructions,7,2,No,BEGIN QUESTIONNAIRE,
2,1614164082499,24/02/2021 10:54:42,1614164082418,0,24/02/2021 10:54:42,32735,4,questionnaire-yhkg,,10319820,5ea552d5838a645292f26cfd,3140024,,complete,,6036293f49b7205f57f2fcb7,computer,Desktop or Laptop,Windows 10,Edge 88.0.705.74,1920x1080,1903x961,,Hybrid 3: Bruno sequence instructions,7,2,No,END QUESTIONNAIRE,2084
1,1614164605538,24/02/2021 11:03:25,1614164604571,0,24/02/2021 11:03:24,32735,4,questionnaire-yhkg,,10320188,5d68ac605dbdf60001a59b87,3140144,,complete,,603631cab36adf916c207670,computer,Desktop or Laptop,Windows 10,Chrome 88.0.4324.182,1366x768,1366x625,,Hybrid 3: Bruno sequence instructions,7,3,No,BEGIN QUESTIONNAIRE,
2,1614164655800,24/02/2021 11:04:15,1614164655009,0,24/02/2021 11:04:15,32735,4,questionnaire-yhkg,,10320188,5d68ac605dbdf60001a59b87,3140144,,complete,,603631cab36adf916c207670,computer,Desktop or Laptop,Windows 10,Chrome 88.0.4324.182,1366x768,1349x625,,Hybrid 3: Bruno sequence instructions,7,3,No,END QUESTIONNAIRE,50438
1,1614165439305,24/02/2021 11:17:19,1614165439203,0,24/02/2021 11:17:19,32735,4,questionnaire-yhkg,,10320859,5f4633b8a6e20126eb4cdcc2,3140303,,complete,,60363545fa55fa2a5be47eb8,computer,Desktop or Laptop,Windows 10,Firefox 85.0,1536x960,1536x846,,Hybrid 3: Bruno sequence instructions,7,7,No,BEGIN QUESTIONNAIRE,
2,1614165570070,24/02/2021 11:19:30,1614165570009,0,24/02/2021 11:19:30,32735,4,questionnaire-yhkg,,10320859,5f4633b8a6e20126eb4cdcc2,3140303,,complete,,60363545fa55fa2a5be47eb8,computer,Desktop or Laptop,Windows 10,Firefox 85.0,1536x960,1519x846,,Hybrid 3: Bruno sequence instructions,7,7,No,END QUESTIONNAIRE,130806
END OF FILE
