﻿Event Index,UTC Timestamp,UTC Date,Local Timestamp,Local Timezone,Local Date,Experiment ID,Experiment Version,Tree Node Key,Repeat Key,Schedule ID,Participant Public ID,Participant Private ID,Participant Starting Group,Participant Status,Participant Completion Code,Participant External Session ID,Participant Device Type,Participant Device,Participant OS,Participant Browser,Participant Monitor Size,Participant Viewport Size,Checkpoint,Task Name,Task Version,randomiser-qkdw,Randomise questionnaire elements?,Question Key,Response
1,1614167636298,24/02/2021 11:53:56,1614167636117,0,24/02/2021 11:53:56,31918,6,questionnaire-yhkg,,10322521,587a3b7bd6df70000187510b,3140792,,complete,,60363e2497126088fe63186e,computer,Desktop or Laptop,Mac OS 11.0.1,Chrome 88.0.4324.182,1440x900,1600x912,,Hybrid 4: Bruno sequence instructions,7,1,No,BEGIN QUESTIONNAIRE,
2,1614167689135,24/02/2021 11:54:49,1614167689003,0,24/02/2021 11:54:49,31918,6,questionnaire-yhkg,,10322521,587a3b7bd6df70000187510b,3140792,,complete,,60363e2497126088fe63186e,computer,Desktop or Laptop,Mac OS 11.0.1,Chrome 88.0.4324.182,1440x900,1600x912,,Hybrid 4: Bruno sequence instructions,7,1,No,END QUESTIONNAIRE,52886
1,1614167661203,24/02/2021 11:54:21,1614167659070,0,24/02/2021 11:54:19,31918,6,questionnaire-yhkg,,10322531,5eea62dd80fc2115fd5770b6,3140791,,complete,,60363d83893fce8102927a2d,computer,Desktop or Laptop,Mac OS 11.2.1,Chrome 88.0.4324.182,1440x900,1438x701,,Hybrid 4: Bruno sequence instructions,7,6,No,BEGIN QUESTIONNAIRE,
2,1614167735875,24/02/2021 11:55:35,1614167733770,0,24/02/2021 11:55:33,31918,6,questionnaire-yhkg,,10322531,5eea62dd80fc2115fd5770b6,3140791,,complete,,60363d83893fce8102927a2d,computer,Desktop or Laptop,Mac OS 11.2.1,Chrome 88.0.4324.182,1440x900,1438x701,,Hybrid 4: Bruno sequence instructions,7,6,No,END QUESTIONNAIRE,74700
1,1614167832895,24/02/2021 11:57:12,1614167827385,0,24/02/2021 11:57:07,31918,6,questionnaire-yhkg,,10322653,5e280b970793e9000bfaf086,3140821,,complete,,60363ec099355382b786a5fc,computer,Desktop or Laptop,Windows 8.1,Chrome 88.0.4324.182,1366x768,1366x625,,Hybrid 4: Bruno sequence instructions,7,10,No,BEGIN QUESTIONNAIRE,
2,1614167914603,24/02/2021 11:58:34,1614167909155,0,24/02/2021 11:58:29,31918,6,questionnaire-yhkg,,10322653,5e280b970793e9000bfaf086,3140821,,complete,,60363ec099355382b786a5fc,computer,Desktop or Laptop,Windows 8.1,Chrome 88.0.4324.182,1366x768,1349x625,,Hybrid 4: Bruno sequence instructions,7,10,No,END QUESTIONNAIRE,81771
1,1614167835596,24/02/2021 11:57:15,1614167832505,0,24/02/2021 11:57:12,31918,6,questionnaire-yhkg,,10322657,5e0e6a63a7fba65b0b863ccf,3140825,,complete,,60363ed1517583df1e5a39aa,computer,Desktop or Laptop,Windows 10,Firefox 85.0,1366x768,1366x654,,Hybrid 4: Bruno sequence instructions,7,3,No,BEGIN QUESTIONNAIRE,
2,1614167872752,24/02/2021 11:57:52,1614167869688,0,24/02/2021 11:57:49,31918,6,questionnaire-yhkg,,10322657,5e0e6a63a7fba65b0b863ccf,3140825,,complete,,60363ed1517583df1e5a39aa,computer,Desktop or Laptop,Windows 10,Firefox 85.0,1366x768,1349x654,,Hybrid 4: Bruno sequence instructions,7,3,No,END QUESTIONNAIRE,37183
1,1614168077177,24/02/2021 12:01:17,1614168077123,0,24/02/2021 12:01:17,31918,6,questionnaire-yhkg,,10322847,5ee8a5522f374a1b43095ebc,3140870,,complete,,60363f7f4f55c573507f0300,computer,Desktop or Laptop,Mac OS 10.15.6,Chrome 88.0.4324.182,1366x768,1366x768,,Hybrid 4: Bruno sequence instructions,7,9,No,BEGIN QUESTIONNAIRE,
2,1614168090912,24/02/2021 12:01:30,1614168090895,0,24/02/2021 12:01:30,31918,6,questionnaire-yhkg,,10322847,5ee8a5522f374a1b43095ebc,3140870,,complete,,60363f7f4f55c573507f0300,computer,Desktop or Laptop,Mac OS 10.15.6,Chrome 88.0.4324.182,1366x768,1366x768,,Hybrid 4: Bruno sequence instructions,7,9,No,END QUESTIONNAIRE,13772
1,1614168304445,24/02/2021 12:05:04,1614168304324,0,24/02/2021 12:05:04,31918,6,questionnaire-yhkg,,10323033,5823327065c6030001570465,3140928,,complete,,603640bfe53ee87073f625cf,computer,Desktop or Laptop,Windows 10,Chrome 88.0.4324.182,1920x1080,958x927,,Hybrid 4: Bruno sequence instructions,7,1,No,BEGIN QUESTIONNAIRE,
2,1614168332077,24/02/2021 12:05:32,1614168331990,0,24/02/2021 12:05:31,31918,6,questionnaire-yhkg,,10323033,5823327065c6030001570465,3140928,,complete,,603640bfe53ee87073f625cf,computer,Desktop or Laptop,Windows 10,Chrome 88.0.4324.182,1920x1080,941x927,,Hybrid 4: Bruno sequence instructions,7,1,No,END QUESTIONNAIRE,27666
1,1614168313128,24/02/2021 12:05:13,1614168311607,0,24/02/2021 12:05:11,31918,6,questionnaire-yhkg,,10323039,5eed04be24c83c0fe64d3af8,3140936,,complete,,603640d740860105022f23a2,computer,Desktop or Laptop,Windows 10,Firefox 85.0,1920x1080,1920x938,,Hybrid 4: Bruno sequence instructions,7,1,No,BEGIN QUESTIONNAIRE,
2,1614168317014,24/02/2021 12:05:17,1614168315569,0,24/02/2021 12:05:15,31918,6,questionnaire-yhkg,,10323039,5eed04be24c83c0fe64d3af8,3140936,,complete,,603640d740860105022f23a2,computer,Desktop or Laptop,Windows 10,Firefox 85.0,1920x1080,1920x938,,Hybrid 4: Bruno sequence instructions,7,1,No,END QUESTIONNAIRE,3962
1,1614168419283,24/02/2021 12:06:59,1614168423084,0,24/02/2021 12:07:03,31918,6,questionnaire-yhkg,,10323152,5b1f8feb44127b0001401d22,3140848,,complete,,60363f1627b8e24df760744b,computer,Desktop or Laptop,Mac OS 10.13.6,Chrome 88.0.4324.182,1280x800,1280x615,,Hybrid 4: Bruno sequence instructions,7,3,No,BEGIN QUESTIONNAIRE,
2,1614168461474,24/02/2021 12:07:41,1614168465310,0,24/02/2021 12:07:45,31918,6,questionnaire-yhkg,,10323152,5b1f8feb44127b0001401d22,3140848,,complete,,60363f1627b8e24df760744b,computer,Desktop or Laptop,Mac OS 10.13.6,Chrome 88.0.4324.182,1280x800,1280x615,,Hybrid 4: Bruno sequence instructions,7,3,No,END QUESTIONNAIRE,42227
1,1614168458403,24/02/2021 12:07:38,1614168457750,0,24/02/2021 12:07:37,31918,6,questionnaire-yhkg,,10323209,59ee44b13e4b5a00016aa99b,3140985,,complete,,603641530df6fafb9a8d2463,computer,Desktop or Laptop,Windows 10,Chrome 88.0.4324.182,1366x768,1366x657,,Hybrid 4: Bruno sequence instructions,7,9,No,BEGIN QUESTIONNAIRE,
2,1614168543379,24/02/2021 12:09:03,1614168542740,0,24/02/2021 12:09:02,31918,6,questionnaire-yhkg,,10323209,59ee44b13e4b5a00016aa99b,3140985,,complete,,603641530df6fafb9a8d2463,computer,Desktop or Laptop,Windows 10,Chrome 88.0.4324.182,1366x768,1349x657,,Hybrid 4: Bruno sequence instructions,7,9,No,END QUESTIONNAIRE,84990
1,1614168561799,24/02/2021 12:09:21,1614168562151,0,24/02/2021 12:09:22,31918,6,questionnaire-yhkg,,10323317,5e3d59ee588790000de8bc5e,3141017,,complete,,603641043d61962705e9fbd1,computer,Desktop or Laptop,Windows 10,Edge 88.0.705.74,1366x768,1366x657,,Hybrid 4: Bruno sequence instructions,7,7,No,BEGIN QUESTIONNAIRE,
2,1614168695631,24/02/2021 12:11:35,1614168695559,0,24/02/2021 12:11:35,31918,6,questionnaire-yhkg,,10323317,5e3d59ee588790000de8bc5e,3141017,,complete,,603641043d61962705e9fbd1,computer,Desktop or Laptop,Windows 10,Edge 88.0.705.74,1366x768,1349x657,,Hybrid 4: Bruno sequence instructions,7,7,No,END QUESTIONNAIRE,133408
1,1614168565289,24/02/2021 12:09:25,1614168565151,0,24/02/2021 12:09:25,31918,6,questionnaire-yhkg,,10323319,5f46c8088b2fcb08987eaf32,3141025,,complete,,603641baaca8dbf2021bb3bb,computer,Desktop or Laptop,Windows 10,Chrome 88.0.4324.182,1920x1080,1920x937,,Hybrid 4: Bruno sequence instructions,7,1,No,BEGIN QUESTIONNAIRE,
2,1614168611324,24/02/2021 12:10:11,1614168611206,0,24/02/2021 12:10:11,31918,6,questionnaire-yhkg,,10323319,5f46c8088b2fcb08987eaf32,3141025,,complete,,603641baaca8dbf2021bb3bb,computer,Desktop or Laptop,Windows 10,Chrome 88.0.4324.182,1920x1080,1920x937,,Hybrid 4: Bruno sequence instructions,7,1,No,END QUESTIONNAIRE,46055
1,1614168607919,24/02/2021 12:10:07,1614168582903,0,24/02/2021 12:09:42,31918,6,questionnaire-yhkg,,10323364,5b0ff678444cef0001caa325,3141031,,complete,,603641de1a42af6526932ace,computer,Desktop or Laptop,Windows 8.1,Chrome 88.0.4324.150,1366x768,1366x657,,Hybrid 4: Bruno sequence instructions,7,10,No,BEGIN QUESTIONNAIRE,
2,1614168650961,24/02/2021 12:10:50,1614168625999,0,24/02/2021 12:10:25,31918,6,questionnaire-yhkg,,10323364,5b0ff678444cef0001caa325,3141031,,complete,,603641de1a42af6526932ace,computer,Desktop or Laptop,Windows 8.1,Chrome 88.0.4324.150,1366x768,1349x657,,Hybrid 4: Bruno sequence instructions,7,10,No,END QUESTIONNAIRE,43096
1,1614170676350,24/02/2021 12:44:36,1614170675643,0,24/02/2021 12:44:35,31918,6,questionnaire-yhkg,,10325760,5be0662dea836b0001e9870f,3141678,,complete,,603649f40dd410fab4bbe81a,computer,Desktop or Laptop,Windows 10,Chrome 88.0.4324.182,1920x1080,1920x937,,Hybrid 4: Bruno sequence instructions,7,2,No,BEGIN QUESTIONNAIRE,
2,1614170745889,24/02/2021 12:45:45,1614170745162,0,24/02/2021 12:45:45,31918,6,questionnaire-yhkg,,10325760,5be0662dea836b0001e9870f,3141678,,complete,,603649f40dd410fab4bbe81a,computer,Desktop or Laptop,Windows 10,Chrome 88.0.4324.182,1920x1080,1920x937,,Hybrid 4: Bruno sequence instructions,7,2,No,END QUESTIONNAIRE,69519
1,1614174857235,24/02/2021 13:54:17,1614174857147,0,24/02/2021 13:54:17,31918,6,questionnaire-yhkg,,10328375,5db70dc7a253c0000b364172,3141069,,complete,,603641b73c22a7f62803afac,computer,Desktop or Laptop,Windows 10,Chrome 88.0.4324.190,1536x864,1402x746,,Hybrid 4: Bruno sequence instructions,7,3,No,BEGIN QUESTIONNAIRE,
2,1614174912617,24/02/2021 13:55:12,1614174912373,0,24/02/2021 13:55:12,31918,6,questionnaire-yhkg,,10328375,5db70dc7a253c0000b364172,3141069,,complete,,603641b73c22a7f62803afac,computer,Desktop or Laptop,Windows 10,Chrome 88.0.4324.190,1536x864,1386x746,,Hybrid 4: Bruno sequence instructions,7,3,No,END QUESTIONNAIRE,55226
1,1614171671704,24/02/2021 13:01:11,1614171670643,0,24/02/2021 13:01:10,31918,6,questionnaire-yhkg,,10326537,5eeb9fa2f9a5a93498a7edb6,3141865,,complete,,60364de324a37650d3df6763,computer,Desktop or Laptop,Windows 10,Chrome 88.0.4324.190,1366x768,1366x625,,Hybrid 4: Bruno sequence instructions,7,2,No,BEGIN QUESTIONNAIRE,
2,1614171674600,24/02/2021 13:01:14,1614171673484,0,24/02/2021 13:01:13,31918,6,questionnaire-yhkg,,10326537,5eeb9fa2f9a5a93498a7edb6,3141865,,complete,,60364de324a37650d3df6763,computer,Desktop or Laptop,Windows 10,Chrome 88.0.4324.190,1366x768,1349x625,,Hybrid 4: Bruno sequence instructions,7,2,No,END QUESTIONNAIRE,2841
1,1614170868828,24/02/2021 12:47:48,1614170869355,0,24/02/2021 12:47:49,31918,6,questionnaire-yhkg,,10325978,5fe0f4a8e6b281af7dd9de1a,3141702,,complete,,60364a4e15ebb6a110a39a50,computer,Desktop or Laptop,Windows 10,Chrome 88.0.4324.182,1366x768,1366x625,,Hybrid 4: Bruno sequence instructions,7,7,No,BEGIN QUESTIONNAIRE,
2,1614170900677,24/02/2021 12:48:20,1614170901226,0,24/02/2021 12:48:21,31918,6,questionnaire-yhkg,,10325978,5fe0f4a8e6b281af7dd9de1a,3141702,,complete,,60364a4e15ebb6a110a39a50,computer,Desktop or Laptop,Windows 10,Chrome 88.0.4324.182,1366x768,1349x625,,Hybrid 4: Bruno sequence instructions,7,7,No,END QUESTIONNAIRE,31871
1,1614169286963,24/02/2021 12:21:26,1614169290526,0,24/02/2021 12:21:30,31918,6,questionnaire-yhkg,,10323951,594591f4bee3110001b1a4f1,3141177,,complete,,6036447c32f536e614334350,computer,Desktop or Laptop,Windows 10,Chrome 88.0.4324.190,1280x720,1280x616,,Hybrid 4: Bruno sequence instructions,7,5,No,BEGIN QUESTIONNAIRE,
2,1614169343242,24/02/2021 12:22:23,1614169346785,0,24/02/2021 12:22:26,31918,6,questionnaire-yhkg,,10323951,594591f4bee3110001b1a4f1,3141177,,complete,,6036447c32f536e614334350,computer,Desktop or Laptop,Windows 10,Chrome 88.0.4324.190,1280x720,1263x616,,Hybrid 4: Bruno sequence instructions,7,5,No,END QUESTIONNAIRE,56259
1,1614168711395,24/02/2021 12:11:51,1614168714620,0,24/02/2021 12:11:54,31918,6,questionnaire-yhkg,,10323485,5edba2a8cc666704c5d6d4c3,3141065,,complete,,6036423d2406c69ea70176cf,computer,Desktop or Laptop,Windows 10,Chrome 88.0.4324.150,1920x1080,1920x937,,Hybrid 4: Bruno sequence instructions,7,2,No,BEGIN QUESTIONNAIRE,
2,1614168771126,24/02/2021 12:12:51,1614168774367,0,24/02/2021 12:12:54,31918,6,questionnaire-yhkg,,10323485,5edba2a8cc666704c5d6d4c3,3141065,,complete,,6036423d2406c69ea70176cf,computer,Desktop or Laptop,Windows 10,Chrome 88.0.4324.150,1920x1080,1920x937,,Hybrid 4: Bruno sequence instructions,7,2,No,END QUESTIONNAIRE,59747
1,1614168705518,24/02/2021 12:11:45,1614168705443,0,24/02/2021 12:11:45,31918,6,questionnaire-yhkg,,10323477,5f5dfff97e4af265f584eb9d,3141061,,complete,,6036423eeb3b2f1e67ba04ae,computer,Desktop or Laptop,Mac OS 10.13.6,Chrome 86.0.4240.198,1440x900,1440x641,,Hybrid 4: Bruno sequence instructions,7,4,No,BEGIN QUESTIONNAIRE,
2,1614168742422,24/02/2021 12:12:22,1614168742380,0,24/02/2021 12:12:22,31918,6,questionnaire-yhkg,,10323477,5f5dfff97e4af265f584eb9d,3141061,,complete,,6036423eeb3b2f1e67ba04ae,computer,Desktop or Laptop,Mac OS 10.13.6,Chrome 86.0.4240.198,1440x900,1440x641,,Hybrid 4: Bruno sequence instructions,7,4,No,END QUESTIONNAIRE,36937
1,1614168678811,24/02/2021 12:11:18,1614168678741,0,24/02/2021 12:11:18,31918,6,questionnaire-yhkg,,10323449,5efcf3a44a5f9f10f4b8157c,3141028,,complete,,603641a040f48b1ec2a81711,computer,Desktop or Laptop,Mac OS 10.15.7,Chrome 88.0.4324.150,1440x900,1440x731,,Hybrid 4: Bruno sequence instructions,7,4,No,BEGIN QUESTIONNAIRE,
2,1614168757214,24/02/2021 12:12:37,1614168757190,0,24/02/2021 12:12:37,31918,6,questionnaire-yhkg,,10323449,5efcf3a44a5f9f10f4b8157c,3141028,,complete,,603641a040f48b1ec2a81711,computer,Desktop or Laptop,Mac OS 10.15.7,Chrome 88.0.4324.150,1440x900,1440x731,,Hybrid 4: Bruno sequence instructions,7,4,No,END QUESTIONNAIRE,78449
1,1614168678921,24/02/2021 12:11:18,1614168678832,0,24/02/2021 12:11:18,31918,6,questionnaire-yhkg,,10323447,5f2dea0c9490d914000bbf6d,3141042,,complete,,6036420aa33f48719f6aeb17,computer,Desktop or Laptop,Mac OS 10.13.3,Chrome 88.0.4324.96,1280x800,1188x654,,Hybrid 4: Bruno sequence instructions,7,5,No,BEGIN QUESTIONNAIRE,
2,1614169182969,24/02/2021 12:19:42,1614169182761,0,24/02/2021 12:19:42,31918,6,questionnaire-yhkg,,10323447,5f2dea0c9490d914000bbf6d,3141042,,complete,,6036420aa33f48719f6aeb17,computer,Desktop or Laptop,Mac OS 10.13.3,Chrome 88.0.4324.96,1280x800,1188x654,,Hybrid 4: Bruno sequence instructions,7,5,No,END QUESTIONNAIRE,503930
1,1614168670240,24/02/2021 12:11:10,1614168670184,0,24/02/2021 12:11:10,31918,6,questionnaire-yhkg,,10323444,5efe4e2fc349d8346273c2af,3141056,,complete,,6036422aff1d40002ac8c925,computer,Desktop or Laptop,Mac OS 10.11.6,Chrome 88.0.4324.150,1280x800,1025x576,,Hybrid 4: Bruno sequence instructions,7,5,No,BEGIN QUESTIONNAIRE,
2,1614168765251,24/02/2021 12:12:45,1614168765234,0,24/02/2021 12:12:45,31918,6,questionnaire-yhkg,,10323444,5efe4e2fc349d8346273c2af,3141056,,complete,,6036422aff1d40002ac8c925,computer,Desktop or Laptop,Mac OS 10.11.6,Chrome 88.0.4324.150,1280x800,1025x576,,Hybrid 4: Bruno sequence instructions,7,5,No,END QUESTIONNAIRE,95050
1,1614168619729,24/02/2021 12:10:19,1614168619636,0,24/02/2021 12:10:19,31918,6,questionnaire-yhkg,,10323380,5efe44a274fdc01476ccd687,3141014,,complete,,603641aefc9116c54f0ed05d,computer,Desktop or Laptop,Windows 10,Edge 88.0.705.74,1280x720,1536x732,,Hybrid 4: Bruno sequence instructions,7,7,No,BEGIN QUESTIONNAIRE,
2,1614168706722,24/02/2021 12:11:46,1614168706672,0,24/02/2021 12:11:46,31918,6,questionnaire-yhkg,,10323380,5efe44a274fdc01476ccd687,3141014,,complete,,603641aefc9116c54f0ed05d,computer,Desktop or Laptop,Windows 10,Edge 88.0.705.74,1280x720,1516x732,,Hybrid 4: Bruno sequence instructions,7,7,No,END QUESTIONNAIRE,87036
1,1614168582530,24/02/2021 12:09:42,1614168580229,0,24/02/2021 12:09:40,31918,6,questionnaire-yhkg,,10323340,598f42337d29e70001730204,3141015,,complete,,603641a3517441f609b6020b,computer,Desktop or Laptop,Windows 7,Firefox 72.0,1280x1024,1280x888,,Hybrid 4: Bruno sequence instructions,7,7,No,BEGIN QUESTIONNAIRE,
2,1614168706862,24/02/2021 12:11:46,1614168704539,0,24/02/2021 12:11:44,31918,6,questionnaire-yhkg,,10323340,598f42337d29e70001730204,3141015,,complete,,603641a3517441f609b6020b,computer,Desktop or Laptop,Windows 7,Firefox 72.0,1280x1024,1263x888,,Hybrid 4: Bruno sequence instructions,7,7,No,END QUESTIONNAIRE,124310
1,1614168492962,24/02/2021 12:08:12,1614169047925,0,24/02/2021 12:17:27,31918,6,questionnaire-yhkg,,10323242,5ff6c877c0a78527b0a0aee4,3140983,,complete,,603640df73b3d7124d30ed9f,computer,Desktop or Laptop,Windows 10,Chrome 88.0.4324.182,1366x768,1366x625,,Hybrid 4: Bruno sequence instructions,7,6,No,BEGIN QUESTIONNAIRE,
2,1614168542198,24/02/2021 12:09:02,1614169097185,0,24/02/2021 12:18:17,31918,6,questionnaire-yhkg,,10323242,5ff6c877c0a78527b0a0aee4,3140983,,complete,,603640df73b3d7124d30ed9f,computer,Desktop or Laptop,Windows 10,Chrome 88.0.4324.182,1366x768,1349x625,,Hybrid 4: Bruno sequence instructions,7,6,No,END QUESTIONNAIRE,49260
1,1614168492196,24/02/2021 12:08:12,1614168492321,0,24/02/2021 12:08:12,31918,6,questionnaire-yhkg,,10323241,5f81cf89624ff22aadd9c9a7,3140984,,complete,,6036414aaff9a398ad7e53d3,computer,Desktop or Laptop,Windows 10,Chrome 88.0.4324.182,1280x720,1280x578,,Hybrid 4: Bruno sequence instructions,7,8,No,BEGIN QUESTIONNAIRE,
2,1614168543457,24/02/2021 12:09:03,1614168543508,0,24/02/2021 12:09:03,31918,6,questionnaire-yhkg,,10323241,5f81cf89624ff22aadd9c9a7,3140984,,complete,,6036414aaff9a398ad7e53d3,computer,Desktop or Laptop,Windows 10,Chrome 88.0.4324.182,1280x720,1263x578,,Hybrid 4: Bruno sequence instructions,7,8,No,END QUESTIONNAIRE,51187
1,1614168491070,24/02/2021 12:08:11,1614168491014,0,24/02/2021 12:08:11,31918,6,questionnaire-yhkg,,10323240,5d28839474f00d00154800cb,3140995,,complete,,60364167ee88be6b0e868bfe,computer,Desktop or Laptop,Mac OS 10.15.6,Safari 14.0.2,834x1112,834x986,,Hybrid 4: Bruno sequence instructions,7,6,No,BEGIN QUESTIONNAIRE,
2,1614168553615,24/02/2021 12:09:13,1614168553494,0,24/02/2021 12:09:13,31918,6,questionnaire-yhkg,,10323240,5d28839474f00d00154800cb,3140995,,complete,,60364167ee88be6b0e868bfe,computer,Desktop or Laptop,Mac OS 10.15.6,Safari 14.0.2,834x1112,834x986,,Hybrid 4: Bruno sequence instructions,7,6,No,END QUESTIONNAIRE,62480
1,1614168486680,24/02/2021 12:08:06,1614168484855,0,24/02/2021 12:08:04,31918,6,questionnaire-yhkg,,10323238,56cb712073cd5b000df7cf0f,3140967,,complete,,6036413a8fda9ae193c24ca1,computer,Desktop or Laptop,Windows 10,Firefox 85.0,1920x1080,1920x978,,Hybrid 4: Bruno sequence instructions,7,7,No,BEGIN QUESTIONNAIRE,
2,1614168571650,24/02/2021 12:09:31,1614168569868,0,24/02/2021 12:09:29,31918,6,questionnaire-yhkg,,10323238,56cb712073cd5b000df7cf0f,3140967,,complete,,6036413a8fda9ae193c24ca1,computer,Desktop or Laptop,Windows 10,Firefox 85.0,1920x1080,1920x978,,Hybrid 4: Bruno sequence instructions,7,7,No,END QUESTIONNAIRE,85013
1,1614168469158,24/02/2021 12:07:49,1614168469549,0,24/02/2021 12:07:49,31918,6,questionnaire-yhkg,,10323216,5e15483c946e97b46b0c2059,3140997,,complete,,60364168fa288f75aabf7b7b,computer,Desktop or Laptop,Windows 10,Chrome 88.0.4324.182,1366x768,1366x625,,Hybrid 4: Bruno sequence instructions,7,4,No,BEGIN QUESTIONNAIRE,
2,1614168524141,24/02/2021 12:08:44,1614168524597,0,24/02/2021 12:08:44,31918,6,questionnaire-yhkg,,10323216,5e15483c946e97b46b0c2059,3140997,,complete,,60364168fa288f75aabf7b7b,computer,Desktop or Laptop,Windows 10,Chrome 88.0.4324.182,1366x768,1349x625,,Hybrid 4: Bruno sequence instructions,7,4,No,END QUESTIONNAIRE,55048
1,1614168439747,24/02/2021 12:07:19,1614168440637,0,24/02/2021 12:07:20,31918,6,questionnaire-yhkg,,10323189,5eab08dc3a693d09a9e933d2,3140957,,complete,,60364124f9b339ebe10e10a6,computer,Desktop or Laptop,Windows 10,Chrome 88.0.4324.182,1536x864,1216x738,,Hybrid 4: Bruno sequence instructions,7,10,No,BEGIN QUESTIONNAIRE,
2,1614168442622,24/02/2021 12:07:22,1614168443544,0,24/02/2021 12:07:23,31918,6,questionnaire-yhkg,,10323189,5eab08dc3a693d09a9e933d2,3140957,,complete,,60364124f9b339ebe10e10a6,computer,Desktop or Laptop,Windows 10,Chrome 88.0.4324.182,1536x864,1199x738,,Hybrid 4: Bruno sequence instructions,7,10,No,END QUESTIONNAIRE,2907
1,1614168438022,24/02/2021 12:07:18,1614168437949,0,24/02/2021 12:07:17,31918,6,questionnaire-yhkg,,10323186,602f97de330619c832ab00e2,3140964,,complete,,603641311b17cef6c7e6c3b5,computer,Desktop or Laptop,Windows 10,Chrome 88.0.4324.182,1280x720,1280x610,,Hybrid 4: Bruno sequence instructions,7,9,No,BEGIN QUESTIONNAIRE,
2,1614168538801,24/02/2021 12:08:58,1614168538752,0,24/02/2021 12:08:58,31918,6,questionnaire-yhkg,,10323186,602f97de330619c832ab00e2,3140964,,complete,,603641311b17cef6c7e6c3b5,computer,Desktop or Laptop,Windows 10,Chrome 88.0.4324.182,1280x720,1263x610,,Hybrid 4: Bruno sequence instructions,7,9,No,END QUESTIONNAIRE,100803
1,1614168437365,24/02/2021 12:07:17,1614168437198,0,24/02/2021 12:07:17,31918,6,questionnaire-yhkg,,10323183,5ec6bb20ce3f410dcd418f20,3140962,,complete,,6036412b7b9030a4cf764044,computer,Desktop or Laptop,Windows 10,Chrome 88.0.4324.182,1280x1024,1280x913,,Hybrid 4: Bruno sequence instructions,7,8,No,BEGIN QUESTIONNAIRE,
2,1614168499804,24/02/2021 12:08:19,1614168499665,0,24/02/2021 12:08:19,31918,6,questionnaire-yhkg,,10323183,5ec6bb20ce3f410dcd418f20,3140962,,complete,,6036412b7b9030a4cf764044,computer,Desktop or Laptop,Windows 10,Chrome 88.0.4324.182,1280x1024,1263x913,,Hybrid 4: Bruno sequence instructions,7,8,No,END QUESTIONNAIRE,62467
1,1614168334023,24/02/2021 12:05:34,1614168331347,0,24/02/2021 12:05:31,31918,6,questionnaire-yhkg,,10323057,5e1b8b1f05e1513aef9dd093,3140934,,complete,,603640c175da8056ee77026d,computer,Desktop or Laptop,Windows 10,Chrome 88.0.4324.190,1280x720,1280x610,,Hybrid 4: Bruno sequence instructions,7,6,No,BEGIN QUESTIONNAIRE,
2,1614168387340,24/02/2021 12:06:27,1614168384009,0,24/02/2021 12:06:24,31918,6,questionnaire-yhkg,,10323057,5e1b8b1f05e1513aef9dd093,3140934,,complete,,603640c175da8056ee77026d,computer,Desktop or Laptop,Windows 10,Chrome 88.0.4324.190,1280x720,1263x610,,Hybrid 4: Bruno sequence instructions,7,6,No,END QUESTIONNAIRE,52662
1,1614168320399,24/02/2021 12:05:20,1614168320385,0,24/02/2021 12:05:20,31918,6,questionnaire-yhkg,,10323047,5ec13dba912dc23f39d3f4c6,3140930,,complete,,603640b06bf9480c47e2d18d,computer,Desktop or Laptop,Windows 10,Chrome 88.0.4324.182,1536x864,1536x722,,Hybrid 4: Bruno sequence instructions,7,4,No,BEGIN QUESTIONNAIRE,
2,1614168326028,24/02/2021 12:05:26,1614168326034,0,24/02/2021 12:05:26,31918,6,questionnaire-yhkg,,10323047,5ec13dba912dc23f39d3f4c6,3140930,,complete,,603640b06bf9480c47e2d18d,computer,Desktop or Laptop,Windows 10,Chrome 88.0.4324.182,1536x864,1519x722,,Hybrid 4: Bruno sequence instructions,7,4,No,END QUESTIONNAIRE,5649
1,1614168320225,24/02/2021 12:05:20,1614168319851,0,24/02/2021 12:05:19,31918,6,questionnaire-yhkg,,10323046,5e6a921b3ea57204b853bb21,3140933,,complete,,603640c32d9e216f4ec08401,computer,Desktop or Laptop,Ubuntu undefined,Firefox 85.0,1366x768,1294x667,,Hybrid 4: Bruno sequence instructions,7,10,No,BEGIN QUESTIONNAIRE,
2,1614168349841,24/02/2021 12:05:49,1614168349487,0,24/02/2021 12:05:49,31918,6,questionnaire-yhkg,,10323046,5e6a921b3ea57204b853bb21,3140933,,complete,,603640c32d9e216f4ec08401,computer,Desktop or Laptop,Ubuntu undefined,Firefox 85.0,1366x768,1282x667,,Hybrid 4: Bruno sequence instructions,7,10,No,END QUESTIONNAIRE,29636
1,1614168182124,24/02/2021 12:03:02,1614168180477,0,24/02/2021 12:03:00,31918,6,questionnaire-yhkg,,10322928,60358f36069759a81559481c,3140897,,complete,,60363fcda278dd079eae7a0e,computer,Desktop or Laptop,Windows 10,Chrome 87.0.4280.88,1200x800,1200x658,,Hybrid 4: Bruno sequence instructions,7,4,No,BEGIN QUESTIONNAIRE,
2,1614168271327,24/02/2021 12:04:31,1614168268199,0,24/02/2021 12:04:28,31918,6,questionnaire-yhkg,,10322928,60358f36069759a81559481c,3140897,,complete,,60363fcda278dd079eae7a0e,computer,Desktop or Laptop,Windows 10,Chrome 87.0.4280.88,1200x800,1183x658,,Hybrid 4: Bruno sequence instructions,7,4,No,END QUESTIONNAIRE,87722
1,1614168153040,24/02/2021 12:02:33,1614168152140,0,24/02/2021 12:02:32,31918,6,questionnaire-yhkg,,10322908,5cd54f9d15e03a0001c9ef58,3140863,,complete,,60363f50864ee063e4d00722,computer,Desktop or Laptop,Windows 10,Chrome 88.0.4324.182,1280x854,1280x743,,Hybrid 4: Bruno sequence instructions,7,6,No,BEGIN QUESTIONNAIRE,
2,1614168231440,24/02/2021 12:03:51,1614168230499,0,24/02/2021 12:03:50,31918,6,questionnaire-yhkg,,10322908,5cd54f9d15e03a0001c9ef58,3140863,,complete,,60363f50864ee063e4d00722,computer,Desktop or Laptop,Windows 10,Chrome 88.0.4324.182,1280x854,1263x743,,Hybrid 4: Bruno sequence instructions,7,6,No,END QUESTIONNAIRE,78359
1,1614168141251,24/02/2021 12:02:21,1614168141517,0,24/02/2021 12:02:21,31918,6,questionnaire-yhkg,,10322901,60355465b4276442217dba90,3140903,,complete,,60363fedb107c97e15eff2dc,computer,Desktop or Laptop,Mac OS 11.1.0,Chrome 88.0.4324.146,1280x800,1280x609,,Hybrid 4: Bruno sequence instructions,7,1,No,BEGIN QUESTIONNAIRE,
2,1614168173463,24/02/2021 12:02:53,1614168173753,0,24/02/2021 12:02:53,31918,6,questionnaire-yhkg,,10322901,60355465b4276442217dba90,3140903,,complete,,60363fedb107c97e15eff2dc,computer,Desktop or Laptop,Mac OS 11.1.0,Chrome 88.0.4324.146,1280x800,1265x609,,Hybrid 4: Bruno sequence instructions,7,1,No,END QUESTIONNAIRE,32236
1,1614168105492,24/02/2021 12:01:45,1614168114572,0,24/02/2021 12:01:54,31918,6,questionnaire-yhkg,,10322872,5d87d32884e59d001915195b,3140895,,complete,,60363fd83cd3c5c16e2ef32e,computer,Desktop or Laptop,Windows 10,Chrome 88.0.4324.182,1280x854,1280x743,,Hybrid 4: Bruno sequence instructions,7,2,No,BEGIN QUESTIONNAIRE,
2,1614168133966,24/02/2021 12:02:13,1614168142831,0,24/02/2021 12:02:22,31918,6,questionnaire-yhkg,,10322872,5d87d32884e59d001915195b,3140895,,complete,,60363fd83cd3c5c16e2ef32e,computer,Desktop or Laptop,Windows 10,Chrome 88.0.4324.182,1280x854,1263x743,,Hybrid 4: Bruno sequence instructions,7,2,No,END QUESTIONNAIRE,28259
1,1614168082789,24/02/2021 12:01:22,1614168082761,0,24/02/2021 12:01:22,31918,6,questionnaire-yhkg,,10322856,5f2aec347b4ac542bc5f34d6,3140891,,complete,,60363fc406fb343a68d5de44,computer,Desktop or Laptop,Windows 10,Chrome 88.0.4324.182,1920x1080,1920x880,,Hybrid 4: Bruno sequence instructions,7,9,No,BEGIN QUESTIONNAIRE,
2,1614168120824,24/02/2021 12:02:00,1614168120853,0,24/02/2021 12:02:00,31918,6,questionnaire-yhkg,,10322856,5f2aec347b4ac542bc5f34d6,3140891,,complete,,60363fc406fb343a68d5de44,computer,Desktop or Laptop,Windows 10,Chrome 88.0.4324.182,1920x1080,1903x880,,Hybrid 4: Bruno sequence instructions,7,9,No,END QUESTIONNAIRE,38092
1,1614168054124,24/02/2021 12:00:54,1614167975081,0,24/02/2021 11:59:35,31918,6,questionnaire-yhkg,,10322829,5fd216f8e88aab272f6845c5,3140883,,complete,,60363fb20e16e7ed2a331290,computer,Desktop or Laptop,Windows 10,Chrome 88.0.4324.182,1920x1080,1920x979,,Hybrid 4: Bruno sequence instructions,7,3,No,BEGIN QUESTIONNAIRE,
2,1614168128577,24/02/2021 12:02:08,1614168049546,0,24/02/2021 12:00:49,31918,6,questionnaire-yhkg,,10322829,5fd216f8e88aab272f6845c5,3140883,,complete,,60363fb20e16e7ed2a331290,computer,Desktop or Laptop,Windows 10,Chrome 88.0.4324.182,1920x1080,1920x979,,Hybrid 4: Bruno sequence instructions,7,3,No,END QUESTIONNAIRE,74465
1,1614168002202,24/02/2021 12:00:02,1614168002077,0,24/02/2021 12:00:02,31918,6,questionnaire-yhkg,,10322782,5e5c15d971e4603f3f7edc9a,3140872,,complete,,60363f694ea4b47ba9890fa7,computer,Desktop or Laptop,Windows 10,Chrome 88.0.4324.182,1920x1080,1309x561,,Hybrid 4: Bruno sequence instructions,7,7,No,BEGIN QUESTIONNAIRE,
2,1614168043886,24/02/2021 12:00:43,1614168043817,0,24/02/2021 12:00:43,31918,6,questionnaire-yhkg,,10322782,5e5c15d971e4603f3f7edc9a,3140872,,complete,,60363f694ea4b47ba9890fa7,computer,Desktop or Laptop,Windows 10,Chrome 88.0.4324.182,1920x1080,1292x561,,Hybrid 4: Bruno sequence instructions,7,7,No,END QUESTIONNAIRE,41740
1,1614167924394,24/02/2021 11:58:44,1614167927220,0,24/02/2021 11:58:47,31918,6,questionnaire-yhkg,,10322723,5e27002289cda1000abb3499,3140858,,complete,,60363f4abdecc402eef7234f,computer,Desktop or Laptop,Windows 10,Chrome 88.0.4324.190,1920x1080,1920x937,,Hybrid 4: Bruno sequence instructions,7,2,No,BEGIN QUESTIONNAIRE,
2,1614167930449,24/02/2021 11:58:50,1614167933291,0,24/02/2021 11:58:53,31918,6,questionnaire-yhkg,,10322723,5e27002289cda1000abb3499,3140858,,complete,,60363f4abdecc402eef7234f,computer,Desktop or Laptop,Windows 10,Chrome 88.0.4324.190,1920x1080,1920x937,,Hybrid 4: Bruno sequence instructions,7,2,No,END QUESTIONNAIRE,6071
1,1614167915244,24/02/2021 11:58:35,1614167914778,0,24/02/2021 11:58:34,31918,6,questionnaire-yhkg,,10322717,571a9e5c838a4e000ab188e6,3140846,,complete,,60363f0978447e0dfd735836,computer,Desktop or Laptop,Windows 10,Chrome 88.0.4324.182,1012x569,960x499,,Hybrid 4: Bruno sequence instructions,7,2,No,BEGIN QUESTIONNAIRE,
2,1614167982829,24/02/2021 11:59:42,1614167982401,0,24/02/2021 11:59:42,31918,6,questionnaire-yhkg,,10322717,571a9e5c838a4e000ab188e6,3140846,,complete,,60363f0978447e0dfd735836,computer,Desktop or Laptop,Windows 10,Chrome 88.0.4324.182,1012x569,944x499,,Hybrid 4: Bruno sequence instructions,7,2,No,END QUESTIONNAIRE,67623
1,1614167847869,24/02/2021 11:57:27,1614167847778,0,24/02/2021 11:57:27,31918,6,questionnaire-yhkg,,10322665,5eba7856e0fc4f1c8beec101,3140819,,complete,,60363ec2858676959b9271a5,computer,Desktop or Laptop,Windows 10,Edge 88.0.705.74,1536x864,1536x754,,Hybrid 4: Bruno sequence instructions,7,8,No,BEGIN QUESTIONNAIRE,
2,1614167960515,24/02/2021 11:59:20,1614167960450,0,24/02/2021 11:59:20,31918,6,questionnaire-yhkg,,10322665,5eba7856e0fc4f1c8beec101,3140819,,complete,,60363ec2858676959b9271a5,computer,Desktop or Laptop,Windows 10,Edge 88.0.705.74,1536x864,1519x754,,Hybrid 4: Bruno sequence instructions,7,8,No,END QUESTIONNAIRE,112672
1,1614167717336,24/02/2021 11:55:17,1614167717159,0,24/02/2021 11:55:17,31918,6,questionnaire-yhkg,,10322567,5d25839b03c35f001800f7ca,3140806,,complete,,60363e81c96865741b00e0d1,computer,Desktop or Laptop,Mac OS 10.15.6,Safari 14.0,1920x1080,1423x695,,Hybrid 4: Bruno sequence instructions,7,8,No,BEGIN QUESTIONNAIRE,
2,1614167720467,24/02/2021 11:55:20,1614167720392,0,24/02/2021 11:55:20,31918,6,questionnaire-yhkg,,10322567,5d25839b03c35f001800f7ca,3140806,,complete,,60363e81c96865741b00e0d1,computer,Desktop or Laptop,Mac OS 10.15.6,Safari 14.0,1920x1080,1423x695,,Hybrid 4: Bruno sequence instructions,7,8,No,END QUESTIONNAIRE,3233
1,1614167707672,24/02/2021 11:55:07,1614167706754,0,24/02/2021 11:55:06,31918,6,questionnaire-yhkg,,10322564,58adb002ea3d11000170eaee,3140788,,complete,,60363ddcc6f19f15e80c3d57,computer,Desktop or Laptop,Windows 10,Chrome 88.0.4324.150,1366x768,683x329,,Hybrid 4: Bruno sequence instructions,7,9,No,BEGIN QUESTIONNAIRE,
2,1614167759050,24/02/2021 11:55:59,1614167758185,0,24/02/2021 11:55:58,31918,6,questionnaire-yhkg,,10322564,58adb002ea3d11000170eaee,3140788,,complete,,60363ddcc6f19f15e80c3d57,computer,Desktop or Laptop,Windows 10,Chrome 88.0.4324.150,1366x768,675x329,,Hybrid 4: Bruno sequence instructions,7,9,No,END QUESTIONNAIRE,51431
1,1614167679941,24/02/2021 11:54:39,1614167679855,0,24/02/2021 11:54:39,31918,6,questionnaire-yhkg,,10322546,5f5c2d9b46d1424182a5736f,3140799,,complete,,60363e4669a9549660d080b2,computer,Desktop or Laptop,Mac OS 10.15.7,Chrome 88.0.4324.150,1440x900,1440x789,,Hybrid 4: Bruno sequence instructions,7,5,No,BEGIN QUESTIONNAIRE,
2,1614167689058,24/02/2021 11:54:49,1614167689007,0,24/02/2021 11:54:49,31918,6,questionnaire-yhkg,,10322546,5f5c2d9b46d1424182a5736f,3140799,,complete,,60363e4669a9549660d080b2,computer,Desktop or Laptop,Mac OS 10.15.7,Chrome 88.0.4324.150,1440x900,1440x789,,Hybrid 4: Bruno sequence instructions,7,5,No,END QUESTIONNAIRE,9153
1,1614167677225,24/02/2021 11:54:37,1614167676543,0,24/02/2021 11:54:36,31918,6,questionnaire-yhkg,,10322543,5cc7650d4bb96d00018a95fd,3140797,,complete,,60363e3957ac64ec39b9abf1,computer,Desktop or Laptop,Windows 10,Chrome 88.0.4324.150,1366x768,1366x695,,Hybrid 4: Bruno sequence instructions,7,3,No,BEGIN QUESTIONNAIRE,
2,1614167750395,24/02/2021 11:55:50,1614167749593,0,24/02/2021 11:55:49,31918,6,questionnaire-yhkg,,10322543,5cc7650d4bb96d00018a95fd,3140797,,complete,,60363e3957ac64ec39b9abf1,computer,Desktop or Laptop,Windows 10,Chrome 88.0.4324.150,1366x768,1349x695,,Hybrid 4: Bruno sequence instructions,7,3,No,END QUESTIONNAIRE,73050
1,1614167561036,24/02/2021 11:52:41,1614167562202,0,24/02/2021 11:52:42,31918,6,questionnaire-yhkg,,10322469,5f32bb8f930a0e03028d5d80,3140766,,complete,,60363d73c6c5eaf710844607,computer,Desktop or Laptop,Windows 8.1,Firefox 85.0,1366x768,1366x654,,Hybrid 4: Bruno sequence instructions,7,5,No,BEGIN QUESTIONNAIRE,
2,1614167607582,24/02/2021 11:53:27,1614167608779,0,24/02/2021 11:53:28,31918,6,questionnaire-yhkg,,10322469,5f32bb8f930a0e03028d5d80,3140766,,complete,,60363d73c6c5eaf710844607,computer,Desktop or Laptop,Windows 8.1,Firefox 85.0,1366x768,1349x654,,Hybrid 4: Bruno sequence instructions,7,5,No,END QUESTIONNAIRE,46577
1,1614167521419,24/02/2021 11:52:01,1614167521279,0,24/02/2021 11:52:01,31918,6,questionnaire-yhkg,,10322442,5f678ef073bbcf3a7a52b59d,3140767,,complete,,60363db4b8bdfb91d0b07230,computer,Desktop or Laptop,Windows 10,Firefox 85.0,1920x1200,1920x1086,,Hybrid 4: Bruno sequence instructions,7,8,No,BEGIN QUESTIONNAIRE,
2,1614167553010,24/02/2021 11:52:33,1614167552878,0,24/02/2021 11:52:32,31918,6,questionnaire-yhkg,,10322442,5f678ef073bbcf3a7a52b59d,3140767,,complete,,60363db4b8bdfb91d0b07230,computer,Desktop or Laptop,Windows 10,Firefox 85.0,1920x1200,1920x1086,,Hybrid 4: Bruno sequence instructions,7,8,No,END QUESTIONNAIRE,31599
END OF FILE
